{"type":"FeatureCollection","asof":"2026-09-09","cell_m":100,"cells":776,"candidates":1918,"note":"공개 모드 — AI 후보 1,918동을 100m 격자 개수로만 집계(BR-P1)","features":[{"type":"Feature","properties":{"n":8,"A":1,"B":7},"geometry":{"type":"Polygon","coordinates":[[[126.963295,37.37244],[126.964425,37.37244],[126.964425,37.373338],[126.963295,37.373338],[126.963295,37.37244]]]}},{"type":"Feature","properties":{"n":2,"A":1,"B":1},"geometry":{"type":"Polygon","coordinates":[[[126.932768,37.384118],[126.933898,37.384118],[126.933898,37.385016],[126.932768,37.385016],[126.932768,37.384118]]]}},{"type":"Feature","properties":{"n":1,"A":1,"B":0},"geometry":{"type":"Polygon","coordinates":[[[126.971209,37.404779],[126.97234,37.404779],[126.97234,37.405677],[126.971209,37.405677],[126.971209,37.404779]]]}},{"type":"Feature","properties":{"n":3,"A":3,"B":0},"geometry":{"type":"Polygon","coordinates":[[[126.977993,37.399389],[126.979124,37.399389],[126.979124,37.400287],[126.977993,37.400287],[126.977993,37.399389]]]}},{"type":"Feature","properties":{"n":4,"A":1,"B":3},"geometry":{"type":"Polygon","coordinates":[[[126.903371,37.400287],[126.904502,37.400287],[126.904502,37.401186],[126.903371,37.401186],[126.903371,37.400287]]]}},{"type":"Feature","properties":{"n":4,"A":1,"B":3},"geometry":{"type":"Polygon","coordinates":[[[126.930506,37.386813],[126.931637,37.386813],[126.931637,37.387711],[126.930506,37.387711],[126.930506,37.386813]]]}},{"type":"Feature","properties":{"n":1,"A":1,"B":0},"geometry":{"type":"Polygon","coordinates":[[[126.920331,37.398491],[126.921461,37.398491],[126.921461,37.399389],[126.920331,37.399389],[126.920331,37.398491]]]}},{"type":"Feature","properties":{"n":3,"A":3,"B":0},"geometry":{"type":"Polygon","coordinates":[[[126.95425,37.391304],[126.95538,37.391304],[126.95538,37.392203],[126.95425,37.392203],[126.95425,37.391304]]]}},{"type":"Feature","properties":{"n":3,"A":3,"B":0},"geometry":{"type":"Polygon","coordinates":[[[126.925984,37.419152],[126.927114,37.419152],[126.927114,37.42005],[126.925984,37.42005],[126.925984,37.419152]]]}},{"type":"Feature","properties":{"n":1,"A":0,"B":1},"geometry":{"type":"Polygon","coordinates":[[[126.929376,37.388609],[126.930506,37.388609],[126.930506,37.389508],[126.929376,37.389508],[126.929376,37.388609]]]}},{"type":"Feature","properties":{"n":6,"A":1,"B":5},"geometry":{"type":"Polygon","coordinates":[[[126.968948,37.406576],[126.970079,37.406576],[126.970079,37.407474],[126.968948,37.407474],[126.968948,37.406576]]]}},{"type":"Feature","properties":{"n":4,"A":2,"B":2},"geometry":{"type":"Polygon","coordinates":[[[126.921461,37.418254],[126.922592,37.418254],[126.922592,37.419152],[126.921461,37.419152],[126.921461,37.418254]]]}},{"type":"Feature","properties":{"n":1,"A":0,"B":1},"geometry":{"type":"Polygon","coordinates":[[[126.914678,37.426338],[126.915808,37.426338],[126.915808,37.427237],[126.914678,37.427237],[126.914678,37.426338]]]}},{"type":"Feature","properties":{"n":10,"A":9,"B":1},"geometry":{"type":"Polygon","coordinates":[[[126.949727,37.403881],[126.950858,37.403881],[126.950858,37.404779],[126.949727,37.404779],[126.949727,37.403881]]]}},{"type":"Feature","properties":{"n":1,"A":1,"B":0},"geometry":{"type":"Polygon","coordinates":[[[126.930506,37.417355],[126.931637,37.417355],[126.931637,37.418254],[126.930506,37.418254],[126.930506,37.417355]]]}},{"type":"Feature","properties":{"n":3,"A":3,"B":0},"geometry":{"type":"Polygon","coordinates":[[[126.933898,37.384118],[126.935029,37.384118],[126.935029,37.385016],[126.933898,37.385016],[126.933898,37.384118]]]}},{"type":"Feature","properties":{"n":6,"A":5,"B":1},"geometry":{"type":"Polygon","coordinates":[[[126.95538,37.402982],[126.956511,37.402982],[126.956511,37.403881],[126.95538,37.403881],[126.95538,37.402982]]]}},{"type":"Feature","properties":{"n":1,"A":0,"B":1},"geometry":{"type":"Polygon","coordinates":[[[126.95538,37.384118],[126.956511,37.384118],[126.956511,37.385016],[126.95538,37.385016],[126.95538,37.384118]]]}},{"type":"Feature","properties":{"n":3,"A":2,"B":1},"geometry":{"type":"Polygon","coordinates":[[[126.963295,37.38322],[126.964425,37.38322],[126.964425,37.384118],[126.963295,37.384118],[126.963295,37.38322]]]}},{"type":"Feature","properties":{"n":6,"A":3,"B":3},"geometry":{"type":"Polygon","coordinates":[[[126.916939,37.399389],[126.918069,37.399389],[126.918069,37.400287],[126.916939,37.400287],[126.916939,37.399389]]]}},{"type":"Feature","properties":{"n":6,"A":2,"B":4},"geometry":{"type":"Polygon","coordinates":[[[126.933898,37.390406],[126.935029,37.390406],[126.935029,37.391304],[126.933898,37.391304],[126.933898,37.390406]]]}},{"type":"Feature","properties":{"n":9,"A":2,"B":7},"geometry":{"type":"Polygon","coordinates":[[[126.918069,37.394898],[126.9192,37.394898],[126.9192,37.395796],[126.918069,37.395796],[126.918069,37.394898]]]}},{"type":"Feature","properties":{"n":1,"A":1,"B":0},"geometry":{"type":"Polygon","coordinates":[[[126.907894,37.417355],[126.909024,37.417355],[126.909024,37.418254],[126.907894,37.418254],[126.907894,37.417355]]]}},{"type":"Feature","properties":{"n":6,"A":5,"B":1},"geometry":{"type":"Polygon","coordinates":[[[126.915808,37.401186],[126.916939,37.401186],[126.916939,37.402084],[126.915808,37.402084],[126.915808,37.401186]]]}},{"type":"Feature","properties":{"n":5,"A":2,"B":3},"geometry":{"type":"Polygon","coordinates":[[[126.932768,37.385016],[126.933898,37.385016],[126.933898,37.385914],[126.932768,37.385914],[126.932768,37.385016]]]}},{"type":"Feature","properties":{"n":1,"A":0,"B":1},"geometry":{"type":"Polygon","coordinates":[[[126.909024,37.413762],[126.910155,37.413762],[126.910155,37.41466],[126.909024,37.41466],[126.909024,37.413762]]]}},{"type":"Feature","properties":{"n":4,"A":1,"B":3},"geometry":{"type":"Polygon","coordinates":[[[126.923723,37.393999],[126.924853,37.393999],[126.924853,37.394898],[126.923723,37.394898],[126.923723,37.393999]]]}},{"type":"Feature","properties":{"n":3,"A":2,"B":1},"geometry":{"type":"Polygon","coordinates":[[[126.921461,37.393999],[126.922592,37.393999],[126.922592,37.394898],[126.921461,37.394898],[126.921461,37.393999]]]}},{"type":"Feature","properties":{"n":5,"A":5,"B":0},"geometry":{"type":"Polygon","coordinates":[[[126.976862,37.398491],[126.977993,37.398491],[126.977993,37.399389],[126.976862,37.399389],[126.976862,37.398491]]]}},{"type":"Feature","properties":{"n":2,"A":1,"B":1},"geometry":{"type":"Polygon","coordinates":[[[126.920331,37.402084],[126.921461,37.402084],[126.921461,37.402982],[126.920331,37.402982],[126.920331,37.402084]]]}},{"type":"Feature","properties":{"n":4,"A":0,"B":4},"geometry":{"type":"Polygon","coordinates":[[[126.9192,37.402982],[126.920331,37.402982],[126.920331,37.403881],[126.9192,37.403881],[126.9192,37.402982]]]}},{"type":"Feature","properties":{"n":14,"A":10,"B":4},"geometry":{"type":"Polygon","coordinates":[[[126.918069,37.400287],[126.9192,37.400287],[126.9192,37.401186],[126.918069,37.401186],[126.918069,37.400287]]]}},{"type":"Feature","properties":{"n":6,"A":5,"B":1},"geometry":{"type":"Polygon","coordinates":[[[126.913547,37.402982],[126.914678,37.402982],[126.914678,37.403881],[126.913547,37.403881],[126.913547,37.402982]]]}},{"type":"Feature","properties":{"n":3,"A":0,"B":3},"geometry":{"type":"Polygon","coordinates":[[[126.97234,37.396694],[126.97347,37.396694],[126.97347,37.397593],[126.97234,37.397593],[126.97234,37.396694]]]}},{"type":"Feature","properties":{"n":2,"A":0,"B":2},"geometry":{"type":"Polygon","coordinates":[[[126.912416,37.400287],[126.913547,37.400287],[126.913547,37.401186],[126.912416,37.401186],[126.912416,37.400287]]]}},{"type":"Feature","properties":{"n":5,"A":3,"B":2},"geometry":{"type":"Polygon","coordinates":[[[126.9192,37.401186],[126.920331,37.401186],[126.920331,37.402084],[126.9192,37.402084],[126.9192,37.401186]]]}},{"type":"Feature","properties":{"n":5,"A":2,"B":3},"geometry":{"type":"Polygon","coordinates":[[[126.9192,37.398491],[126.920331,37.398491],[126.920331,37.399389],[126.9192,37.399389],[126.9192,37.398491]]]}},{"type":"Feature","properties":{"n":8,"A":6,"B":2},"geometry":{"type":"Polygon","coordinates":[[[126.907894,37.411966],[126.909024,37.411966],[126.909024,37.412864],[126.907894,37.412864],[126.907894,37.411966]]]}},{"type":"Feature","properties":{"n":2,"A":2,"B":0},"geometry":{"type":"Polygon","coordinates":[[[126.914678,37.403881],[126.915808,37.403881],[126.915808,37.404779],[126.914678,37.404779],[126.914678,37.403881]]]}},{"type":"Feature","properties":{"n":5,"A":4,"B":1},"geometry":{"type":"Polygon","coordinates":[[[126.910155,37.405677],[126.911286,37.405677],[126.911286,37.406576],[126.910155,37.406576],[126.910155,37.405677]]]}},{"type":"Feature","properties":{"n":3,"A":2,"B":1},"geometry":{"type":"Polygon","coordinates":[[[126.910155,37.413762],[126.911286,37.413762],[126.911286,37.41466],[126.910155,37.41466],[126.910155,37.413762]]]}},{"type":"Feature","properties":{"n":3,"A":1,"B":2},"geometry":{"type":"Polygon","coordinates":[[[126.910155,37.409271],[126.911286,37.409271],[126.911286,37.410169],[126.910155,37.410169],[126.910155,37.409271]]]}},{"type":"Feature","properties":{"n":2,"A":0,"B":2},"geometry":{"type":"Polygon","coordinates":[[[126.923723,37.392203],[126.924853,37.392203],[126.924853,37.393101],[126.923723,37.393101],[126.923723,37.392203]]]}},{"type":"Feature","properties":{"n":5,"A":2,"B":3},"geometry":{"type":"Polygon","coordinates":[[[126.928245,37.385914],[126.929376,37.385914],[126.929376,37.386813],[126.928245,37.386813],[126.928245,37.385914]]]}},{"type":"Feature","properties":{"n":2,"A":1,"B":1},"geometry":{"type":"Polygon","coordinates":[[[126.920331,37.393999],[126.921461,37.393999],[126.921461,37.394898],[126.920331,37.394898],[126.920331,37.393999]]]}},{"type":"Feature","properties":{"n":15,"A":13,"B":2},"geometry":{"type":"Polygon","coordinates":[[[126.913547,37.401186],[126.914678,37.401186],[126.914678,37.402084],[126.913547,37.402084],[126.913547,37.401186]]]}},{"type":"Feature","properties":{"n":6,"A":3,"B":3},"geometry":{"type":"Polygon","coordinates":[[[126.9192,37.395796],[126.920331,37.395796],[126.920331,37.396694],[126.9192,37.396694],[126.9192,37.395796]]]}},{"type":"Feature","properties":{"n":5,"A":2,"B":3},"geometry":{"type":"Polygon","coordinates":[[[126.910155,37.403881],[126.911286,37.403881],[126.911286,37.404779],[126.910155,37.404779],[126.910155,37.403881]]]}},{"type":"Feature","properties":{"n":3,"A":1,"B":2},"geometry":{"type":"Polygon","coordinates":[[[126.951988,37.378728],[126.953119,37.378728],[126.953119,37.379626],[126.951988,37.379626],[126.951988,37.378728]]]}},{"type":"Feature","properties":{"n":2,"A":1,"B":1},"geometry":{"type":"Polygon","coordinates":[[[126.912416,37.404779],[126.913547,37.404779],[126.913547,37.405677],[126.912416,37.405677],[126.912416,37.404779]]]}},{"type":"Feature","properties":{"n":1,"A":0,"B":1},"geometry":{"type":"Polygon","coordinates":[[[126.896587,37.404779],[126.897718,37.404779],[126.897718,37.405677],[126.896587,37.405677],[126.896587,37.404779]]]}},{"type":"Feature","properties":{"n":3,"A":1,"B":2},"geometry":{"type":"Polygon","coordinates":[[[126.910155,37.401186],[126.911286,37.401186],[126.911286,37.402084],[126.910155,37.402084],[126.910155,37.401186]]]}},{"type":"Feature","properties":{"n":2,"A":1,"B":1},"geometry":{"type":"Polygon","coordinates":[[[126.912416,37.411067],[126.913547,37.411067],[126.913547,37.411966],[126.912416,37.411966],[126.912416,37.411067]]]}},{"type":"Feature","properties":{"n":5,"A":2,"B":3},"geometry":{"type":"Polygon","coordinates":[[[126.914678,37.406576],[126.915808,37.406576],[126.915808,37.407474],[126.914678,37.407474],[126.914678,37.406576]]]}},{"type":"Feature","properties":{"n":3,"A":2,"B":1},"geometry":{"type":"Polygon","coordinates":[[[126.930506,37.418254],[126.931637,37.418254],[126.931637,37.419152],[126.930506,37.419152],[126.930506,37.418254]]]}},{"type":"Feature","properties":{"n":2,"A":0,"B":2},"geometry":{"type":"Polygon","coordinates":[[[126.95425,37.401186],[126.95538,37.401186],[126.95538,37.402084],[126.95425,37.402084],[126.95425,37.401186]]]}},{"type":"Feature","properties":{"n":4,"A":0,"B":4},"geometry":{"type":"Polygon","coordinates":[[[126.933898,37.386813],[126.935029,37.386813],[126.935029,37.387711],[126.933898,37.387711],[126.933898,37.386813]]]}},{"type":"Feature","properties":{"n":2,"A":1,"B":1},"geometry":{"type":"Polygon","coordinates":[[[126.929376,37.382321],[126.930506,37.382321],[126.930506,37.38322],[126.929376,37.38322],[126.929376,37.382321]]]}},{"type":"Feature","properties":{"n":4,"A":3,"B":1},"geometry":{"type":"Polygon","coordinates":[[[126.928245,37.391304],[126.929376,37.391304],[126.929376,37.392203],[126.928245,37.392203],[126.928245,37.391304]]]}},{"type":"Feature","properties":{"n":11,"A":5,"B":6},"geometry":{"type":"Polygon","coordinates":[[[126.912416,37.402084],[126.913547,37.402084],[126.913547,37.402982],[126.912416,37.402982],[126.912416,37.402084]]]}},{"type":"Feature","properties":{"n":17,"A":12,"B":5},"geometry":{"type":"Polygon","coordinates":[[[126.916939,37.400287],[126.918069,37.400287],[126.918069,37.401186],[126.916939,37.401186],[126.916939,37.400287]]]}},{"type":"Feature","properties":{"n":3,"A":1,"B":2},"geometry":{"type":"Polygon","coordinates":[[[126.95538,37.404779],[126.956511,37.404779],[126.956511,37.405677],[126.95538,37.405677],[126.95538,37.404779]]]}},{"type":"Feature","properties":{"n":5,"A":3,"B":2},"geometry":{"type":"Polygon","coordinates":[[[126.905632,37.411966],[126.906763,37.411966],[126.906763,37.412864],[126.905632,37.412864],[126.905632,37.411966]]]}},{"type":"Feature","properties":{"n":3,"A":2,"B":1},"geometry":{"type":"Polygon","coordinates":[[[126.911286,37.402982],[126.912416,37.402982],[126.912416,37.403881],[126.911286,37.403881],[126.911286,37.402982]]]}},{"type":"Feature","properties":{"n":4,"A":2,"B":2},"geometry":{"type":"Polygon","coordinates":[[[126.928245,37.38322],[126.929376,37.38322],[126.929376,37.384118],[126.928245,37.384118],[126.928245,37.38322]]]}},{"type":"Feature","properties":{"n":4,"A":2,"B":2},"geometry":{"type":"Polygon","coordinates":[[[126.911286,37.407474],[126.912416,37.407474],[126.912416,37.408372],[126.911286,37.408372],[126.911286,37.407474]]]}},{"type":"Feature","properties":{"n":7,"A":5,"B":2},"geometry":{"type":"Polygon","coordinates":[[[126.906763,37.411966],[126.907894,37.411966],[126.907894,37.412864],[126.906763,37.412864],[126.906763,37.411966]]]}},{"type":"Feature","properties":{"n":2,"A":1,"B":1},"geometry":{"type":"Polygon","coordinates":[[[126.967817,37.402982],[126.968948,37.402982],[126.968948,37.403881],[126.967817,37.403881],[126.967817,37.402982]]]}},{"type":"Feature","properties":{"n":3,"A":2,"B":1},"geometry":{"type":"Polygon","coordinates":[[[126.909024,37.410169],[126.910155,37.410169],[126.910155,37.411067],[126.909024,37.411067],[126.909024,37.410169]]]}},{"type":"Feature","properties":{"n":7,"A":6,"B":1},"geometry":{"type":"Polygon","coordinates":[[[126.909024,37.402982],[126.910155,37.402982],[126.910155,37.403881],[126.909024,37.403881],[126.909024,37.402982]]]}},{"type":"Feature","properties":{"n":1,"A":0,"B":1},"geometry":{"type":"Polygon","coordinates":[[[126.931637,37.385914],[126.932768,37.385914],[126.932768,37.386813],[126.931637,37.386813],[126.931637,37.385914]]]}},{"type":"Feature","properties":{"n":3,"A":3,"B":0},"geometry":{"type":"Polygon","coordinates":[[[126.933898,37.391304],[126.935029,37.391304],[126.935029,37.392203],[126.933898,37.392203],[126.933898,37.391304]]]}},{"type":"Feature","properties":{"n":2,"A":2,"B":0},"geometry":{"type":"Polygon","coordinates":[[[126.935029,37.380525],[126.93616,37.380525],[126.93616,37.381423],[126.935029,37.381423],[126.935029,37.380525]]]}},{"type":"Feature","properties":{"n":3,"A":2,"B":1},"geometry":{"type":"Polygon","coordinates":[[[126.922592,37.418254],[126.923723,37.418254],[126.923723,37.419152],[126.922592,37.419152],[126.922592,37.418254]]]}},{"type":"Feature","properties":{"n":1,"A":0,"B":1},"geometry":{"type":"Polygon","coordinates":[[[126.915808,37.407474],[126.916939,37.407474],[126.916939,37.408372],[126.915808,37.408372],[126.915808,37.407474]]]}},{"type":"Feature","properties":{"n":2,"A":2,"B":0},"geometry":{"type":"Polygon","coordinates":[[[126.907894,37.402982],[126.909024,37.402982],[126.909024,37.403881],[126.907894,37.403881],[126.907894,37.402982]]]}},{"type":"Feature","properties":{"n":7,"A":3,"B":4},"geometry":{"type":"Polygon","coordinates":[[[126.907894,37.403881],[126.909024,37.403881],[126.909024,37.404779],[126.907894,37.404779],[126.907894,37.403881]]]}},{"type":"Feature","properties":{"n":3,"A":2,"B":1},"geometry":{"type":"Polygon","coordinates":[[[126.913547,37.399389],[126.914678,37.399389],[126.914678,37.400287],[126.913547,37.400287],[126.913547,37.399389]]]}},{"type":"Feature","properties":{"n":1,"A":0,"B":1},"geometry":{"type":"Polygon","coordinates":[[[126.918069,37.395796],[126.9192,37.395796],[126.9192,37.396694],[126.918069,37.396694],[126.918069,37.395796]]]}},{"type":"Feature","properties":{"n":4,"A":4,"B":0},"geometry":{"type":"Polygon","coordinates":[[[126.914678,37.405677],[126.915808,37.405677],[126.915808,37.406576],[126.914678,37.406576],[126.914678,37.405677]]]}},{"type":"Feature","properties":{"n":3,"A":0,"B":3},"geometry":{"type":"Polygon","coordinates":[[[126.914678,37.404779],[126.915808,37.404779],[126.915808,37.405677],[126.914678,37.405677],[126.914678,37.404779]]]}},{"type":"Feature","properties":{"n":6,"A":2,"B":4},"geometry":{"type":"Polygon","coordinates":[[[126.921461,37.398491],[126.922592,37.398491],[126.922592,37.399389],[126.921461,37.399389],[126.921461,37.398491]]]}},{"type":"Feature","properties":{"n":3,"A":0,"B":3},"geometry":{"type":"Polygon","coordinates":[[[126.915808,37.403881],[126.916939,37.403881],[126.916939,37.404779],[126.915808,37.404779],[126.915808,37.403881]]]}},{"type":"Feature","properties":{"n":1,"A":1,"B":0},"geometry":{"type":"Polygon","coordinates":[[[126.932768,37.418254],[126.933898,37.418254],[126.933898,37.419152],[126.932768,37.419152],[126.932768,37.418254]]]}},{"type":"Feature","properties":{"n":1,"A":0,"B":1},"geometry":{"type":"Polygon","coordinates":[[[126.923723,37.388609],[126.924853,37.388609],[126.924853,37.389508],[126.923723,37.389508],[126.923723,37.388609]]]}},{"type":"Feature","properties":{"n":3,"A":2,"B":1},"geometry":{"type":"Polygon","coordinates":[[[126.923723,37.398491],[126.924853,37.398491],[126.924853,37.399389],[126.923723,37.399389],[126.923723,37.398491]]]}},{"type":"Feature","properties":{"n":8,"A":6,"B":2},"geometry":{"type":"Polygon","coordinates":[[[126.896587,37.406576],[126.897718,37.406576],[126.897718,37.407474],[126.896587,37.407474],[126.896587,37.406576]]]}},{"type":"Feature","properties":{"n":3,"A":1,"B":2},"geometry":{"type":"Polygon","coordinates":[[[126.912416,37.397593],[126.913547,37.397593],[126.913547,37.398491],[126.912416,37.398491],[126.912416,37.397593]]]}},{"type":"Feature","properties":{"n":6,"A":4,"B":2},"geometry":{"type":"Polygon","coordinates":[[[126.921461,37.400287],[126.922592,37.400287],[126.922592,37.401186],[126.921461,37.401186],[126.921461,37.400287]]]}},{"type":"Feature","properties":{"n":10,"A":7,"B":3},"geometry":{"type":"Polygon","coordinates":[[[126.961033,37.382321],[126.962164,37.382321],[126.962164,37.38322],[126.961033,37.38322],[126.961033,37.382321]]]}},{"type":"Feature","properties":{"n":3,"A":0,"B":3},"geometry":{"type":"Polygon","coordinates":[[[126.916939,37.402982],[126.918069,37.402982],[126.918069,37.403881],[126.916939,37.403881],[126.916939,37.402982]]]}},{"type":"Feature","properties":{"n":3,"A":1,"B":2},"geometry":{"type":"Polygon","coordinates":[[[126.915808,37.404779],[126.916939,37.404779],[126.916939,37.405677],[126.915808,37.405677],[126.915808,37.404779]]]}},{"type":"Feature","properties":{"n":4,"A":2,"B":2},"geometry":{"type":"Polygon","coordinates":[[[126.921461,37.419152],[126.922592,37.419152],[126.922592,37.42005],[126.921461,37.42005],[126.921461,37.419152]]]}},{"type":"Feature","properties":{"n":1,"A":0,"B":1},"geometry":{"type":"Polygon","coordinates":[[[126.909024,37.412864],[126.910155,37.412864],[126.910155,37.413762],[126.909024,37.413762],[126.909024,37.412864]]]}},{"type":"Feature","properties":{"n":5,"A":3,"B":2},"geometry":{"type":"Polygon","coordinates":[[[126.913547,37.400287],[126.914678,37.400287],[126.914678,37.401186],[126.913547,37.401186],[126.913547,37.400287]]]}},{"type":"Feature","properties":{"n":2,"A":1,"B":1},"geometry":{"type":"Polygon","coordinates":[[[126.913547,37.392203],[126.914678,37.392203],[126.914678,37.393101],[126.913547,37.393101],[126.913547,37.392203]]]}},{"type":"Feature","properties":{"n":8,"A":6,"B":2},"geometry":{"type":"Polygon","coordinates":[[[126.909024,37.403881],[126.910155,37.403881],[126.910155,37.404779],[126.909024,37.404779],[126.909024,37.403881]]]}},{"type":"Feature","properties":{"n":4,"A":2,"B":2},"geometry":{"type":"Polygon","coordinates":[[[126.935029,37.379626],[126.93616,37.379626],[126.93616,37.380525],[126.935029,37.380525],[126.935029,37.379626]]]}},{"type":"Feature","properties":{"n":7,"A":5,"B":2},"geometry":{"type":"Polygon","coordinates":[[[126.933898,37.388609],[126.935029,37.388609],[126.935029,37.389508],[126.933898,37.389508],[126.933898,37.388609]]]}},{"type":"Feature","properties":{"n":2,"A":1,"B":1},"geometry":{"type":"Polygon","coordinates":[[[126.970079,37.403881],[126.971209,37.403881],[126.971209,37.404779],[126.970079,37.404779],[126.970079,37.403881]]]}},{"type":"Feature","properties":{"n":3,"A":3,"B":0},"geometry":{"type":"Polygon","coordinates":[[[126.929376,37.419152],[126.930506,37.419152],[126.930506,37.42005],[126.929376,37.42005],[126.929376,37.419152]]]}},{"type":"Feature","properties":{"n":1,"A":0,"B":1},"geometry":{"type":"Polygon","coordinates":[[[126.909024,37.415559],[126.910155,37.415559],[126.910155,37.416457],[126.909024,37.416457],[126.909024,37.415559]]]}},{"type":"Feature","properties":{"n":3,"A":2,"B":1},"geometry":{"type":"Polygon","coordinates":[[[126.916939,37.396694],[126.918069,37.396694],[126.918069,37.397593],[126.916939,37.397593],[126.916939,37.396694]]]}},{"type":"Feature","properties":{"n":1,"A":1,"B":0},"geometry":{"type":"Polygon","coordinates":[[[126.935029,37.386813],[126.93616,37.386813],[126.93616,37.387711],[126.935029,37.387711],[126.935029,37.386813]]]}},{"type":"Feature","properties":{"n":3,"A":2,"B":1},"geometry":{"type":"Polygon","coordinates":[[[126.963295,37.402084],[126.964425,37.402084],[126.964425,37.402982],[126.963295,37.402982],[126.963295,37.402084]]]}},{"type":"Feature","properties":{"n":7,"A":2,"B":5},"geometry":{"type":"Polygon","coordinates":[[[126.922592,37.398491],[126.923723,37.398491],[126.923723,37.399389],[126.922592,37.399389],[126.922592,37.398491]]]}},{"type":"Feature","properties":{"n":2,"A":0,"B":2},"geometry":{"type":"Polygon","coordinates":[[[126.921461,37.392203],[126.922592,37.392203],[126.922592,37.393101],[126.921461,37.393101],[126.921461,37.392203]]]}},{"type":"Feature","properties":{"n":5,"A":2,"B":3},"geometry":{"type":"Polygon","coordinates":[[[126.959903,37.402982],[126.961033,37.402982],[126.961033,37.403881],[126.959903,37.403881],[126.959903,37.402982]]]}},{"type":"Feature","properties":{"n":4,"A":1,"B":3},"geometry":{"type":"Polygon","coordinates":[[[126.956511,37.374236],[126.957642,37.374236],[126.957642,37.375135],[126.956511,37.375135],[126.956511,37.374236]]]}},{"type":"Feature","properties":{"n":1,"A":0,"B":1},"geometry":{"type":"Polygon","coordinates":[[[126.904502,37.379626],[126.905632,37.379626],[126.905632,37.380525],[126.904502,37.380525],[126.904502,37.379626]]]}},{"type":"Feature","properties":{"n":1,"A":1,"B":0},"geometry":{"type":"Polygon","coordinates":[[[126.929376,37.390406],[126.930506,37.390406],[126.930506,37.391304],[126.929376,37.391304],[126.929376,37.390406]]]}},{"type":"Feature","properties":{"n":6,"A":3,"B":3},"geometry":{"type":"Polygon","coordinates":[[[126.929376,37.391304],[126.930506,37.391304],[126.930506,37.392203],[126.929376,37.392203],[126.929376,37.391304]]]}},{"type":"Feature","properties":{"n":2,"A":1,"B":1},"geometry":{"type":"Polygon","coordinates":[[[126.923723,37.399389],[126.924853,37.399389],[126.924853,37.400287],[126.923723,37.400287],[126.923723,37.399389]]]}},{"type":"Feature","properties":{"n":6,"A":3,"B":3},"geometry":{"type":"Polygon","coordinates":[[[126.918069,37.399389],[126.9192,37.399389],[126.9192,37.400287],[126.918069,37.400287],[126.918069,37.399389]]]}},{"type":"Feature","properties":{"n":3,"A":2,"B":1},"geometry":{"type":"Polygon","coordinates":[[[126.913547,37.406576],[126.914678,37.406576],[126.914678,37.407474],[126.913547,37.407474],[126.913547,37.406576]]]}},{"type":"Feature","properties":{"n":2,"A":1,"B":1},"geometry":{"type":"Polygon","coordinates":[[[126.915808,37.398491],[126.916939,37.398491],[126.916939,37.399389],[126.915808,37.399389],[126.915808,37.398491]]]}},{"type":"Feature","properties":{"n":2,"A":2,"B":0},"geometry":{"type":"Polygon","coordinates":[[[126.907894,37.411067],[126.909024,37.411067],[126.909024,37.411966],[126.907894,37.411966],[126.907894,37.411067]]]}},{"type":"Feature","properties":{"n":9,"A":5,"B":4},"geometry":{"type":"Polygon","coordinates":[[[126.911286,37.402084],[126.912416,37.402084],[126.912416,37.402982],[126.911286,37.402982],[126.911286,37.402084]]]}},{"type":"Feature","properties":{"n":3,"A":2,"B":1},"geometry":{"type":"Polygon","coordinates":[[[126.910155,37.416457],[126.911286,37.416457],[126.911286,37.417355],[126.910155,37.417355],[126.910155,37.416457]]]}},{"type":"Feature","properties":{"n":2,"A":1,"B":1},"geometry":{"type":"Polygon","coordinates":[[[126.910155,37.412864],[126.911286,37.412864],[126.911286,37.413762],[126.910155,37.413762],[126.910155,37.412864]]]}},{"type":"Feature","properties":{"n":5,"A":3,"B":2},"geometry":{"type":"Polygon","coordinates":[[[126.907894,37.412864],[126.909024,37.412864],[126.909024,37.413762],[126.907894,37.413762],[126.907894,37.412864]]]}},{"type":"Feature","properties":{"n":1,"A":1,"B":0},"geometry":{"type":"Polygon","coordinates":[[[126.910155,37.393101],[126.911286,37.393101],[126.911286,37.393999],[126.910155,37.393999],[126.910155,37.393101]]]}},{"type":"Feature","properties":{"n":8,"A":7,"B":1},"geometry":{"type":"Polygon","coordinates":[[[126.909024,37.419152],[126.910155,37.419152],[126.910155,37.42005],[126.909024,37.42005],[126.909024,37.419152]]]}},{"type":"Feature","properties":{"n":3,"A":3,"B":0},"geometry":{"type":"Polygon","coordinates":[[[126.931637,37.38322],[126.932768,37.38322],[126.932768,37.384118],[126.931637,37.384118],[126.931637,37.38322]]]}},{"type":"Feature","properties":{"n":1,"A":0,"B":1},"geometry":{"type":"Polygon","coordinates":[[[126.896587,37.416457],[126.897718,37.416457],[126.897718,37.417355],[126.896587,37.417355],[126.896587,37.416457]]]}},{"type":"Feature","properties":{"n":3,"A":0,"B":3},"geometry":{"type":"Polygon","coordinates":[[[126.899979,37.408372],[126.90111,37.408372],[126.90111,37.409271],[126.899979,37.409271],[126.899979,37.408372]]]}},{"type":"Feature","properties":{"n":3,"A":3,"B":0},"geometry":{"type":"Polygon","coordinates":[[[126.911286,37.411067],[126.912416,37.411067],[126.912416,37.411966],[126.911286,37.411966],[126.911286,37.411067]]]}},{"type":"Feature","properties":{"n":3,"A":3,"B":0},"geometry":{"type":"Polygon","coordinates":[[[126.9192,37.400287],[126.920331,37.400287],[126.920331,37.401186],[126.9192,37.401186],[126.9192,37.400287]]]}},{"type":"Feature","properties":{"n":1,"A":1,"B":0},"geometry":{"type":"Polygon","coordinates":[[[126.916939,37.41466],[126.918069,37.41466],[126.918069,37.415559],[126.916939,37.415559],[126.916939,37.41466]]]}},{"type":"Feature","properties":{"n":3,"A":2,"B":1},"geometry":{"type":"Polygon","coordinates":[[[126.906763,37.403881],[126.907894,37.403881],[126.907894,37.404779],[126.906763,37.404779],[126.906763,37.403881]]]}},{"type":"Feature","properties":{"n":1,"A":1,"B":0},"geometry":{"type":"Polygon","coordinates":[[[126.904502,37.412864],[126.905632,37.412864],[126.905632,37.413762],[126.904502,37.413762],[126.904502,37.412864]]]}},{"type":"Feature","properties":{"n":1,"A":0,"B":1},"geometry":{"type":"Polygon","coordinates":[[[126.907894,37.409271],[126.909024,37.409271],[126.909024,37.410169],[126.907894,37.410169],[126.907894,37.409271]]]}},{"type":"Feature","properties":{"n":6,"A":3,"B":3},"geometry":{"type":"Polygon","coordinates":[[[126.906763,37.411067],[126.907894,37.411067],[126.907894,37.411966],[126.906763,37.411966],[126.906763,37.411067]]]}},{"type":"Feature","properties":{"n":4,"A":2,"B":2},"geometry":{"type":"Polygon","coordinates":[[[126.909024,37.405677],[126.910155,37.405677],[126.910155,37.406576],[126.909024,37.406576],[126.909024,37.405677]]]}},{"type":"Feature","properties":{"n":1,"A":0,"B":1},"geometry":{"type":"Polygon","coordinates":[[[126.959903,37.393999],[126.961033,37.393999],[126.961033,37.394898],[126.959903,37.394898],[126.959903,37.393999]]]}},{"type":"Feature","properties":{"n":5,"A":3,"B":2},"geometry":{"type":"Polygon","coordinates":[[[126.95425,37.36705],[126.95538,37.36705],[126.95538,37.367948],[126.95425,37.367948],[126.95425,37.36705]]]}},{"type":"Feature","properties":{"n":3,"A":1,"B":2},"geometry":{"type":"Polygon","coordinates":[[[126.930506,37.388609],[126.931637,37.388609],[126.931637,37.389508],[126.930506,37.389508],[126.930506,37.388609]]]}},{"type":"Feature","properties":{"n":1,"A":0,"B":1},"geometry":{"type":"Polygon","coordinates":[[[126.949727,37.380525],[126.950858,37.380525],[126.950858,37.381423],[126.949727,37.381423],[126.949727,37.380525]]]}},{"type":"Feature","properties":{"n":2,"A":0,"B":2},"geometry":{"type":"Polygon","coordinates":[[[126.956511,37.369745],[126.957642,37.369745],[126.957642,37.370643],[126.956511,37.370643],[126.956511,37.369745]]]}},{"type":"Feature","properties":{"n":1,"A":0,"B":1},"geometry":{"type":"Polygon","coordinates":[[[126.894326,37.408372],[126.895457,37.408372],[126.895457,37.409271],[126.894326,37.409271],[126.894326,37.408372]]]}},{"type":"Feature","properties":{"n":7,"A":4,"B":3},"geometry":{"type":"Polygon","coordinates":[[[126.959903,37.384118],[126.961033,37.384118],[126.961033,37.385016],[126.959903,37.385016],[126.959903,37.384118]]]}},{"type":"Feature","properties":{"n":1,"A":0,"B":1},"geometry":{"type":"Polygon","coordinates":[[[126.968948,37.407474],[126.970079,37.407474],[126.970079,37.408372],[126.968948,37.408372],[126.968948,37.407474]]]}},{"type":"Feature","properties":{"n":1,"A":0,"B":1},"geometry":{"type":"Polygon","coordinates":[[[126.916939,37.406576],[126.918069,37.406576],[126.918069,37.407474],[126.916939,37.407474],[126.916939,37.406576]]]}},{"type":"Feature","properties":{"n":4,"A":2,"B":2},"geometry":{"type":"Polygon","coordinates":[[[126.953119,37.367948],[126.95425,37.367948],[126.95425,37.368847],[126.953119,37.368847],[126.953119,37.367948]]]}},{"type":"Feature","properties":{"n":2,"A":1,"B":1},"geometry":{"type":"Polygon","coordinates":[[[126.896587,37.407474],[126.897718,37.407474],[126.897718,37.408372],[126.896587,37.408372],[126.896587,37.407474]]]}},{"type":"Feature","properties":{"n":1,"A":0,"B":1},"geometry":{"type":"Polygon","coordinates":[[[126.949727,37.386813],[126.950858,37.386813],[126.950858,37.387711],[126.949727,37.387711],[126.949727,37.386813]]]}},{"type":"Feature","properties":{"n":13,"A":12,"B":1},"geometry":{"type":"Polygon","coordinates":[[[126.961033,37.38322],[126.962164,37.38322],[126.962164,37.384118],[126.961033,37.384118],[126.961033,37.38322]]]}},{"type":"Feature","properties":{"n":2,"A":0,"B":2},"geometry":{"type":"Polygon","coordinates":[[[126.942943,37.388609],[126.944074,37.388609],[126.944074,37.389508],[126.942943,37.389508],[126.942943,37.388609]]]}},{"type":"Feature","properties":{"n":1,"A":0,"B":1},"geometry":{"type":"Polygon","coordinates":[[[126.946335,37.389508],[126.947466,37.389508],[126.947466,37.390406],[126.946335,37.390406],[126.946335,37.389508]]]}},{"type":"Feature","properties":{"n":2,"A":0,"B":2},"geometry":{"type":"Polygon","coordinates":[[[126.945205,37.385914],[126.946335,37.385914],[126.946335,37.386813],[126.945205,37.386813],[126.945205,37.385914]]]}},{"type":"Feature","properties":{"n":4,"A":1,"B":3},"geometry":{"type":"Polygon","coordinates":[[[126.895457,37.406576],[126.896587,37.406576],[126.896587,37.407474],[126.895457,37.407474],[126.895457,37.406576]]]}},{"type":"Feature","properties":{"n":6,"A":2,"B":4},"geometry":{"type":"Polygon","coordinates":[[[126.923723,37.397593],[126.924853,37.397593],[126.924853,37.398491],[126.923723,37.398491],[126.923723,37.397593]]]}},{"type":"Feature","properties":{"n":1,"A":0,"B":1},"geometry":{"type":"Polygon","coordinates":[[[126.910155,37.411966],[126.911286,37.411966],[126.911286,37.412864],[126.910155,37.412864],[126.910155,37.411966]]]}},{"type":"Feature","properties":{"n":2,"A":1,"B":1},"geometry":{"type":"Polygon","coordinates":[[[126.910155,37.411067],[126.911286,37.411067],[126.911286,37.411966],[126.910155,37.411966],[126.910155,37.411067]]]}},{"type":"Feature","properties":{"n":10,"A":5,"B":5},"geometry":{"type":"Polygon","coordinates":[[[126.913547,37.405677],[126.914678,37.405677],[126.914678,37.406576],[126.913547,37.406576],[126.913547,37.405677]]]}},{"type":"Feature","properties":{"n":2,"A":2,"B":0},"geometry":{"type":"Polygon","coordinates":[[[126.912416,37.421847],[126.913547,37.421847],[126.913547,37.422745],[126.912416,37.422745],[126.912416,37.421847]]]}},{"type":"Feature","properties":{"n":4,"A":2,"B":2},"geometry":{"type":"Polygon","coordinates":[[[126.914678,37.397593],[126.915808,37.397593],[126.915808,37.398491],[126.914678,37.398491],[126.914678,37.397593]]]}},{"type":"Feature","properties":{"n":4,"A":4,"B":0},"geometry":{"type":"Polygon","coordinates":[[[126.974601,37.399389],[126.975732,37.399389],[126.975732,37.400287],[126.974601,37.400287],[126.974601,37.399389]]]}},{"type":"Feature","properties":{"n":1,"A":0,"B":1},"geometry":{"type":"Polygon","coordinates":[[[126.958772,37.374236],[126.959903,37.374236],[126.959903,37.375135],[126.958772,37.375135],[126.958772,37.374236]]]}},{"type":"Feature","properties":{"n":11,"A":10,"B":1},"geometry":{"type":"Polygon","coordinates":[[[126.897718,37.406576],[126.898849,37.406576],[126.898849,37.407474],[126.897718,37.407474],[126.897718,37.406576]]]}},{"type":"Feature","properties":{"n":1,"A":1,"B":0},"geometry":{"type":"Polygon","coordinates":[[[126.977993,37.393101],[126.979124,37.393101],[126.979124,37.393999],[126.977993,37.393999],[126.977993,37.393101]]]}},{"type":"Feature","properties":{"n":1,"A":1,"B":0},"geometry":{"type":"Polygon","coordinates":[[[126.904502,37.411966],[126.905632,37.411966],[126.905632,37.412864],[126.904502,37.412864],[126.904502,37.411966]]]}},{"type":"Feature","properties":{"n":4,"A":1,"B":3},"geometry":{"type":"Polygon","coordinates":[[[126.911286,37.410169],[126.912416,37.410169],[126.912416,37.411067],[126.911286,37.411067],[126.911286,37.410169]]]}},{"type":"Feature","properties":{"n":2,"A":1,"B":1},"geometry":{"type":"Polygon","coordinates":[[[126.905632,37.403881],[126.906763,37.403881],[126.906763,37.404779],[126.905632,37.404779],[126.905632,37.403881]]]}},{"type":"Feature","properties":{"n":1,"A":0,"B":1},"geometry":{"type":"Polygon","coordinates":[[[126.903371,37.427237],[126.904502,37.427237],[126.904502,37.428135],[126.903371,37.428135],[126.903371,37.427237]]]}},{"type":"Feature","properties":{"n":1,"A":1,"B":0},"geometry":{"type":"Polygon","coordinates":[[[126.90111,37.432627],[126.902241,37.432627],[126.902241,37.433525],[126.90111,37.433525],[126.90111,37.432627]]]}},{"type":"Feature","properties":{"n":4,"A":1,"B":3},"geometry":{"type":"Polygon","coordinates":[[[126.906763,37.405677],[126.907894,37.405677],[126.907894,37.406576],[126.906763,37.406576],[126.906763,37.405677]]]}},{"type":"Feature","properties":{"n":5,"A":3,"B":2},"geometry":{"type":"Polygon","coordinates":[[[126.928245,37.386813],[126.929376,37.386813],[126.929376,37.387711],[126.928245,37.387711],[126.928245,37.386813]]]}},{"type":"Feature","properties":{"n":3,"A":2,"B":1},"geometry":{"type":"Polygon","coordinates":[[[126.924853,37.396694],[126.925984,37.396694],[126.925984,37.397593],[126.924853,37.397593],[126.924853,37.396694]]]}},{"type":"Feature","properties":{"n":1,"A":0,"B":1},"geometry":{"type":"Polygon","coordinates":[[[126.904502,37.422745],[126.905632,37.422745],[126.905632,37.423644],[126.904502,37.423644],[126.904502,37.422745]]]}},{"type":"Feature","properties":{"n":2,"A":0,"B":2},"geometry":{"type":"Polygon","coordinates":[[[126.941813,37.405677],[126.942943,37.405677],[126.942943,37.406576],[126.941813,37.406576],[126.941813,37.405677]]]}},{"type":"Feature","properties":{"n":7,"A":2,"B":5},"geometry":{"type":"Polygon","coordinates":[[[126.961033,37.381423],[126.962164,37.381423],[126.962164,37.382321],[126.961033,37.382321],[126.961033,37.381423]]]}},{"type":"Feature","properties":{"n":1,"A":0,"B":1},"geometry":{"type":"Polygon","coordinates":[[[126.97234,37.405677],[126.97347,37.405677],[126.97347,37.406576],[126.97234,37.406576],[126.97234,37.405677]]]}},{"type":"Feature","properties":{"n":2,"A":1,"B":1},"geometry":{"type":"Polygon","coordinates":[[[126.905632,37.420949],[126.906763,37.420949],[126.906763,37.421847],[126.905632,37.421847],[126.905632,37.420949]]]}},{"type":"Feature","properties":{"n":2,"A":0,"B":2},"geometry":{"type":"Polygon","coordinates":[[[126.906763,37.416457],[126.907894,37.416457],[126.907894,37.417355],[126.906763,37.417355],[126.906763,37.416457]]]}},{"type":"Feature","properties":{"n":1,"A":0,"B":1},"geometry":{"type":"Polygon","coordinates":[[[126.898849,37.426338],[126.899979,37.426338],[126.899979,37.427237],[126.898849,37.427237],[126.898849,37.426338]]]}},{"type":"Feature","properties":{"n":1,"A":0,"B":1},"geometry":{"type":"Polygon","coordinates":[[[126.912416,37.423644],[126.913547,37.423644],[126.913547,37.424542],[126.912416,37.424542],[126.912416,37.423644]]]}},{"type":"Feature","properties":{"n":7,"A":4,"B":3},"geometry":{"type":"Polygon","coordinates":[[[126.910155,37.404779],[126.911286,37.404779],[126.911286,37.405677],[126.910155,37.405677],[126.910155,37.404779]]]}},{"type":"Feature","properties":{"n":1,"A":1,"B":0},"geometry":{"type":"Polygon","coordinates":[[[126.905632,37.402982],[126.906763,37.402982],[126.906763,37.403881],[126.905632,37.403881],[126.905632,37.402982]]]}},{"type":"Feature","properties":{"n":2,"A":1,"B":1},"geometry":{"type":"Polygon","coordinates":[[[126.907894,37.418254],[126.909024,37.418254],[126.909024,37.419152],[126.907894,37.419152],[126.907894,37.418254]]]}},{"type":"Feature","properties":{"n":3,"A":0,"B":3},"geometry":{"type":"Polygon","coordinates":[[[126.9192,37.403881],[126.920331,37.403881],[126.920331,37.404779],[126.9192,37.404779],[126.9192,37.403881]]]}},{"type":"Feature","properties":{"n":2,"A":0,"B":2},"geometry":{"type":"Polygon","coordinates":[[[126.914678,37.416457],[126.915808,37.416457],[126.915808,37.417355],[126.914678,37.417355],[126.914678,37.416457]]]}},{"type":"Feature","properties":{"n":1,"A":0,"B":1},"geometry":{"type":"Polygon","coordinates":[[[126.88415,37.403881],[126.885281,37.403881],[126.885281,37.404779],[126.88415,37.404779],[126.88415,37.403881]]]}},{"type":"Feature","properties":{"n":2,"A":0,"B":2},"geometry":{"type":"Polygon","coordinates":[[[126.921461,37.393101],[126.922592,37.393101],[126.922592,37.393999],[126.921461,37.393999],[126.921461,37.393101]]]}},{"type":"Feature","properties":{"n":2,"A":2,"B":0},"geometry":{"type":"Polygon","coordinates":[[[126.923723,37.393101],[126.924853,37.393101],[126.924853,37.393999],[126.923723,37.393999],[126.923723,37.393101]]]}},{"type":"Feature","properties":{"n":3,"A":2,"B":1},"geometry":{"type":"Polygon","coordinates":[[[126.913547,37.404779],[126.914678,37.404779],[126.914678,37.405677],[126.913547,37.405677],[126.913547,37.404779]]]}},{"type":"Feature","properties":{"n":2,"A":1,"B":1},"geometry":{"type":"Polygon","coordinates":[[[126.906763,37.406576],[126.907894,37.406576],[126.907894,37.407474],[126.906763,37.407474],[126.906763,37.406576]]]}},{"type":"Feature","properties":{"n":7,"A":1,"B":6},"geometry":{"type":"Polygon","coordinates":[[[126.910155,37.402084],[126.911286,37.402084],[126.911286,37.402982],[126.910155,37.402982],[126.910155,37.402084]]]}},{"type":"Feature","properties":{"n":2,"A":1,"B":1},"geometry":{"type":"Polygon","coordinates":[[[126.932768,37.399389],[126.933898,37.399389],[126.933898,37.400287],[126.932768,37.400287],[126.932768,37.399389]]]}},{"type":"Feature","properties":{"n":1,"A":0,"B":1},"geometry":{"type":"Polygon","coordinates":[[[126.888673,37.407474],[126.889804,37.407474],[126.889804,37.408372],[126.888673,37.408372],[126.888673,37.407474]]]}},{"type":"Feature","properties":{"n":2,"A":0,"B":2},"geometry":{"type":"Polygon","coordinates":[[[126.889804,37.407474],[126.890934,37.407474],[126.890934,37.408372],[126.889804,37.408372],[126.889804,37.407474]]]}},{"type":"Feature","properties":{"n":4,"A":3,"B":1},"geometry":{"type":"Polygon","coordinates":[[[126.922592,37.393101],[126.923723,37.393101],[126.923723,37.393999],[126.922592,37.393999],[126.922592,37.393101]]]}},{"type":"Feature","properties":{"n":1,"A":0,"B":1},"geometry":{"type":"Polygon","coordinates":[[[126.945205,37.389508],[126.946335,37.389508],[126.946335,37.390406],[126.945205,37.390406],[126.945205,37.389508]]]}},{"type":"Feature","properties":{"n":1,"A":0,"B":1},"geometry":{"type":"Polygon","coordinates":[[[126.920331,37.396694],[126.921461,37.396694],[126.921461,37.397593],[126.920331,37.397593],[126.920331,37.396694]]]}},{"type":"Feature","properties":{"n":1,"A":1,"B":0},"geometry":{"type":"Polygon","coordinates":[[[126.974601,37.395796],[126.975732,37.395796],[126.975732,37.396694],[126.974601,37.396694],[126.974601,37.395796]]]}},{"type":"Feature","properties":{"n":2,"A":0,"B":2},"geometry":{"type":"Polygon","coordinates":[[[126.974601,37.394898],[126.975732,37.394898],[126.975732,37.395796],[126.974601,37.395796],[126.974601,37.394898]]]}},{"type":"Feature","properties":{"n":2,"A":2,"B":0},"geometry":{"type":"Polygon","coordinates":[[[126.907894,37.410169],[126.909024,37.410169],[126.909024,37.411067],[126.907894,37.411067],[126.907894,37.410169]]]}},{"type":"Feature","properties":{"n":3,"A":2,"B":1},"geometry":{"type":"Polygon","coordinates":[[[126.899979,37.382321],[126.90111,37.382321],[126.90111,37.38322],[126.899979,37.38322],[126.899979,37.382321]]]}},{"type":"Feature","properties":{"n":3,"A":2,"B":1},"geometry":{"type":"Polygon","coordinates":[[[126.893195,37.405677],[126.894326,37.405677],[126.894326,37.406576],[126.893195,37.406576],[126.893195,37.405677]]]}},{"type":"Feature","properties":{"n":3,"A":1,"B":2},"geometry":{"type":"Polygon","coordinates":[[[126.918069,37.401186],[126.9192,37.401186],[126.9192,37.402084],[126.918069,37.402084],[126.918069,37.401186]]]}},{"type":"Feature","properties":{"n":7,"A":4,"B":3},"geometry":{"type":"Polygon","coordinates":[[[126.906763,37.392203],[126.907894,37.392203],[126.907894,37.393101],[126.906763,37.393101],[126.906763,37.392203]]]}},{"type":"Feature","properties":{"n":2,"A":0,"B":2},"geometry":{"type":"Polygon","coordinates":[[[126.928245,37.419152],[126.929376,37.419152],[126.929376,37.42005],[126.928245,37.42005],[126.928245,37.419152]]]}},{"type":"Feature","properties":{"n":3,"A":1,"B":2},"geometry":{"type":"Polygon","coordinates":[[[126.974601,37.393101],[126.975732,37.393101],[126.975732,37.393999],[126.974601,37.393999],[126.974601,37.393101]]]}},{"type":"Feature","properties":{"n":10,"A":4,"B":6},"geometry":{"type":"Polygon","coordinates":[[[126.916939,37.401186],[126.918069,37.401186],[126.918069,37.402084],[126.916939,37.402084],[126.916939,37.401186]]]}},{"type":"Feature","properties":{"n":1,"A":0,"B":1},"geometry":{"type":"Polygon","coordinates":[[[126.951988,37.376033],[126.953119,37.376033],[126.953119,37.376931],[126.951988,37.376931],[126.951988,37.376033]]]}},{"type":"Feature","properties":{"n":5,"A":1,"B":4},"geometry":{"type":"Polygon","coordinates":[[[126.968948,37.403881],[126.970079,37.403881],[126.970079,37.404779],[126.968948,37.404779],[126.968948,37.403881]]]}},{"type":"Feature","properties":{"n":3,"A":3,"B":0},"geometry":{"type":"Polygon","coordinates":[[[126.911286,37.399389],[126.912416,37.399389],[126.912416,37.400287],[126.911286,37.400287],[126.911286,37.399389]]]}},{"type":"Feature","properties":{"n":2,"A":0,"B":2},"geometry":{"type":"Polygon","coordinates":[[[126.924853,37.395796],[126.925984,37.395796],[126.925984,37.396694],[126.924853,37.396694],[126.924853,37.395796]]]}},{"type":"Feature","properties":{"n":2,"A":1,"B":1},"geometry":{"type":"Polygon","coordinates":[[[126.912416,37.403881],[126.913547,37.403881],[126.913547,37.404779],[126.912416,37.404779],[126.912416,37.403881]]]}},{"type":"Feature","properties":{"n":5,"A":0,"B":5},"geometry":{"type":"Polygon","coordinates":[[[126.918069,37.403881],[126.9192,37.403881],[126.9192,37.404779],[126.918069,37.404779],[126.918069,37.403881]]]}},{"type":"Feature","properties":{"n":2,"A":0,"B":2},"geometry":{"type":"Polygon","coordinates":[[[126.909024,37.409271],[126.910155,37.409271],[126.910155,37.410169],[126.909024,37.410169],[126.909024,37.409271]]]}},{"type":"Feature","properties":{"n":4,"A":0,"B":4},"geometry":{"type":"Polygon","coordinates":[[[126.968948,37.405677],[126.970079,37.405677],[126.970079,37.406576],[126.968948,37.406576],[126.968948,37.405677]]]}},{"type":"Feature","properties":{"n":1,"A":0,"B":1},"geometry":{"type":"Polygon","coordinates":[[[126.895457,37.404779],[126.896587,37.404779],[126.896587,37.405677],[126.895457,37.405677],[126.895457,37.404779]]]}},{"type":"Feature","properties":{"n":4,"A":3,"B":1},"geometry":{"type":"Polygon","coordinates":[[[126.930506,37.387711],[126.931637,37.387711],[126.931637,37.388609],[126.930506,37.388609],[126.930506,37.387711]]]}},{"type":"Feature","properties":{"n":1,"A":0,"B":1},"geometry":{"type":"Polygon","coordinates":[[[126.95425,37.407474],[126.95538,37.407474],[126.95538,37.408372],[126.95425,37.408372],[126.95425,37.407474]]]}},{"type":"Feature","properties":{"n":1,"A":1,"B":0},"geometry":{"type":"Polygon","coordinates":[[[126.903371,37.403881],[126.904502,37.403881],[126.904502,37.404779],[126.903371,37.404779],[126.903371,37.403881]]]}},{"type":"Feature","properties":{"n":4,"A":1,"B":3},"geometry":{"type":"Polygon","coordinates":[[[126.924853,37.394898],[126.925984,37.394898],[126.925984,37.395796],[126.924853,37.395796],[126.924853,37.394898]]]}},{"type":"Feature","properties":{"n":4,"A":0,"B":4},"geometry":{"type":"Polygon","coordinates":[[[126.912416,37.396694],[126.913547,37.396694],[126.913547,37.397593],[126.912416,37.397593],[126.912416,37.396694]]]}},{"type":"Feature","properties":{"n":3,"A":2,"B":1},"geometry":{"type":"Polygon","coordinates":[[[126.927114,37.392203],[126.928245,37.392203],[126.928245,37.393101],[126.927114,37.393101],[126.927114,37.392203]]]}},{"type":"Feature","properties":{"n":2,"A":1,"B":1},"geometry":{"type":"Polygon","coordinates":[[[126.899979,37.381423],[126.90111,37.381423],[126.90111,37.382321],[126.899979,37.382321],[126.899979,37.381423]]]}},{"type":"Feature","properties":{"n":1,"A":0,"B":1},"geometry":{"type":"Polygon","coordinates":[[[126.912416,37.393999],[126.913547,37.393999],[126.913547,37.394898],[126.912416,37.394898],[126.912416,37.393999]]]}},{"type":"Feature","properties":{"n":9,"A":4,"B":5},"geometry":{"type":"Polygon","coordinates":[[[126.921461,37.399389],[126.922592,37.399389],[126.922592,37.400287],[126.921461,37.400287],[126.921461,37.399389]]]}},{"type":"Feature","properties":{"n":2,"A":1,"B":1},"geometry":{"type":"Polygon","coordinates":[[[126.902241,37.384118],[126.903371,37.384118],[126.903371,37.385016],[126.902241,37.385016],[126.902241,37.384118]]]}},{"type":"Feature","properties":{"n":3,"A":0,"B":3},"geometry":{"type":"Polygon","coordinates":[[[126.903371,37.384118],[126.904502,37.384118],[126.904502,37.385016],[126.903371,37.385016],[126.903371,37.384118]]]}},{"type":"Feature","properties":{"n":4,"A":3,"B":1},"geometry":{"type":"Polygon","coordinates":[[[126.912416,37.406576],[126.913547,37.406576],[126.913547,37.407474],[126.912416,37.407474],[126.912416,37.406576]]]}},{"type":"Feature","properties":{"n":2,"A":1,"B":1},"geometry":{"type":"Polygon","coordinates":[[[126.933898,37.385914],[126.935029,37.385914],[126.935029,37.386813],[126.933898,37.386813],[126.933898,37.385914]]]}},{"type":"Feature","properties":{"n":3,"A":2,"B":1},"geometry":{"type":"Polygon","coordinates":[[[126.913547,37.411067],[126.914678,37.411067],[126.914678,37.411966],[126.913547,37.411966],[126.913547,37.411067]]]}},{"type":"Feature","properties":{"n":1,"A":1,"B":0},"geometry":{"type":"Polygon","coordinates":[[[126.909024,37.411966],[126.910155,37.411966],[126.910155,37.412864],[126.909024,37.412864],[126.909024,37.411966]]]}},{"type":"Feature","properties":{"n":1,"A":0,"B":1},"geometry":{"type":"Polygon","coordinates":[[[126.962164,37.36166],[126.963295,37.36166],[126.963295,37.362558],[126.962164,37.362558],[126.962164,37.36166]]]}},{"type":"Feature","properties":{"n":4,"A":3,"B":1},"geometry":{"type":"Polygon","coordinates":[[[126.9192,37.402084],[126.920331,37.402084],[126.920331,37.402982],[126.9192,37.402982],[126.9192,37.402084]]]}},{"type":"Feature","properties":{"n":1,"A":0,"B":1},"geometry":{"type":"Polygon","coordinates":[[[126.915808,37.426338],[126.916939,37.426338],[126.916939,37.427237],[126.915808,37.427237],[126.915808,37.426338]]]}},{"type":"Feature","properties":{"n":4,"A":1,"B":3},"geometry":{"type":"Polygon","coordinates":[[[126.906763,37.393101],[126.907894,37.393101],[126.907894,37.393999],[126.906763,37.393999],[126.906763,37.393101]]]}},{"type":"Feature","properties":{"n":3,"A":2,"B":1},"geometry":{"type":"Polygon","coordinates":[[[126.914678,37.400287],[126.915808,37.400287],[126.915808,37.401186],[126.914678,37.401186],[126.914678,37.400287]]]}},{"type":"Feature","properties":{"n":1,"A":1,"B":0},"geometry":{"type":"Polygon","coordinates":[[[126.915808,37.418254],[126.916939,37.418254],[126.916939,37.419152],[126.915808,37.419152],[126.915808,37.418254]]]}},{"type":"Feature","properties":{"n":3,"A":2,"B":1},"geometry":{"type":"Polygon","coordinates":[[[126.935029,37.389508],[126.93616,37.389508],[126.93616,37.390406],[126.935029,37.390406],[126.935029,37.389508]]]}},{"type":"Feature","properties":{"n":2,"A":1,"B":1},"geometry":{"type":"Polygon","coordinates":[[[126.928245,37.390406],[126.929376,37.390406],[126.929376,37.391304],[126.928245,37.391304],[126.928245,37.390406]]]}},{"type":"Feature","properties":{"n":4,"A":1,"B":3},"geometry":{"type":"Polygon","coordinates":[[[126.922592,37.399389],[126.923723,37.399389],[126.923723,37.400287],[126.922592,37.400287],[126.922592,37.399389]]]}},{"type":"Feature","properties":{"n":1,"A":0,"B":1},"geometry":{"type":"Polygon","coordinates":[[[126.904502,37.384118],[126.905632,37.384118],[126.905632,37.385016],[126.904502,37.385016],[126.904502,37.384118]]]}},{"type":"Feature","properties":{"n":2,"A":2,"B":0},"geometry":{"type":"Polygon","coordinates":[[[126.906763,37.391304],[126.907894,37.391304],[126.907894,37.392203],[126.906763,37.392203],[126.906763,37.391304]]]}},{"type":"Feature","properties":{"n":3,"A":3,"B":0},"geometry":{"type":"Polygon","coordinates":[[[126.928245,37.385016],[126.929376,37.385016],[126.929376,37.385914],[126.928245,37.385914],[126.928245,37.385016]]]}},{"type":"Feature","properties":{"n":6,"A":3,"B":3},"geometry":{"type":"Polygon","coordinates":[[[126.975732,37.398491],[126.976862,37.398491],[126.976862,37.399389],[126.975732,37.399389],[126.975732,37.398491]]]}},{"type":"Feature","properties":{"n":2,"A":1,"B":1},"geometry":{"type":"Polygon","coordinates":[[[126.927114,37.386813],[126.928245,37.386813],[126.928245,37.387711],[126.927114,37.387711],[126.927114,37.386813]]]}},{"type":"Feature","properties":{"n":3,"A":3,"B":0},"geometry":{"type":"Polygon","coordinates":[[[126.90111,37.382321],[126.902241,37.382321],[126.902241,37.38322],[126.90111,37.38322],[126.90111,37.382321]]]}},{"type":"Feature","properties":{"n":4,"A":0,"B":4},"geometry":{"type":"Polygon","coordinates":[[[126.97234,37.400287],[126.97347,37.400287],[126.97347,37.401186],[126.97234,37.401186],[126.97234,37.400287]]]}},{"type":"Feature","properties":{"n":6,"A":5,"B":1},"geometry":{"type":"Polygon","coordinates":[[[126.922592,37.393999],[126.923723,37.393999],[126.923723,37.394898],[126.922592,37.394898],[126.922592,37.393999]]]}},{"type":"Feature","properties":{"n":4,"A":3,"B":1},"geometry":{"type":"Polygon","coordinates":[[[126.97347,37.399389],[126.974601,37.399389],[126.974601,37.400287],[126.97347,37.400287],[126.97347,37.399389]]]}},{"type":"Feature","properties":{"n":2,"A":1,"B":1},"geometry":{"type":"Polygon","coordinates":[[[126.964425,37.403881],[126.965556,37.403881],[126.965556,37.404779],[126.964425,37.404779],[126.964425,37.403881]]]}},{"type":"Feature","properties":{"n":4,"A":0,"B":4},"geometry":{"type":"Polygon","coordinates":[[[126.932768,37.402982],[126.933898,37.402982],[126.933898,37.403881],[126.932768,37.403881],[126.932768,37.402982]]]}},{"type":"Feature","properties":{"n":8,"A":6,"B":2},"geometry":{"type":"Polygon","coordinates":[[[126.938421,37.396694],[126.939551,37.396694],[126.939551,37.397593],[126.938421,37.397593],[126.938421,37.396694]]]}},{"type":"Feature","properties":{"n":2,"A":0,"B":2},"geometry":{"type":"Polygon","coordinates":[[[126.932768,37.402084],[126.933898,37.402084],[126.933898,37.402982],[126.932768,37.402982],[126.932768,37.402084]]]}},{"type":"Feature","properties":{"n":6,"A":1,"B":5},"geometry":{"type":"Polygon","coordinates":[[[126.962164,37.402982],[126.963295,37.402982],[126.963295,37.403881],[126.962164,37.403881],[126.962164,37.402982]]]}},{"type":"Feature","properties":{"n":1,"A":1,"B":0},"geometry":{"type":"Polygon","coordinates":[[[126.931637,37.402084],[126.932768,37.402084],[126.932768,37.402982],[126.931637,37.402982],[126.931637,37.402084]]]}},{"type":"Feature","properties":{"n":5,"A":3,"B":2},"geometry":{"type":"Polygon","coordinates":[[[126.966687,37.403881],[126.967817,37.403881],[126.967817,37.404779],[126.966687,37.404779],[126.966687,37.403881]]]}},{"type":"Feature","properties":{"n":5,"A":2,"B":3},"geometry":{"type":"Polygon","coordinates":[[[126.962164,37.402084],[126.963295,37.402084],[126.963295,37.402982],[126.962164,37.402982],[126.962164,37.402084]]]}},{"type":"Feature","properties":{"n":3,"A":1,"B":2},"geometry":{"type":"Polygon","coordinates":[[[126.975732,37.393101],[126.976862,37.393101],[126.976862,37.393999],[126.975732,37.393999],[126.975732,37.393101]]]}},{"type":"Feature","properties":{"n":7,"A":6,"B":1},"geometry":{"type":"Polygon","coordinates":[[[126.912416,37.401186],[126.913547,37.401186],[126.913547,37.402084],[126.912416,37.402084],[126.912416,37.401186]]]}},{"type":"Feature","properties":{"n":7,"A":3,"B":4},"geometry":{"type":"Polygon","coordinates":[[[126.961033,37.402982],[126.962164,37.402982],[126.962164,37.403881],[126.961033,37.403881],[126.961033,37.402982]]]}},{"type":"Feature","properties":{"n":1,"A":0,"B":1},"geometry":{"type":"Polygon","coordinates":[[[126.938421,37.384118],[126.939551,37.384118],[126.939551,37.385016],[126.938421,37.385016],[126.938421,37.384118]]]}},{"type":"Feature","properties":{"n":1,"A":0,"B":1},"geometry":{"type":"Polygon","coordinates":[[[126.940682,37.387711],[126.941813,37.387711],[126.941813,37.388609],[126.940682,37.388609],[126.940682,37.387711]]]}},{"type":"Feature","properties":{"n":3,"A":2,"B":1},"geometry":{"type":"Polygon","coordinates":[[[126.930506,37.389508],[126.931637,37.389508],[126.931637,37.390406],[126.930506,37.390406],[126.930506,37.389508]]]}},{"type":"Feature","properties":{"n":1,"A":1,"B":0},"geometry":{"type":"Polygon","coordinates":[[[126.942943,37.386813],[126.944074,37.386813],[126.944074,37.387711],[126.942943,37.387711],[126.942943,37.386813]]]}},{"type":"Feature","properties":{"n":2,"A":0,"B":2},"geometry":{"type":"Polygon","coordinates":[[[126.963295,37.403881],[126.964425,37.403881],[126.964425,37.404779],[126.963295,37.404779],[126.963295,37.403881]]]}},{"type":"Feature","properties":{"n":6,"A":5,"B":1},"geometry":{"type":"Polygon","coordinates":[[[126.965556,37.403881],[126.966687,37.403881],[126.966687,37.404779],[126.965556,37.404779],[126.965556,37.403881]]]}},{"type":"Feature","properties":{"n":3,"A":2,"B":1},"geometry":{"type":"Polygon","coordinates":[[[126.961033,37.402084],[126.962164,37.402084],[126.962164,37.402982],[126.961033,37.402982],[126.961033,37.402084]]]}},{"type":"Feature","properties":{"n":1,"A":0,"B":1},"geometry":{"type":"Polygon","coordinates":[[[126.88415,37.407474],[126.885281,37.407474],[126.885281,37.408372],[126.88415,37.408372],[126.88415,37.407474]]]}},{"type":"Feature","properties":{"n":1,"A":0,"B":1},"geometry":{"type":"Polygon","coordinates":[[[126.915808,37.424542],[126.916939,37.424542],[126.916939,37.42544],[126.915808,37.42544],[126.915808,37.424542]]]}},{"type":"Feature","properties":{"n":2,"A":2,"B":0},"geometry":{"type":"Polygon","coordinates":[[[126.931637,37.387711],[126.932768,37.387711],[126.932768,37.388609],[126.931637,37.388609],[126.931637,37.387711]]]}},{"type":"Feature","properties":{"n":1,"A":1,"B":0},"geometry":{"type":"Polygon","coordinates":[[[126.905632,37.412864],[126.906763,37.412864],[126.906763,37.413762],[126.905632,37.413762],[126.905632,37.412864]]]}},{"type":"Feature","properties":{"n":1,"A":0,"B":1},"geometry":{"type":"Polygon","coordinates":[[[126.916939,37.405677],[126.918069,37.405677],[126.918069,37.406576],[126.916939,37.406576],[126.916939,37.405677]]]}},{"type":"Feature","properties":{"n":1,"A":0,"B":1},"geometry":{"type":"Polygon","coordinates":[[[126.947466,37.387711],[126.948597,37.387711],[126.948597,37.388609],[126.947466,37.388609],[126.947466,37.387711]]]}},{"type":"Feature","properties":{"n":4,"A":4,"B":0},"geometry":{"type":"Polygon","coordinates":[[[126.95538,37.403881],[126.956511,37.403881],[126.956511,37.404779],[126.95538,37.404779],[126.95538,37.403881]]]}},{"type":"Feature","properties":{"n":3,"A":0,"B":3},"geometry":{"type":"Polygon","coordinates":[[[126.962164,37.373338],[126.963295,37.373338],[126.963295,37.374236],[126.962164,37.374236],[126.962164,37.373338]]]}},{"type":"Feature","properties":{"n":3,"A":2,"B":1},"geometry":{"type":"Polygon","coordinates":[[[126.950858,37.381423],[126.951988,37.381423],[126.951988,37.382321],[126.950858,37.382321],[126.950858,37.381423]]]}},{"type":"Feature","properties":{"n":1,"A":0,"B":1},"geometry":{"type":"Polygon","coordinates":[[[126.93616,37.397593],[126.93729,37.397593],[126.93729,37.398491],[126.93616,37.398491],[126.93616,37.397593]]]}},{"type":"Feature","properties":{"n":3,"A":1,"B":2},"geometry":{"type":"Polygon","coordinates":[[[126.929376,37.386813],[126.930506,37.386813],[126.930506,37.387711],[126.929376,37.387711],[126.929376,37.386813]]]}},{"type":"Feature","properties":{"n":2,"A":1,"B":1},"geometry":{"type":"Polygon","coordinates":[[[126.945205,37.399389],[126.946335,37.399389],[126.946335,37.400287],[126.945205,37.400287],[126.945205,37.399389]]]}},{"type":"Feature","properties":{"n":3,"A":1,"B":2},"geometry":{"type":"Polygon","coordinates":[[[126.922592,37.392203],[126.923723,37.392203],[126.923723,37.393101],[126.922592,37.393101],[126.922592,37.392203]]]}},{"type":"Feature","properties":{"n":1,"A":1,"B":0},"geometry":{"type":"Polygon","coordinates":[[[126.931637,37.386813],[126.932768,37.386813],[126.932768,37.387711],[126.931637,37.387711],[126.931637,37.386813]]]}},{"type":"Feature","properties":{"n":3,"A":1,"B":2},"geometry":{"type":"Polygon","coordinates":[[[126.957642,37.373338],[126.958772,37.373338],[126.958772,37.374236],[126.957642,37.374236],[126.957642,37.373338]]]}},{"type":"Feature","properties":{"n":2,"A":1,"B":1},"geometry":{"type":"Polygon","coordinates":[[[126.931637,37.384118],[126.932768,37.384118],[126.932768,37.385016],[126.931637,37.385016],[126.931637,37.384118]]]}},{"type":"Feature","properties":{"n":2,"A":0,"B":2},"geometry":{"type":"Polygon","coordinates":[[[126.927114,37.380525],[126.928245,37.380525],[126.928245,37.381423],[126.927114,37.381423],[126.927114,37.380525]]]}},{"type":"Feature","properties":{"n":2,"A":1,"B":1},"geometry":{"type":"Polygon","coordinates":[[[126.950858,37.367948],[126.951988,37.367948],[126.951988,37.368847],[126.950858,37.368847],[126.950858,37.367948]]]}},{"type":"Feature","properties":{"n":3,"A":1,"B":2},"geometry":{"type":"Polygon","coordinates":[[[126.931637,37.388609],[126.932768,37.388609],[126.932768,37.389508],[126.931637,37.389508],[126.931637,37.388609]]]}},{"type":"Feature","properties":{"n":1,"A":1,"B":0},"geometry":{"type":"Polygon","coordinates":[[[126.915808,37.408372],[126.916939,37.408372],[126.916939,37.409271],[126.915808,37.409271],[126.915808,37.408372]]]}},{"type":"Feature","properties":{"n":1,"A":0,"B":1},"geometry":{"type":"Polygon","coordinates":[[[126.941813,37.406576],[126.942943,37.406576],[126.942943,37.407474],[126.941813,37.407474],[126.941813,37.406576]]]}},{"type":"Feature","properties":{"n":2,"A":0,"B":2},"geometry":{"type":"Polygon","coordinates":[[[126.946335,37.400287],[126.947466,37.400287],[126.947466,37.401186],[126.946335,37.401186],[126.946335,37.400287]]]}},{"type":"Feature","properties":{"n":5,"A":4,"B":1},"geometry":{"type":"Polygon","coordinates":[[[126.964425,37.402982],[126.965556,37.402982],[126.965556,37.403881],[126.964425,37.403881],[126.964425,37.402982]]]}},{"type":"Feature","properties":{"n":1,"A":0,"B":1},"geometry":{"type":"Polygon","coordinates":[[[126.933898,37.399389],[126.935029,37.399389],[126.935029,37.400287],[126.933898,37.400287],[126.933898,37.399389]]]}},{"type":"Feature","properties":{"n":4,"A":2,"B":2},"geometry":{"type":"Polygon","coordinates":[[[126.904502,37.401186],[126.905632,37.401186],[126.905632,37.402084],[126.904502,37.402084],[126.904502,37.401186]]]}},{"type":"Feature","properties":{"n":4,"A":2,"B":2},"geometry":{"type":"Polygon","coordinates":[[[126.974601,37.401186],[126.975732,37.401186],[126.975732,37.402084],[126.974601,37.402084],[126.974601,37.401186]]]}},{"type":"Feature","properties":{"n":2,"A":1,"B":1},"geometry":{"type":"Polygon","coordinates":[[[126.950858,37.413762],[126.951988,37.413762],[126.951988,37.41466],[126.950858,37.41466],[126.950858,37.413762]]]}},{"type":"Feature","properties":{"n":6,"A":3,"B":3},"geometry":{"type":"Polygon","coordinates":[[[126.957642,37.404779],[126.958772,37.404779],[126.958772,37.405677],[126.957642,37.405677],[126.957642,37.404779]]]}},{"type":"Feature","properties":{"n":1,"A":0,"B":1},"geometry":{"type":"Polygon","coordinates":[[[126.941813,37.385914],[126.942943,37.385914],[126.942943,37.386813],[126.941813,37.386813],[126.941813,37.385914]]]}},{"type":"Feature","properties":{"n":1,"A":1,"B":0},"geometry":{"type":"Polygon","coordinates":[[[126.946335,37.387711],[126.947466,37.387711],[126.947466,37.388609],[126.946335,37.388609],[126.946335,37.387711]]]}},{"type":"Feature","properties":{"n":3,"A":1,"B":2},"geometry":{"type":"Polygon","coordinates":[[[126.945205,37.388609],[126.946335,37.388609],[126.946335,37.389508],[126.945205,37.389508],[126.945205,37.388609]]]}},{"type":"Feature","properties":{"n":1,"A":1,"B":0},"geometry":{"type":"Polygon","coordinates":[[[126.946335,37.388609],[126.947466,37.388609],[126.947466,37.389508],[126.946335,37.389508],[126.946335,37.388609]]]}},{"type":"Feature","properties":{"n":2,"A":1,"B":1},"geometry":{"type":"Polygon","coordinates":[[[126.938421,37.397593],[126.939551,37.397593],[126.939551,37.398491],[126.938421,37.398491],[126.938421,37.397593]]]}},{"type":"Feature","properties":{"n":2,"A":2,"B":0},"geometry":{"type":"Polygon","coordinates":[[[126.920331,37.419152],[126.921461,37.419152],[126.921461,37.42005],[126.920331,37.42005],[126.920331,37.419152]]]}},{"type":"Feature","properties":{"n":2,"A":1,"B":1},"geometry":{"type":"Polygon","coordinates":[[[126.9192,37.399389],[126.920331,37.399389],[126.920331,37.400287],[126.9192,37.400287],[126.9192,37.399389]]]}},{"type":"Feature","properties":{"n":2,"A":0,"B":2},"geometry":{"type":"Polygon","coordinates":[[[126.907894,37.392203],[126.909024,37.392203],[126.909024,37.393101],[126.907894,37.393101],[126.907894,37.392203]]]}},{"type":"Feature","properties":{"n":3,"A":1,"B":2},"geometry":{"type":"Polygon","coordinates":[[[126.915808,37.399389],[126.916939,37.399389],[126.916939,37.400287],[126.915808,37.400287],[126.915808,37.399389]]]}},{"type":"Feature","properties":{"n":4,"A":2,"B":2},"geometry":{"type":"Polygon","coordinates":[[[126.916939,37.395796],[126.918069,37.395796],[126.918069,37.396694],[126.916939,37.396694],[126.916939,37.395796]]]}},{"type":"Feature","properties":{"n":4,"A":1,"B":3},"geometry":{"type":"Polygon","coordinates":[[[126.929376,37.392203],[126.930506,37.392203],[126.930506,37.393101],[126.929376,37.393101],[126.929376,37.392203]]]}},{"type":"Feature","properties":{"n":3,"A":1,"B":2},"geometry":{"type":"Polygon","coordinates":[[[126.898849,37.424542],[126.899979,37.424542],[126.899979,37.42544],[126.898849,37.42544],[126.898849,37.424542]]]}},{"type":"Feature","properties":{"n":1,"A":0,"B":1},"geometry":{"type":"Polygon","coordinates":[[[126.905632,37.401186],[126.906763,37.401186],[126.906763,37.402084],[126.905632,37.402084],[126.905632,37.401186]]]}},{"type":"Feature","properties":{"n":4,"A":2,"B":2},"geometry":{"type":"Polygon","coordinates":[[[126.93616,37.379626],[126.93729,37.379626],[126.93729,37.380525],[126.93616,37.380525],[126.93616,37.379626]]]}},{"type":"Feature","properties":{"n":1,"A":0,"B":1},"geometry":{"type":"Polygon","coordinates":[[[126.950858,37.36705],[126.951988,37.36705],[126.951988,37.367948],[126.950858,37.367948],[126.950858,37.36705]]]}},{"type":"Feature","properties":{"n":1,"A":1,"B":0},"geometry":{"type":"Polygon","coordinates":[[[126.93616,37.381423],[126.93729,37.381423],[126.93729,37.382321],[126.93616,37.382321],[126.93616,37.381423]]]}},{"type":"Feature","properties":{"n":4,"A":2,"B":2},"geometry":{"type":"Polygon","coordinates":[[[126.935029,37.381423],[126.93616,37.381423],[126.93616,37.382321],[126.935029,37.382321],[126.935029,37.381423]]]}},{"type":"Feature","properties":{"n":1,"A":0,"B":1},"geometry":{"type":"Polygon","coordinates":[[[126.968948,37.392203],[126.970079,37.392203],[126.970079,37.393101],[126.968948,37.393101],[126.968948,37.392203]]]}},{"type":"Feature","properties":{"n":1,"A":1,"B":0},"geometry":{"type":"Polygon","coordinates":[[[126.941813,37.384118],[126.942943,37.384118],[126.942943,37.385016],[126.941813,37.385016],[126.941813,37.384118]]]}},{"type":"Feature","properties":{"n":2,"A":0,"B":2},"geometry":{"type":"Polygon","coordinates":[[[126.933898,37.396694],[126.935029,37.396694],[126.935029,37.397593],[126.933898,37.397593],[126.933898,37.396694]]]}},{"type":"Feature","properties":{"n":3,"A":1,"B":2},"geometry":{"type":"Polygon","coordinates":[[[126.922592,37.397593],[126.923723,37.397593],[126.923723,37.398491],[126.922592,37.398491],[126.922592,37.397593]]]}},{"type":"Feature","properties":{"n":1,"A":1,"B":0},"geometry":{"type":"Polygon","coordinates":[[[126.929376,37.38322],[126.930506,37.38322],[126.930506,37.384118],[126.929376,37.384118],[126.929376,37.38322]]]}},{"type":"Feature","properties":{"n":3,"A":3,"B":0},"geometry":{"type":"Polygon","coordinates":[[[126.909024,37.392203],[126.910155,37.392203],[126.910155,37.393101],[126.909024,37.393101],[126.909024,37.392203]]]}},{"type":"Feature","properties":{"n":5,"A":4,"B":1},"geometry":{"type":"Polygon","coordinates":[[[126.911286,37.422745],[126.912416,37.422745],[126.912416,37.423644],[126.911286,37.423644],[126.911286,37.422745]]]}},{"type":"Feature","properties":{"n":2,"A":1,"B":1},"geometry":{"type":"Polygon","coordinates":[[[126.921461,37.394898],[126.922592,37.394898],[126.922592,37.395796],[126.921461,37.395796],[126.921461,37.394898]]]}},{"type":"Feature","properties":{"n":2,"A":2,"B":0},"geometry":{"type":"Polygon","coordinates":[[[126.942943,37.387711],[126.944074,37.387711],[126.944074,37.388609],[126.942943,37.388609],[126.942943,37.387711]]]}},{"type":"Feature","properties":{"n":1,"A":0,"B":1},"geometry":{"type":"Polygon","coordinates":[[[126.905632,37.410169],[126.906763,37.410169],[126.906763,37.411067],[126.905632,37.411067],[126.905632,37.410169]]]}},{"type":"Feature","properties":{"n":2,"A":1,"B":1},"geometry":{"type":"Polygon","coordinates":[[[126.966687,37.402982],[126.967817,37.402982],[126.967817,37.403881],[126.966687,37.403881],[126.966687,37.402982]]]}},{"type":"Feature","properties":{"n":1,"A":1,"B":0},"geometry":{"type":"Polygon","coordinates":[[[126.928245,37.392203],[126.929376,37.392203],[126.929376,37.393101],[126.928245,37.393101],[126.928245,37.392203]]]}},{"type":"Feature","properties":{"n":2,"A":1,"B":1},"geometry":{"type":"Polygon","coordinates":[[[126.961033,37.376931],[126.962164,37.376931],[126.962164,37.37783],[126.961033,37.37783],[126.961033,37.376931]]]}},{"type":"Feature","properties":{"n":2,"A":0,"B":2},"geometry":{"type":"Polygon","coordinates":[[[126.951988,37.382321],[126.953119,37.382321],[126.953119,37.38322],[126.951988,37.38322],[126.951988,37.382321]]]}},{"type":"Feature","properties":{"n":2,"A":2,"B":0},"geometry":{"type":"Polygon","coordinates":[[[126.909024,37.404779],[126.910155,37.404779],[126.910155,37.405677],[126.909024,37.405677],[126.909024,37.404779]]]}},{"type":"Feature","properties":{"n":3,"A":2,"B":1},"geometry":{"type":"Polygon","coordinates":[[[126.929376,37.387711],[126.930506,37.387711],[126.930506,37.388609],[126.929376,37.388609],[126.929376,37.387711]]]}},{"type":"Feature","properties":{"n":3,"A":2,"B":1},"geometry":{"type":"Polygon","coordinates":[[[126.916939,37.397593],[126.918069,37.397593],[126.918069,37.398491],[126.916939,37.398491],[126.916939,37.397593]]]}},{"type":"Feature","properties":{"n":1,"A":1,"B":0},"geometry":{"type":"Polygon","coordinates":[[[126.914678,37.402084],[126.915808,37.402084],[126.915808,37.402982],[126.914678,37.402982],[126.914678,37.402084]]]}},{"type":"Feature","properties":{"n":1,"A":0,"B":1},"geometry":{"type":"Polygon","coordinates":[[[126.967817,37.399389],[126.968948,37.399389],[126.968948,37.400287],[126.967817,37.400287],[126.967817,37.399389]]]}},{"type":"Feature","properties":{"n":5,"A":1,"B":4},"geometry":{"type":"Polygon","coordinates":[[[126.897718,37.405677],[126.898849,37.405677],[126.898849,37.406576],[126.897718,37.406576],[126.897718,37.405677]]]}},{"type":"Feature","properties":{"n":1,"A":0,"B":1},"geometry":{"type":"Polygon","coordinates":[[[126.956511,37.37244],[126.957642,37.37244],[126.957642,37.373338],[126.956511,37.373338],[126.956511,37.37244]]]}},{"type":"Feature","properties":{"n":3,"A":3,"B":0},"geometry":{"type":"Polygon","coordinates":[[[126.905632,37.391304],[126.906763,37.391304],[126.906763,37.392203],[126.905632,37.392203],[126.905632,37.391304]]]}},{"type":"Feature","properties":{"n":3,"A":3,"B":0},"geometry":{"type":"Polygon","coordinates":[[[126.931637,37.418254],[126.932768,37.418254],[126.932768,37.419152],[126.931637,37.419152],[126.931637,37.418254]]]}},{"type":"Feature","properties":{"n":6,"A":2,"B":4},"geometry":{"type":"Polygon","coordinates":[[[126.963295,37.373338],[126.964425,37.373338],[126.964425,37.374236],[126.963295,37.374236],[126.963295,37.373338]]]}},{"type":"Feature","properties":{"n":3,"A":2,"B":1},"geometry":{"type":"Polygon","coordinates":[[[126.951988,37.413762],[126.953119,37.413762],[126.953119,37.41466],[126.951988,37.41466],[126.951988,37.413762]]]}},{"type":"Feature","properties":{"n":3,"A":2,"B":1},"geometry":{"type":"Polygon","coordinates":[[[126.929376,37.393101],[126.930506,37.393101],[126.930506,37.393999],[126.929376,37.393999],[126.929376,37.393101]]]}},{"type":"Feature","properties":{"n":3,"A":3,"B":0},"geometry":{"type":"Polygon","coordinates":[[[126.965556,37.402982],[126.966687,37.402982],[126.966687,37.403881],[126.965556,37.403881],[126.965556,37.402982]]]}},{"type":"Feature","properties":{"n":2,"A":1,"B":1},"geometry":{"type":"Polygon","coordinates":[[[126.914678,37.399389],[126.915808,37.399389],[126.915808,37.400287],[126.914678,37.400287],[126.914678,37.399389]]]}},{"type":"Feature","properties":{"n":2,"A":0,"B":2},"geometry":{"type":"Polygon","coordinates":[[[126.918069,37.397593],[126.9192,37.397593],[126.9192,37.398491],[126.918069,37.398491],[126.918069,37.397593]]]}},{"type":"Feature","properties":{"n":3,"A":3,"B":0},"geometry":{"type":"Polygon","coordinates":[[[126.907894,37.401186],[126.909024,37.401186],[126.909024,37.402084],[126.907894,37.402084],[126.907894,37.401186]]]}},{"type":"Feature","properties":{"n":5,"A":3,"B":2},"geometry":{"type":"Polygon","coordinates":[[[126.958772,37.402084],[126.959903,37.402084],[126.959903,37.402982],[126.958772,37.402982],[126.958772,37.402084]]]}},{"type":"Feature","properties":{"n":3,"A":1,"B":2},"geometry":{"type":"Polygon","coordinates":[[[126.905632,37.392203],[126.906763,37.392203],[126.906763,37.393101],[126.905632,37.393101],[126.905632,37.392203]]]}},{"type":"Feature","properties":{"n":5,"A":2,"B":3},"geometry":{"type":"Polygon","coordinates":[[[126.906763,37.412864],[126.907894,37.412864],[126.907894,37.413762],[126.906763,37.413762],[126.906763,37.412864]]]}},{"type":"Feature","properties":{"n":5,"A":3,"B":2},"geometry":{"type":"Polygon","coordinates":[[[126.9192,37.397593],[126.920331,37.397593],[126.920331,37.398491],[126.9192,37.398491],[126.9192,37.397593]]]}},{"type":"Feature","properties":{"n":1,"A":0,"B":1},"geometry":{"type":"Polygon","coordinates":[[[126.904502,37.433525],[126.905632,37.433525],[126.905632,37.434423],[126.904502,37.434423],[126.904502,37.433525]]]}},{"type":"Feature","properties":{"n":2,"A":1,"B":1},"geometry":{"type":"Polygon","coordinates":[[[126.931637,37.389508],[126.932768,37.389508],[126.932768,37.390406],[126.931637,37.390406],[126.931637,37.389508]]]}},{"type":"Feature","properties":{"n":2,"A":2,"B":0},"geometry":{"type":"Polygon","coordinates":[[[126.961033,37.393101],[126.962164,37.393101],[126.962164,37.393999],[126.961033,37.393999],[126.961033,37.393101]]]}},{"type":"Feature","properties":{"n":1,"A":0,"B":1},"geometry":{"type":"Polygon","coordinates":[[[126.964425,37.406576],[126.965556,37.406576],[126.965556,37.407474],[126.964425,37.407474],[126.964425,37.406576]]]}},{"type":"Feature","properties":{"n":2,"A":1,"B":1},"geometry":{"type":"Polygon","coordinates":[[[126.899979,37.401186],[126.90111,37.401186],[126.90111,37.402084],[126.899979,37.402084],[126.899979,37.401186]]]}},{"type":"Feature","properties":{"n":4,"A":0,"B":4},"geometry":{"type":"Polygon","coordinates":[[[126.931637,37.382321],[126.932768,37.382321],[126.932768,37.38322],[126.931637,37.38322],[126.931637,37.382321]]]}},{"type":"Feature","properties":{"n":3,"A":2,"B":1},"geometry":{"type":"Polygon","coordinates":[[[126.933898,37.389508],[126.935029,37.389508],[126.935029,37.390406],[126.933898,37.390406],[126.933898,37.389508]]]}},{"type":"Feature","properties":{"n":3,"A":0,"B":3},"geometry":{"type":"Polygon","coordinates":[[[126.933898,37.387711],[126.935029,37.387711],[126.935029,37.388609],[126.933898,37.388609],[126.933898,37.387711]]]}},{"type":"Feature","properties":{"n":1,"A":0,"B":1},"geometry":{"type":"Polygon","coordinates":[[[126.906763,37.427237],[126.907894,37.427237],[126.907894,37.428135],[126.906763,37.428135],[126.906763,37.427237]]]}},{"type":"Feature","properties":{"n":1,"A":1,"B":0},"geometry":{"type":"Polygon","coordinates":[[[126.912416,37.395796],[126.913547,37.395796],[126.913547,37.396694],[126.912416,37.396694],[126.912416,37.395796]]]}},{"type":"Feature","properties":{"n":2,"A":1,"B":1},"geometry":{"type":"Polygon","coordinates":[[[126.928245,37.384118],[126.929376,37.384118],[126.929376,37.385016],[126.928245,37.385016],[126.928245,37.384118]]]}},{"type":"Feature","properties":{"n":6,"A":3,"B":3},"geometry":{"type":"Polygon","coordinates":[[[126.929376,37.384118],[126.930506,37.384118],[126.930506,37.385016],[126.929376,37.385016],[126.929376,37.384118]]]}},{"type":"Feature","properties":{"n":2,"A":2,"B":0},"geometry":{"type":"Polygon","coordinates":[[[126.912416,37.402982],[126.913547,37.402982],[126.913547,37.403881],[126.912416,37.403881],[126.912416,37.402982]]]}},{"type":"Feature","properties":{"n":5,"A":4,"B":1},"geometry":{"type":"Polygon","coordinates":[[[126.930506,37.38322],[126.931637,37.38322],[126.931637,37.384118],[126.930506,37.384118],[126.930506,37.38322]]]}},{"type":"Feature","properties":{"n":5,"A":2,"B":3},"geometry":{"type":"Polygon","coordinates":[[[126.904502,37.413762],[126.905632,37.413762],[126.905632,37.41466],[126.904502,37.41466],[126.904502,37.413762]]]}},{"type":"Feature","properties":{"n":2,"A":0,"B":2},"geometry":{"type":"Polygon","coordinates":[[[126.929376,37.385914],[126.930506,37.385914],[126.930506,37.386813],[126.929376,37.386813],[126.929376,37.385914]]]}},{"type":"Feature","properties":{"n":3,"A":1,"B":2},"geometry":{"type":"Polygon","coordinates":[[[126.895457,37.407474],[126.896587,37.407474],[126.896587,37.408372],[126.895457,37.408372],[126.895457,37.407474]]]}},{"type":"Feature","properties":{"n":1,"A":0,"B":1},"geometry":{"type":"Polygon","coordinates":[[[126.911286,37.404779],[126.912416,37.404779],[126.912416,37.405677],[126.911286,37.405677],[126.911286,37.404779]]]}},{"type":"Feature","properties":{"n":2,"A":0,"B":2},"geometry":{"type":"Polygon","coordinates":[[[126.905632,37.411067],[126.906763,37.411067],[126.906763,37.411966],[126.905632,37.411966],[126.905632,37.411067]]]}},{"type":"Feature","properties":{"n":2,"A":0,"B":2},"geometry":{"type":"Polygon","coordinates":[[[126.970079,37.406576],[126.971209,37.406576],[126.971209,37.407474],[126.970079,37.407474],[126.970079,37.406576]]]}},{"type":"Feature","properties":{"n":2,"A":2,"B":0},"geometry":{"type":"Polygon","coordinates":[[[126.885281,37.404779],[126.886412,37.404779],[126.886412,37.405677],[126.885281,37.405677],[126.885281,37.404779]]]}},{"type":"Feature","properties":{"n":3,"A":1,"B":2},"geometry":{"type":"Polygon","coordinates":[[[126.911286,37.411966],[126.912416,37.411966],[126.912416,37.412864],[126.911286,37.412864],[126.911286,37.411966]]]}},{"type":"Feature","properties":{"n":2,"A":1,"B":1},"geometry":{"type":"Polygon","coordinates":[[[126.909024,37.418254],[126.910155,37.418254],[126.910155,37.419152],[126.909024,37.419152],[126.909024,37.418254]]]}},{"type":"Feature","properties":{"n":1,"A":0,"B":1},"geometry":{"type":"Polygon","coordinates":[[[126.97347,37.410169],[126.974601,37.410169],[126.974601,37.411067],[126.97347,37.411067],[126.97347,37.410169]]]}},{"type":"Feature","properties":{"n":2,"A":1,"B":1},"geometry":{"type":"Polygon","coordinates":[[[126.911286,37.401186],[126.912416,37.401186],[126.912416,37.402084],[126.911286,37.402084],[126.911286,37.401186]]]}},{"type":"Feature","properties":{"n":12,"A":10,"B":2},"geometry":{"type":"Polygon","coordinates":[[[126.963295,37.382321],[126.964425,37.382321],[126.964425,37.38322],[126.963295,37.38322],[126.963295,37.382321]]]}},{"type":"Feature","properties":{"n":5,"A":3,"B":2},"geometry":{"type":"Polygon","coordinates":[[[126.953119,37.402982],[126.95425,37.402982],[126.95425,37.403881],[126.953119,37.403881],[126.953119,37.402982]]]}},{"type":"Feature","properties":{"n":1,"A":0,"B":1},"geometry":{"type":"Polygon","coordinates":[[[126.965556,37.402084],[126.966687,37.402084],[126.966687,37.402982],[126.965556,37.402982],[126.965556,37.402084]]]}},{"type":"Feature","properties":{"n":5,"A":3,"B":2},"geometry":{"type":"Polygon","coordinates":[[[126.971209,37.403881],[126.97234,37.403881],[126.97234,37.404779],[126.971209,37.404779],[126.971209,37.403881]]]}},{"type":"Feature","properties":{"n":3,"A":1,"B":2},"geometry":{"type":"Polygon","coordinates":[[[126.918069,37.396694],[126.9192,37.396694],[126.9192,37.397593],[126.918069,37.397593],[126.918069,37.396694]]]}},{"type":"Feature","properties":{"n":1,"A":0,"B":1},"geometry":{"type":"Polygon","coordinates":[[[126.959903,37.376033],[126.961033,37.376033],[126.961033,37.376931],[126.959903,37.376931],[126.959903,37.376033]]]}},{"type":"Feature","properties":{"n":2,"A":2,"B":0},"geometry":{"type":"Polygon","coordinates":[[[126.907894,37.419152],[126.909024,37.419152],[126.909024,37.42005],[126.907894,37.42005],[126.907894,37.419152]]]}},{"type":"Feature","properties":{"n":2,"A":0,"B":2},"geometry":{"type":"Polygon","coordinates":[[[126.962164,37.406576],[126.963295,37.406576],[126.963295,37.407474],[126.962164,37.407474],[126.962164,37.406576]]]}},{"type":"Feature","properties":{"n":1,"A":0,"B":1},"geometry":{"type":"Polygon","coordinates":[[[126.897718,37.404779],[126.898849,37.404779],[126.898849,37.405677],[126.897718,37.405677],[126.897718,37.404779]]]}},{"type":"Feature","properties":{"n":1,"A":0,"B":1},"geometry":{"type":"Polygon","coordinates":[[[126.961033,37.374236],[126.962164,37.374236],[126.962164,37.375135],[126.961033,37.375135],[126.961033,37.374236]]]}},{"type":"Feature","properties":{"n":1,"A":1,"B":0},"geometry":{"type":"Polygon","coordinates":[[[126.921461,37.397593],[126.922592,37.397593],[126.922592,37.398491],[126.921461,37.398491],[126.921461,37.397593]]]}},{"type":"Feature","properties":{"n":1,"A":0,"B":1},"geometry":{"type":"Polygon","coordinates":[[[126.899979,37.397593],[126.90111,37.397593],[126.90111,37.398491],[126.899979,37.398491],[126.899979,37.397593]]]}},{"type":"Feature","properties":{"n":4,"A":1,"B":3},"geometry":{"type":"Polygon","coordinates":[[[126.913547,37.407474],[126.914678,37.407474],[126.914678,37.408372],[126.913547,37.408372],[126.913547,37.407474]]]}},{"type":"Feature","properties":{"n":2,"A":1,"B":1},"geometry":{"type":"Polygon","coordinates":[[[126.93616,37.378728],[126.93729,37.378728],[126.93729,37.379626],[126.93616,37.379626],[126.93616,37.378728]]]}},{"type":"Feature","properties":{"n":1,"A":0,"B":1},"geometry":{"type":"Polygon","coordinates":[[[126.918069,37.393999],[126.9192,37.393999],[126.9192,37.394898],[126.918069,37.394898],[126.918069,37.393999]]]}},{"type":"Feature","properties":{"n":2,"A":1,"B":1},"geometry":{"type":"Polygon","coordinates":[[[126.928245,37.382321],[126.929376,37.382321],[126.929376,37.38322],[126.928245,37.38322],[126.928245,37.382321]]]}},{"type":"Feature","properties":{"n":1,"A":1,"B":0},"geometry":{"type":"Polygon","coordinates":[[[126.907894,37.406576],[126.909024,37.406576],[126.909024,37.407474],[126.907894,37.407474],[126.907894,37.406576]]]}},{"type":"Feature","properties":{"n":9,"A":5,"B":4},"geometry":{"type":"Polygon","coordinates":[[[126.95425,37.402982],[126.95538,37.402982],[126.95538,37.403881],[126.95425,37.403881],[126.95425,37.402982]]]}},{"type":"Feature","properties":{"n":4,"A":1,"B":3},"geometry":{"type":"Polygon","coordinates":[[[126.95538,37.402084],[126.956511,37.402084],[126.956511,37.402982],[126.95538,37.402982],[126.95538,37.402084]]]}},{"type":"Feature","properties":{"n":2,"A":1,"B":1},"geometry":{"type":"Polygon","coordinates":[[[126.974601,37.393999],[126.975732,37.393999],[126.975732,37.394898],[126.974601,37.394898],[126.974601,37.393999]]]}},{"type":"Feature","properties":{"n":10,"A":10,"B":0},"geometry":{"type":"Polygon","coordinates":[[[126.962164,37.382321],[126.963295,37.382321],[126.963295,37.38322],[126.962164,37.38322],[126.962164,37.382321]]]}},{"type":"Feature","properties":{"n":9,"A":8,"B":1},"geometry":{"type":"Polygon","coordinates":[[[126.962164,37.38322],[126.963295,37.38322],[126.963295,37.384118],[126.962164,37.384118],[126.962164,37.38322]]]}},{"type":"Feature","properties":{"n":2,"A":1,"B":1},"geometry":{"type":"Polygon","coordinates":[[[126.975732,37.393999],[126.976862,37.393999],[126.976862,37.394898],[126.975732,37.394898],[126.975732,37.393999]]]}},{"type":"Feature","properties":{"n":1,"A":0,"B":1},"geometry":{"type":"Polygon","coordinates":[[[126.97347,37.401186],[126.974601,37.401186],[126.974601,37.402084],[126.97347,37.402084],[126.97347,37.401186]]]}},{"type":"Feature","properties":{"n":3,"A":2,"B":1},"geometry":{"type":"Polygon","coordinates":[[[126.97347,37.400287],[126.974601,37.400287],[126.974601,37.401186],[126.97347,37.401186],[126.97347,37.400287]]]}},{"type":"Feature","properties":{"n":2,"A":1,"B":1},"geometry":{"type":"Polygon","coordinates":[[[126.974601,37.391304],[126.975732,37.391304],[126.975732,37.392203],[126.974601,37.392203],[126.974601,37.391304]]]}},{"type":"Feature","properties":{"n":2,"A":0,"B":2},"geometry":{"type":"Polygon","coordinates":[[[126.97347,37.391304],[126.974601,37.391304],[126.974601,37.392203],[126.97347,37.392203],[126.97347,37.391304]]]}},{"type":"Feature","properties":{"n":1,"A":1,"B":0},"geometry":{"type":"Polygon","coordinates":[[[126.97347,37.388609],[126.974601,37.388609],[126.974601,37.389508],[126.97347,37.389508],[126.97347,37.388609]]]}},{"type":"Feature","properties":{"n":1,"A":1,"B":0},"geometry":{"type":"Polygon","coordinates":[[[126.953119,37.366152],[126.95425,37.366152],[126.95425,37.36705],[126.953119,37.36705],[126.953119,37.366152]]]}},{"type":"Feature","properties":{"n":1,"A":1,"B":0},"geometry":{"type":"Polygon","coordinates":[[[126.97234,37.386813],[126.97347,37.386813],[126.97347,37.387711],[126.97234,37.387711],[126.97234,37.386813]]]}},{"type":"Feature","properties":{"n":1,"A":0,"B":1},"geometry":{"type":"Polygon","coordinates":[[[126.97234,37.390406],[126.97347,37.390406],[126.97347,37.391304],[126.97234,37.391304],[126.97234,37.390406]]]}},{"type":"Feature","properties":{"n":1,"A":0,"B":1},"geometry":{"type":"Polygon","coordinates":[[[126.967817,37.389508],[126.968948,37.389508],[126.968948,37.390406],[126.967817,37.390406],[126.967817,37.389508]]]}},{"type":"Feature","properties":{"n":4,"A":3,"B":1},"geometry":{"type":"Polygon","coordinates":[[[126.951988,37.367948],[126.953119,37.367948],[126.953119,37.368847],[126.951988,37.368847],[126.951988,37.367948]]]}},{"type":"Feature","properties":{"n":2,"A":0,"B":2},"geometry":{"type":"Polygon","coordinates":[[[126.911286,37.403881],[126.912416,37.403881],[126.912416,37.404779],[126.911286,37.404779],[126.911286,37.403881]]]}},{"type":"Feature","properties":{"n":1,"A":1,"B":0},"geometry":{"type":"Polygon","coordinates":[[[126.912416,37.411966],[126.913547,37.411966],[126.913547,37.412864],[126.912416,37.412864],[126.912416,37.411966]]]}},{"type":"Feature","properties":{"n":3,"A":1,"B":2},"geometry":{"type":"Polygon","coordinates":[[[126.963295,37.384118],[126.964425,37.384118],[126.964425,37.385016],[126.963295,37.385016],[126.963295,37.384118]]]}},{"type":"Feature","properties":{"n":1,"A":0,"B":1},"geometry":{"type":"Polygon","coordinates":[[[126.927114,37.42005],[126.928245,37.42005],[126.928245,37.420949],[126.927114,37.420949],[126.927114,37.42005]]]}},{"type":"Feature","properties":{"n":2,"A":2,"B":0},"geometry":{"type":"Polygon","coordinates":[[[126.951988,37.36705],[126.953119,37.36705],[126.953119,37.367948],[126.951988,37.367948],[126.951988,37.36705]]]}},{"type":"Feature","properties":{"n":2,"A":1,"B":1},"geometry":{"type":"Polygon","coordinates":[[[126.953119,37.36705],[126.95425,37.36705],[126.95425,37.367948],[126.953119,37.367948],[126.953119,37.36705]]]}},{"type":"Feature","properties":{"n":2,"A":1,"B":1},"geometry":{"type":"Polygon","coordinates":[[[126.961033,37.384118],[126.962164,37.384118],[126.962164,37.385016],[126.961033,37.385016],[126.961033,37.384118]]]}},{"type":"Feature","properties":{"n":1,"A":0,"B":1},"geometry":{"type":"Polygon","coordinates":[[[126.959903,37.363457],[126.961033,37.363457],[126.961033,37.364355],[126.959903,37.364355],[126.959903,37.363457]]]}},{"type":"Feature","properties":{"n":2,"A":1,"B":1},"geometry":{"type":"Polygon","coordinates":[[[126.975732,37.401186],[126.976862,37.401186],[126.976862,37.402084],[126.975732,37.402084],[126.975732,37.401186]]]}},{"type":"Feature","properties":{"n":2,"A":0,"B":2},"geometry":{"type":"Polygon","coordinates":[[[126.974601,37.400287],[126.975732,37.400287],[126.975732,37.401186],[126.974601,37.401186],[126.974601,37.400287]]]}},{"type":"Feature","properties":{"n":3,"A":1,"B":2},"geometry":{"type":"Polygon","coordinates":[[[126.967817,37.403881],[126.968948,37.403881],[126.968948,37.404779],[126.967817,37.404779],[126.967817,37.403881]]]}},{"type":"Feature","properties":{"n":1,"A":1,"B":0},"geometry":{"type":"Polygon","coordinates":[[[126.915808,37.410169],[126.916939,37.410169],[126.916939,37.411067],[126.915808,37.411067],[126.915808,37.410169]]]}},{"type":"Feature","properties":{"n":7,"A":7,"B":0},"geometry":{"type":"Polygon","coordinates":[[[126.964425,37.382321],[126.965556,37.382321],[126.965556,37.38322],[126.964425,37.38322],[126.964425,37.382321]]]}},{"type":"Feature","properties":{"n":6,"A":5,"B":1},"geometry":{"type":"Polygon","coordinates":[[[126.907894,37.402084],[126.909024,37.402084],[126.909024,37.402982],[126.907894,37.402982],[126.907894,37.402084]]]}},{"type":"Feature","properties":{"n":6,"A":3,"B":3},"geometry":{"type":"Polygon","coordinates":[[[126.97347,37.398491],[126.974601,37.398491],[126.974601,37.399389],[126.97347,37.399389],[126.97347,37.398491]]]}},{"type":"Feature","properties":{"n":1,"A":0,"B":1},"geometry":{"type":"Polygon","coordinates":[[[126.950858,37.410169],[126.951988,37.410169],[126.951988,37.411067],[126.950858,37.411067],[126.950858,37.410169]]]}},{"type":"Feature","properties":{"n":1,"A":1,"B":0},"geometry":{"type":"Polygon","coordinates":[[[126.970079,37.404779],[126.971209,37.404779],[126.971209,37.405677],[126.970079,37.405677],[126.970079,37.404779]]]}},{"type":"Feature","properties":{"n":3,"A":1,"B":2},"geometry":{"type":"Polygon","coordinates":[[[126.956511,37.402084],[126.957642,37.402084],[126.957642,37.402982],[126.956511,37.402982],[126.956511,37.402084]]]}},{"type":"Feature","properties":{"n":1,"A":0,"B":1},"geometry":{"type":"Polygon","coordinates":[[[126.940682,37.379626],[126.941813,37.379626],[126.941813,37.380525],[126.940682,37.380525],[126.940682,37.379626]]]}},{"type":"Feature","properties":{"n":1,"A":0,"B":1},"geometry":{"type":"Polygon","coordinates":[[[126.940682,37.381423],[126.941813,37.381423],[126.941813,37.382321],[126.940682,37.382321],[126.940682,37.381423]]]}},{"type":"Feature","properties":{"n":1,"A":1,"B":0},"geometry":{"type":"Polygon","coordinates":[[[126.912416,37.410169],[126.913547,37.410169],[126.913547,37.411067],[126.912416,37.411067],[126.912416,37.410169]]]}},{"type":"Feature","properties":{"n":6,"A":3,"B":3},"geometry":{"type":"Polygon","coordinates":[[[126.976862,37.399389],[126.977993,37.399389],[126.977993,37.400287],[126.976862,37.400287],[126.976862,37.399389]]]}},{"type":"Feature","properties":{"n":1,"A":1,"B":0},"geometry":{"type":"Polygon","coordinates":[[[126.957642,37.403881],[126.958772,37.403881],[126.958772,37.404779],[126.957642,37.404779],[126.957642,37.403881]]]}},{"type":"Feature","properties":{"n":1,"A":1,"B":0},"geometry":{"type":"Polygon","coordinates":[[[126.959903,37.393101],[126.961033,37.393101],[126.961033,37.393999],[126.959903,37.393999],[126.959903,37.393101]]]}},{"type":"Feature","properties":{"n":3,"A":0,"B":3},"geometry":{"type":"Polygon","coordinates":[[[126.944074,37.382321],[126.945205,37.382321],[126.945205,37.38322],[126.944074,37.38322],[126.944074,37.382321]]]}},{"type":"Feature","properties":{"n":1,"A":0,"B":1},"geometry":{"type":"Polygon","coordinates":[[[126.944074,37.384118],[126.945205,37.384118],[126.945205,37.385016],[126.944074,37.385016],[126.944074,37.384118]]]}},{"type":"Feature","properties":{"n":1,"A":0,"B":1},"geometry":{"type":"Polygon","coordinates":[[[126.961033,37.392203],[126.962164,37.392203],[126.962164,37.393101],[126.961033,37.393101],[126.961033,37.392203]]]}},{"type":"Feature","properties":{"n":3,"A":0,"B":3},"geometry":{"type":"Polygon","coordinates":[[[126.948597,37.382321],[126.949727,37.382321],[126.949727,37.38322],[126.948597,37.38322],[126.948597,37.382321]]]}},{"type":"Feature","properties":{"n":1,"A":1,"B":0},"geometry":{"type":"Polygon","coordinates":[[[126.911286,37.413762],[126.912416,37.413762],[126.912416,37.41466],[126.911286,37.41466],[126.911286,37.413762]]]}},{"type":"Feature","properties":{"n":3,"A":2,"B":1},"geometry":{"type":"Polygon","coordinates":[[[126.913547,37.393101],[126.914678,37.393101],[126.914678,37.393999],[126.913547,37.393999],[126.913547,37.393101]]]}},{"type":"Feature","properties":{"n":3,"A":1,"B":2},"geometry":{"type":"Polygon","coordinates":[[[126.958772,37.404779],[126.959903,37.404779],[126.959903,37.405677],[126.958772,37.405677],[126.958772,37.404779]]]}},{"type":"Feature","properties":{"n":5,"A":5,"B":0},"geometry":{"type":"Polygon","coordinates":[[[126.964425,37.38322],[126.965556,37.38322],[126.965556,37.384118],[126.964425,37.384118],[126.964425,37.38322]]]}},{"type":"Feature","properties":{"n":3,"A":2,"B":1},"geometry":{"type":"Polygon","coordinates":[[[126.924853,37.397593],[126.925984,37.397593],[126.925984,37.398491],[126.924853,37.398491],[126.924853,37.397593]]]}},{"type":"Feature","properties":{"n":2,"A":1,"B":1},"geometry":{"type":"Polygon","coordinates":[[[126.948597,37.381423],[126.949727,37.381423],[126.949727,37.382321],[126.948597,37.382321],[126.948597,37.381423]]]}},{"type":"Feature","properties":{"n":4,"A":2,"B":2},"geometry":{"type":"Polygon","coordinates":[[[126.949727,37.404779],[126.950858,37.404779],[126.950858,37.405677],[126.949727,37.405677],[126.949727,37.404779]]]}},{"type":"Feature","properties":{"n":1,"A":0,"B":1},"geometry":{"type":"Polygon","coordinates":[[[126.945205,37.382321],[126.946335,37.382321],[126.946335,37.38322],[126.945205,37.38322],[126.945205,37.382321]]]}},{"type":"Feature","properties":{"n":1,"A":1,"B":0},"geometry":{"type":"Polygon","coordinates":[[[126.957642,37.405677],[126.958772,37.405677],[126.958772,37.406576],[126.957642,37.406576],[126.957642,37.405677]]]}},{"type":"Feature","properties":{"n":7,"A":1,"B":6},"geometry":{"type":"Polygon","coordinates":[[[126.975732,37.397593],[126.976862,37.397593],[126.976862,37.398491],[126.975732,37.398491],[126.975732,37.397593]]]}},{"type":"Feature","properties":{"n":2,"A":2,"B":0},"geometry":{"type":"Polygon","coordinates":[[[126.88415,37.404779],[126.885281,37.404779],[126.885281,37.405677],[126.88415,37.405677],[126.88415,37.404779]]]}},{"type":"Feature","properties":{"n":3,"A":1,"B":2},"geometry":{"type":"Polygon","coordinates":[[[126.959903,37.38322],[126.961033,37.38322],[126.961033,37.384118],[126.959903,37.384118],[126.959903,37.38322]]]}},{"type":"Feature","properties":{"n":2,"A":2,"B":0},"geometry":{"type":"Polygon","coordinates":[[[126.959903,37.382321],[126.961033,37.382321],[126.961033,37.38322],[126.959903,37.38322],[126.959903,37.382321]]]}},{"type":"Feature","properties":{"n":3,"A":1,"B":2},"geometry":{"type":"Polygon","coordinates":[[[126.932768,37.385914],[126.933898,37.385914],[126.933898,37.386813],[126.932768,37.386813],[126.932768,37.385914]]]}},{"type":"Feature","properties":{"n":1,"A":0,"B":1},"geometry":{"type":"Polygon","coordinates":[[[126.905632,37.405677],[126.906763,37.405677],[126.906763,37.406576],[126.905632,37.406576],[126.905632,37.405677]]]}},{"type":"Feature","properties":{"n":2,"A":1,"B":1},"geometry":{"type":"Polygon","coordinates":[[[126.915808,37.406576],[126.916939,37.406576],[126.916939,37.407474],[126.915808,37.407474],[126.915808,37.406576]]]}},{"type":"Feature","properties":{"n":1,"A":1,"B":0},"geometry":{"type":"Polygon","coordinates":[[[126.946335,37.395796],[126.947466,37.395796],[126.947466,37.396694],[126.946335,37.396694],[126.946335,37.395796]]]}},{"type":"Feature","properties":{"n":3,"A":1,"B":2},"geometry":{"type":"Polygon","coordinates":[[[126.939551,37.396694],[126.940682,37.396694],[126.940682,37.397593],[126.939551,37.397593],[126.939551,37.396694]]]}},{"type":"Feature","properties":{"n":2,"A":0,"B":2},"geometry":{"type":"Polygon","coordinates":[[[126.950858,37.380525],[126.951988,37.380525],[126.951988,37.381423],[126.950858,37.381423],[126.950858,37.380525]]]}},{"type":"Feature","properties":{"n":2,"A":0,"B":2},"geometry":{"type":"Polygon","coordinates":[[[126.918069,37.389508],[126.9192,37.389508],[126.9192,37.390406],[126.918069,37.390406],[126.918069,37.389508]]]}},{"type":"Feature","properties":{"n":1,"A":0,"B":1},"geometry":{"type":"Polygon","coordinates":[[[126.957642,37.402084],[126.958772,37.402084],[126.958772,37.402982],[126.957642,37.402982],[126.957642,37.402084]]]}},{"type":"Feature","properties":{"n":1,"A":0,"B":1},"geometry":{"type":"Polygon","coordinates":[[[126.896587,37.401186],[126.897718,37.401186],[126.897718,37.402084],[126.896587,37.402084],[126.896587,37.401186]]]}},{"type":"Feature","properties":{"n":4,"A":3,"B":1},"geometry":{"type":"Polygon","coordinates":[[[126.930506,37.390406],[126.931637,37.390406],[126.931637,37.391304],[126.930506,37.391304],[126.930506,37.390406]]]}},{"type":"Feature","properties":{"n":2,"A":1,"B":1},"geometry":{"type":"Polygon","coordinates":[[[126.925984,37.390406],[126.927114,37.390406],[126.927114,37.391304],[126.925984,37.391304],[126.925984,37.390406]]]}},{"type":"Feature","properties":{"n":2,"A":2,"B":0},"geometry":{"type":"Polygon","coordinates":[[[126.910155,37.415559],[126.911286,37.415559],[126.911286,37.416457],[126.910155,37.416457],[126.910155,37.415559]]]}},{"type":"Feature","properties":{"n":3,"A":2,"B":1},"geometry":{"type":"Polygon","coordinates":[[[126.914678,37.393101],[126.915808,37.393101],[126.915808,37.393999],[126.914678,37.393999],[126.914678,37.393101]]]}},{"type":"Feature","properties":{"n":2,"A":0,"B":2},"geometry":{"type":"Polygon","coordinates":[[[126.944074,37.389508],[126.945205,37.389508],[126.945205,37.390406],[126.944074,37.390406],[126.944074,37.389508]]]}},{"type":"Feature","properties":{"n":5,"A":1,"B":4},"geometry":{"type":"Polygon","coordinates":[[[126.922592,37.394898],[126.923723,37.394898],[126.923723,37.395796],[126.922592,37.395796],[126.922592,37.394898]]]}},{"type":"Feature","properties":{"n":2,"A":0,"B":2},"geometry":{"type":"Polygon","coordinates":[[[126.905632,37.432627],[126.906763,37.432627],[126.906763,37.433525],[126.905632,37.433525],[126.905632,37.432627]]]}},{"type":"Feature","properties":{"n":3,"A":1,"B":2},"geometry":{"type":"Polygon","coordinates":[[[126.933898,37.385016],[126.935029,37.385016],[126.935029,37.385914],[126.933898,37.385914],[126.933898,37.385016]]]}},{"type":"Feature","properties":{"n":1,"A":0,"B":1},"geometry":{"type":"Polygon","coordinates":[[[126.951988,37.411966],[126.953119,37.411966],[126.953119,37.412864],[126.951988,37.412864],[126.951988,37.411966]]]}},{"type":"Feature","properties":{"n":6,"A":1,"B":5},"geometry":{"type":"Polygon","coordinates":[[[126.909024,37.402084],[126.910155,37.402084],[126.910155,37.402982],[126.909024,37.402982],[126.909024,37.402084]]]}},{"type":"Feature","properties":{"n":2,"A":0,"B":2},"geometry":{"type":"Polygon","coordinates":[[[126.970079,37.407474],[126.971209,37.407474],[126.971209,37.408372],[126.970079,37.408372],[126.970079,37.407474]]]}},{"type":"Feature","properties":{"n":2,"A":1,"B":1},"geometry":{"type":"Polygon","coordinates":[[[126.939551,37.395796],[126.940682,37.395796],[126.940682,37.396694],[126.939551,37.396694],[126.939551,37.395796]]]}},{"type":"Feature","properties":{"n":3,"A":1,"B":2},"geometry":{"type":"Polygon","coordinates":[[[126.913547,37.402084],[126.914678,37.402084],[126.914678,37.402982],[126.913547,37.402982],[126.913547,37.402084]]]}},{"type":"Feature","properties":{"n":1,"A":0,"B":1},"geometry":{"type":"Polygon","coordinates":[[[126.951988,37.402084],[126.953119,37.402084],[126.953119,37.402982],[126.951988,37.402982],[126.951988,37.402084]]]}},{"type":"Feature","properties":{"n":1,"A":1,"B":0},"geometry":{"type":"Polygon","coordinates":[[[126.924853,37.393999],[126.925984,37.393999],[126.925984,37.394898],[126.924853,37.394898],[126.924853,37.393999]]]}},{"type":"Feature","properties":{"n":3,"A":1,"B":2},"geometry":{"type":"Polygon","coordinates":[[[126.923723,37.396694],[126.924853,37.396694],[126.924853,37.397593],[126.923723,37.397593],[126.923723,37.396694]]]}},{"type":"Feature","properties":{"n":4,"A":1,"B":3},"geometry":{"type":"Polygon","coordinates":[[[126.915808,37.402084],[126.916939,37.402084],[126.916939,37.402982],[126.915808,37.402982],[126.915808,37.402084]]]}},{"type":"Feature","properties":{"n":3,"A":1,"B":2},"geometry":{"type":"Polygon","coordinates":[[[126.910155,37.410169],[126.911286,37.410169],[126.911286,37.411067],[126.910155,37.411067],[126.910155,37.410169]]]}},{"type":"Feature","properties":{"n":1,"A":1,"B":0},"geometry":{"type":"Polygon","coordinates":[[[126.950858,37.409271],[126.951988,37.409271],[126.951988,37.410169],[126.950858,37.410169],[126.950858,37.409271]]]}},{"type":"Feature","properties":{"n":1,"A":0,"B":1},"geometry":{"type":"Polygon","coordinates":[[[126.904502,37.403881],[126.905632,37.403881],[126.905632,37.404779],[126.904502,37.404779],[126.904502,37.403881]]]}},{"type":"Feature","properties":{"n":3,"A":2,"B":1},"geometry":{"type":"Polygon","coordinates":[[[126.935029,37.382321],[126.93616,37.382321],[126.93616,37.38322],[126.935029,37.38322],[126.935029,37.382321]]]}},{"type":"Feature","properties":{"n":1,"A":0,"B":1},"geometry":{"type":"Polygon","coordinates":[[[126.949727,37.373338],[126.950858,37.373338],[126.950858,37.374236],[126.949727,37.374236],[126.949727,37.373338]]]}},{"type":"Feature","properties":{"n":1,"A":1,"B":0},"geometry":{"type":"Polygon","coordinates":[[[126.913547,37.409271],[126.914678,37.409271],[126.914678,37.410169],[126.913547,37.410169],[126.913547,37.409271]]]}},{"type":"Feature","properties":{"n":2,"A":1,"B":1},"geometry":{"type":"Polygon","coordinates":[[[126.912416,37.407474],[126.913547,37.407474],[126.913547,37.408372],[126.912416,37.408372],[126.912416,37.407474]]]}},{"type":"Feature","properties":{"n":3,"A":0,"B":3},"geometry":{"type":"Polygon","coordinates":[[[126.920331,37.397593],[126.921461,37.397593],[126.921461,37.398491],[126.920331,37.398491],[126.920331,37.397593]]]}},{"type":"Feature","properties":{"n":3,"A":0,"B":3},"geometry":{"type":"Polygon","coordinates":[[[126.95425,37.404779],[126.95538,37.404779],[126.95538,37.405677],[126.95425,37.405677],[126.95425,37.404779]]]}},{"type":"Feature","properties":{"n":1,"A":1,"B":0},"geometry":{"type":"Polygon","coordinates":[[[126.964425,37.402084],[126.965556,37.402084],[126.965556,37.402982],[126.964425,37.402982],[126.964425,37.402084]]]}},{"type":"Feature","properties":{"n":1,"A":0,"B":1},"geometry":{"type":"Polygon","coordinates":[[[126.927114,37.38322],[126.928245,37.38322],[126.928245,37.384118],[126.927114,37.384118],[126.927114,37.38322]]]}},{"type":"Feature","properties":{"n":2,"A":1,"B":1},"geometry":{"type":"Polygon","coordinates":[[[126.931637,37.391304],[126.932768,37.391304],[126.932768,37.392203],[126.931637,37.392203],[126.931637,37.391304]]]}},{"type":"Feature","properties":{"n":5,"A":0,"B":5},"geometry":{"type":"Polygon","coordinates":[[[126.927114,37.393101],[126.928245,37.393101],[126.928245,37.393999],[126.927114,37.393999],[126.927114,37.393101]]]}},{"type":"Feature","properties":{"n":1,"A":1,"B":0},"geometry":{"type":"Polygon","coordinates":[[[126.938421,37.388609],[126.939551,37.388609],[126.939551,37.389508],[126.938421,37.389508],[126.938421,37.388609]]]}},{"type":"Feature","properties":{"n":1,"A":0,"B":1},"geometry":{"type":"Polygon","coordinates":[[[126.9192,37.394898],[126.920331,37.394898],[126.920331,37.395796],[126.9192,37.395796],[126.9192,37.394898]]]}},{"type":"Feature","properties":{"n":4,"A":1,"B":3},"geometry":{"type":"Polygon","coordinates":[[[126.9192,37.396694],[126.920331,37.396694],[126.920331,37.397593],[126.9192,37.397593],[126.9192,37.396694]]]}},{"type":"Feature","properties":{"n":1,"A":0,"B":1},"geometry":{"type":"Polygon","coordinates":[[[126.932768,37.386813],[126.933898,37.386813],[126.933898,37.387711],[126.932768,37.387711],[126.932768,37.386813]]]}},{"type":"Feature","properties":{"n":2,"A":1,"B":1},"geometry":{"type":"Polygon","coordinates":[[[126.947466,37.38322],[126.948597,37.38322],[126.948597,37.384118],[126.947466,37.384118],[126.947466,37.38322]]]}},{"type":"Feature","properties":{"n":2,"A":1,"B":1},"geometry":{"type":"Polygon","coordinates":[[[126.913547,37.397593],[126.914678,37.397593],[126.914678,37.398491],[126.913547,37.398491],[126.913547,37.397593]]]}},{"type":"Feature","properties":{"n":3,"A":0,"B":3},"geometry":{"type":"Polygon","coordinates":[[[126.916939,37.402084],[126.918069,37.402084],[126.918069,37.402982],[126.916939,37.402982],[126.916939,37.402084]]]}},{"type":"Feature","properties":{"n":1,"A":0,"B":1},"geometry":{"type":"Polygon","coordinates":[[[126.921461,37.396694],[126.922592,37.396694],[126.922592,37.397593],[126.921461,37.397593],[126.921461,37.396694]]]}},{"type":"Feature","properties":{"n":1,"A":0,"B":1},"geometry":{"type":"Polygon","coordinates":[[[126.938421,37.381423],[126.939551,37.381423],[126.939551,37.382321],[126.938421,37.382321],[126.938421,37.381423]]]}},{"type":"Feature","properties":{"n":1,"A":0,"B":1},"geometry":{"type":"Polygon","coordinates":[[[126.974601,37.402084],[126.975732,37.402084],[126.975732,37.402982],[126.974601,37.402982],[126.974601,37.402084]]]}},{"type":"Feature","properties":{"n":6,"A":2,"B":4},"geometry":{"type":"Polygon","coordinates":[[[126.920331,37.399389],[126.921461,37.399389],[126.921461,37.400287],[126.920331,37.400287],[126.920331,37.399389]]]}},{"type":"Feature","properties":{"n":3,"A":2,"B":1},"geometry":{"type":"Polygon","coordinates":[[[126.935029,37.388609],[126.93616,37.388609],[126.93616,37.389508],[126.935029,37.389508],[126.935029,37.388609]]]}},{"type":"Feature","properties":{"n":1,"A":0,"B":1},"geometry":{"type":"Polygon","coordinates":[[[126.924853,37.393101],[126.925984,37.393101],[126.925984,37.393999],[126.924853,37.393999],[126.924853,37.393101]]]}},{"type":"Feature","properties":{"n":1,"A":0,"B":1},"geometry":{"type":"Polygon","coordinates":[[[126.904502,37.392203],[126.905632,37.392203],[126.905632,37.393101],[126.904502,37.393101],[126.904502,37.392203]]]}},{"type":"Feature","properties":{"n":1,"A":1,"B":0},"geometry":{"type":"Polygon","coordinates":[[[126.962164,37.37244],[126.963295,37.37244],[126.963295,37.373338],[126.962164,37.373338],[126.962164,37.37244]]]}},{"type":"Feature","properties":{"n":4,"A":2,"B":2},"geometry":{"type":"Polygon","coordinates":[[[126.949727,37.381423],[126.950858,37.381423],[126.950858,37.382321],[126.949727,37.382321],[126.949727,37.381423]]]}},{"type":"Feature","properties":{"n":1,"A":1,"B":0},"geometry":{"type":"Polygon","coordinates":[[[126.927114,37.387711],[126.928245,37.387711],[126.928245,37.388609],[126.927114,37.388609],[126.927114,37.387711]]]}},{"type":"Feature","properties":{"n":1,"A":0,"B":1},"geometry":{"type":"Polygon","coordinates":[[[126.938421,37.385016],[126.939551,37.385016],[126.939551,37.385914],[126.938421,37.385914],[126.938421,37.385016]]]}},{"type":"Feature","properties":{"n":2,"A":0,"B":2},"geometry":{"type":"Polygon","coordinates":[[[126.939551,37.389508],[126.940682,37.389508],[126.940682,37.390406],[126.939551,37.390406],[126.939551,37.389508]]]}},{"type":"Feature","properties":{"n":2,"A":1,"B":1},"geometry":{"type":"Polygon","coordinates":[[[126.950858,37.402982],[126.951988,37.402982],[126.951988,37.403881],[126.950858,37.403881],[126.950858,37.402982]]]}},{"type":"Feature","properties":{"n":5,"A":0,"B":5},"geometry":{"type":"Polygon","coordinates":[[[126.929376,37.396694],[126.930506,37.396694],[126.930506,37.397593],[126.929376,37.397593],[126.929376,37.396694]]]}},{"type":"Feature","properties":{"n":1,"A":1,"B":0},"geometry":{"type":"Polygon","coordinates":[[[126.95425,37.389508],[126.95538,37.389508],[126.95538,37.390406],[126.95425,37.390406],[126.95425,37.389508]]]}},{"type":"Feature","properties":{"n":3,"A":2,"B":1},"geometry":{"type":"Polygon","coordinates":[[[126.935029,37.385914],[126.93616,37.385914],[126.93616,37.386813],[126.935029,37.386813],[126.935029,37.385914]]]}},{"type":"Feature","properties":{"n":1,"A":1,"B":0},"geometry":{"type":"Polygon","coordinates":[[[126.95425,37.405677],[126.95538,37.405677],[126.95538,37.406576],[126.95425,37.406576],[126.95425,37.405677]]]}},{"type":"Feature","properties":{"n":1,"A":0,"B":1},"geometry":{"type":"Polygon","coordinates":[[[126.902241,37.429932],[126.903371,37.429932],[126.903371,37.43083],[126.902241,37.43083],[126.902241,37.429932]]]}},{"type":"Feature","properties":{"n":2,"A":1,"B":1},"geometry":{"type":"Polygon","coordinates":[[[126.927114,37.391304],[126.928245,37.391304],[126.928245,37.392203],[126.927114,37.392203],[126.927114,37.391304]]]}},{"type":"Feature","properties":{"n":3,"A":1,"B":2},"geometry":{"type":"Polygon","coordinates":[[[126.913547,37.403881],[126.914678,37.403881],[126.914678,37.404779],[126.913547,37.404779],[126.913547,37.403881]]]}},{"type":"Feature","properties":{"n":2,"A":1,"B":1},"geometry":{"type":"Polygon","coordinates":[[[126.951988,37.402982],[126.953119,37.402982],[126.953119,37.403881],[126.951988,37.403881],[126.951988,37.402982]]]}},{"type":"Feature","properties":{"n":1,"A":1,"B":0},"geometry":{"type":"Polygon","coordinates":[[[126.951988,37.390406],[126.953119,37.390406],[126.953119,37.391304],[126.951988,37.391304],[126.951988,37.390406]]]}},{"type":"Feature","properties":{"n":2,"A":2,"B":0},"geometry":{"type":"Polygon","coordinates":[[[126.929376,37.381423],[126.930506,37.381423],[126.930506,37.382321],[126.929376,37.382321],[126.929376,37.381423]]]}},{"type":"Feature","properties":{"n":1,"A":0,"B":1},"geometry":{"type":"Polygon","coordinates":[[[126.953119,37.401186],[126.95425,37.401186],[126.95425,37.402084],[126.953119,37.402084],[126.953119,37.401186]]]}},{"type":"Feature","properties":{"n":2,"A":2,"B":0},"geometry":{"type":"Polygon","coordinates":[[[126.961033,37.406576],[126.962164,37.406576],[126.962164,37.407474],[126.961033,37.407474],[126.961033,37.406576]]]}},{"type":"Feature","properties":{"n":2,"A":1,"B":1},"geometry":{"type":"Polygon","coordinates":[[[126.948597,37.385016],[126.949727,37.385016],[126.949727,37.385914],[126.948597,37.385914],[126.948597,37.385016]]]}},{"type":"Feature","properties":{"n":1,"A":0,"B":1},"geometry":{"type":"Polygon","coordinates":[[[126.905632,37.402084],[126.906763,37.402084],[126.906763,37.402982],[126.905632,37.402982],[126.905632,37.402084]]]}},{"type":"Feature","properties":{"n":1,"A":1,"B":0},"geometry":{"type":"Polygon","coordinates":[[[126.962164,37.405677],[126.963295,37.405677],[126.963295,37.406576],[126.962164,37.406576],[126.962164,37.405677]]]}},{"type":"Feature","properties":{"n":1,"A":1,"B":0},"geometry":{"type":"Polygon","coordinates":[[[126.966687,37.405677],[126.967817,37.405677],[126.967817,37.406576],[126.966687,37.406576],[126.966687,37.405677]]]}},{"type":"Feature","properties":{"n":1,"A":1,"B":0},"geometry":{"type":"Polygon","coordinates":[[[126.958772,37.403881],[126.959903,37.403881],[126.959903,37.404779],[126.958772,37.404779],[126.958772,37.403881]]]}},{"type":"Feature","properties":{"n":4,"A":1,"B":3},"geometry":{"type":"Polygon","coordinates":[[[126.953119,37.403881],[126.95425,37.403881],[126.95425,37.404779],[126.953119,37.404779],[126.953119,37.403881]]]}},{"type":"Feature","properties":{"n":2,"A":1,"B":1},"geometry":{"type":"Polygon","coordinates":[[[126.927114,37.419152],[126.928245,37.419152],[126.928245,37.42005],[126.927114,37.42005],[126.927114,37.419152]]]}},{"type":"Feature","properties":{"n":2,"A":2,"B":0},"geometry":{"type":"Polygon","coordinates":[[[126.97234,37.401186],[126.97347,37.401186],[126.97347,37.402084],[126.97234,37.402084],[126.97234,37.401186]]]}},{"type":"Feature","properties":{"n":1,"A":0,"B":1},"geometry":{"type":"Polygon","coordinates":[[[126.906763,37.408372],[126.907894,37.408372],[126.907894,37.409271],[126.906763,37.409271],[126.906763,37.408372]]]}},{"type":"Feature","properties":{"n":2,"A":1,"B":1},"geometry":{"type":"Polygon","coordinates":[[[126.911286,37.423644],[126.912416,37.423644],[126.912416,37.424542],[126.911286,37.424542],[126.911286,37.423644]]]}},{"type":"Feature","properties":{"n":2,"A":2,"B":0},"geometry":{"type":"Polygon","coordinates":[[[126.909024,37.391304],[126.910155,37.391304],[126.910155,37.392203],[126.909024,37.392203],[126.909024,37.391304]]]}},{"type":"Feature","properties":{"n":3,"A":2,"B":1},"geometry":{"type":"Polygon","coordinates":[[[126.911286,37.406576],[126.912416,37.406576],[126.912416,37.407474],[126.911286,37.407474],[126.911286,37.406576]]]}},{"type":"Feature","properties":{"n":1,"A":1,"B":0},"geometry":{"type":"Polygon","coordinates":[[[126.910155,37.406576],[126.911286,37.406576],[126.911286,37.407474],[126.910155,37.407474],[126.910155,37.406576]]]}},{"type":"Feature","properties":{"n":2,"A":1,"B":1},"geometry":{"type":"Polygon","coordinates":[[[126.925984,37.395796],[126.927114,37.395796],[126.927114,37.396694],[126.925984,37.396694],[126.925984,37.395796]]]}},{"type":"Feature","properties":{"n":2,"A":1,"B":1},"geometry":{"type":"Polygon","coordinates":[[[126.950858,37.41466],[126.951988,37.41466],[126.951988,37.415559],[126.950858,37.415559],[126.950858,37.41466]]]}},{"type":"Feature","properties":{"n":1,"A":0,"B":1},"geometry":{"type":"Polygon","coordinates":[[[126.898849,37.405677],[126.899979,37.405677],[126.899979,37.406576],[126.898849,37.406576],[126.898849,37.405677]]]}},{"type":"Feature","properties":{"n":3,"A":2,"B":1},"geometry":{"type":"Polygon","coordinates":[[[126.915808,37.400287],[126.916939,37.400287],[126.916939,37.401186],[126.915808,37.401186],[126.915808,37.400287]]]}},{"type":"Feature","properties":{"n":1,"A":0,"B":1},"geometry":{"type":"Polygon","coordinates":[[[126.931637,37.401186],[126.932768,37.401186],[126.932768,37.402084],[126.931637,37.402084],[126.931637,37.401186]]]}},{"type":"Feature","properties":{"n":1,"A":0,"B":1},"geometry":{"type":"Polygon","coordinates":[[[126.975732,37.402084],[126.976862,37.402084],[126.976862,37.402982],[126.975732,37.402982],[126.975732,37.402084]]]}},{"type":"Feature","properties":{"n":1,"A":1,"B":0},"geometry":{"type":"Polygon","coordinates":[[[126.961033,37.401186],[126.962164,37.401186],[126.962164,37.402084],[126.961033,37.402084],[126.961033,37.401186]]]}},{"type":"Feature","properties":{"n":1,"A":1,"B":0},"geometry":{"type":"Polygon","coordinates":[[[126.913547,37.396694],[126.914678,37.396694],[126.914678,37.397593],[126.913547,37.397593],[126.913547,37.396694]]]}},{"type":"Feature","properties":{"n":2,"A":0,"B":2},"geometry":{"type":"Polygon","coordinates":[[[126.941813,37.398491],[126.942943,37.398491],[126.942943,37.399389],[126.941813,37.399389],[126.941813,37.398491]]]}},{"type":"Feature","properties":{"n":1,"A":1,"B":0},"geometry":{"type":"Polygon","coordinates":[[[126.909024,37.401186],[126.910155,37.401186],[126.910155,37.402084],[126.909024,37.402084],[126.909024,37.401186]]]}},{"type":"Feature","properties":{"n":1,"A":0,"B":1},"geometry":{"type":"Polygon","coordinates":[[[126.929376,37.389508],[126.930506,37.389508],[126.930506,37.390406],[126.929376,37.390406],[126.929376,37.389508]]]}},{"type":"Feature","properties":{"n":3,"A":2,"B":1},"geometry":{"type":"Polygon","coordinates":[[[126.953119,37.402084],[126.95425,37.402084],[126.95425,37.402982],[126.953119,37.402982],[126.953119,37.402084]]]}},{"type":"Feature","properties":{"n":1,"A":0,"B":1},"geometry":{"type":"Polygon","coordinates":[[[126.916939,37.403881],[126.918069,37.403881],[126.918069,37.404779],[126.916939,37.404779],[126.916939,37.403881]]]}},{"type":"Feature","properties":{"n":3,"A":0,"B":3},"geometry":{"type":"Polygon","coordinates":[[[126.912416,37.405677],[126.913547,37.405677],[126.913547,37.406576],[126.912416,37.406576],[126.912416,37.405677]]]}},{"type":"Feature","properties":{"n":2,"A":1,"B":1},"geometry":{"type":"Polygon","coordinates":[[[126.93616,37.380525],[126.93729,37.380525],[126.93729,37.381423],[126.93616,37.381423],[126.93616,37.380525]]]}},{"type":"Feature","properties":{"n":1,"A":0,"B":1},"geometry":{"type":"Polygon","coordinates":[[[126.928245,37.393999],[126.929376,37.393999],[126.929376,37.394898],[126.928245,37.394898],[126.928245,37.393999]]]}},{"type":"Feature","properties":{"n":1,"A":1,"B":0},"geometry":{"type":"Polygon","coordinates":[[[126.927114,37.384118],[126.928245,37.384118],[126.928245,37.385016],[126.927114,37.385016],[126.927114,37.384118]]]}},{"type":"Feature","properties":{"n":1,"A":0,"B":1},"geometry":{"type":"Polygon","coordinates":[[[126.942943,37.381423],[126.944074,37.381423],[126.944074,37.382321],[126.942943,37.382321],[126.942943,37.381423]]]}},{"type":"Feature","properties":{"n":1,"A":0,"B":1},"geometry":{"type":"Polygon","coordinates":[[[126.940682,37.38322],[126.941813,37.38322],[126.941813,37.384118],[126.940682,37.384118],[126.940682,37.38322]]]}},{"type":"Feature","properties":{"n":3,"A":0,"B":3},"geometry":{"type":"Polygon","coordinates":[[[126.976862,37.400287],[126.977993,37.400287],[126.977993,37.401186],[126.976862,37.401186],[126.976862,37.400287]]]}},{"type":"Feature","properties":{"n":1,"A":0,"B":1},"geometry":{"type":"Polygon","coordinates":[[[126.93616,37.389508],[126.93729,37.389508],[126.93729,37.390406],[126.93616,37.390406],[126.93616,37.389508]]]}},{"type":"Feature","properties":{"n":1,"A":0,"B":1},"geometry":{"type":"Polygon","coordinates":[[[126.923723,37.391304],[126.924853,37.391304],[126.924853,37.392203],[126.923723,37.392203],[126.923723,37.391304]]]}},{"type":"Feature","properties":{"n":1,"A":1,"B":0},"geometry":{"type":"Polygon","coordinates":[[[126.938421,37.387711],[126.939551,37.387711],[126.939551,37.388609],[126.938421,37.388609],[126.938421,37.387711]]]}},{"type":"Feature","properties":{"n":2,"A":0,"B":2},"geometry":{"type":"Polygon","coordinates":[[[126.932768,37.403881],[126.933898,37.403881],[126.933898,37.404779],[126.932768,37.404779],[126.932768,37.403881]]]}},{"type":"Feature","properties":{"n":1,"A":0,"B":1},"geometry":{"type":"Polygon","coordinates":[[[126.924853,37.390406],[126.925984,37.390406],[126.925984,37.391304],[126.924853,37.391304],[126.924853,37.390406]]]}},{"type":"Feature","properties":{"n":1,"A":0,"B":1},"geometry":{"type":"Polygon","coordinates":[[[126.925984,37.389508],[126.927114,37.389508],[126.927114,37.390406],[126.925984,37.390406],[126.925984,37.389508]]]}},{"type":"Feature","properties":{"n":1,"A":1,"B":0},"geometry":{"type":"Polygon","coordinates":[[[126.913547,37.411966],[126.914678,37.411966],[126.914678,37.412864],[126.913547,37.412864],[126.913547,37.411966]]]}},{"type":"Feature","properties":{"n":1,"A":0,"B":1},"geometry":{"type":"Polygon","coordinates":[[[126.927114,37.381423],[126.928245,37.381423],[126.928245,37.382321],[126.927114,37.382321],[126.927114,37.381423]]]}},{"type":"Feature","properties":{"n":1,"A":0,"B":1},"geometry":{"type":"Polygon","coordinates":[[[126.968948,37.404779],[126.970079,37.404779],[126.970079,37.405677],[126.968948,37.405677],[126.968948,37.404779]]]}},{"type":"Feature","properties":{"n":1,"A":0,"B":1},"geometry":{"type":"Polygon","coordinates":[[[126.963295,37.363457],[126.964425,37.363457],[126.964425,37.364355],[126.963295,37.364355],[126.963295,37.363457]]]}},{"type":"Feature","properties":{"n":3,"A":1,"B":2},"geometry":{"type":"Polygon","coordinates":[[[126.971209,37.393101],[126.97234,37.393101],[126.97234,37.393999],[126.971209,37.393999],[126.971209,37.393101]]]}},{"type":"Feature","properties":{"n":5,"A":3,"B":2},"geometry":{"type":"Polygon","coordinates":[[[126.916939,37.394898],[126.918069,37.394898],[126.918069,37.395796],[126.916939,37.395796],[126.916939,37.394898]]]}},{"type":"Feature","properties":{"n":1,"A":1,"B":0},"geometry":{"type":"Polygon","coordinates":[[[126.907894,37.421847],[126.909024,37.421847],[126.909024,37.422745],[126.907894,37.422745],[126.907894,37.421847]]]}},{"type":"Feature","properties":{"n":2,"A":1,"B":1},"geometry":{"type":"Polygon","coordinates":[[[126.913547,37.408372],[126.914678,37.408372],[126.914678,37.409271],[126.913547,37.409271],[126.913547,37.408372]]]}},{"type":"Feature","properties":{"n":1,"A":1,"B":0},"geometry":{"type":"Polygon","coordinates":[[[126.912416,37.409271],[126.913547,37.409271],[126.913547,37.410169],[126.912416,37.410169],[126.912416,37.409271]]]}},{"type":"Feature","properties":{"n":3,"A":2,"B":1},"geometry":{"type":"Polygon","coordinates":[[[126.913547,37.410169],[126.914678,37.410169],[126.914678,37.411067],[126.913547,37.411067],[126.913547,37.410169]]]}},{"type":"Feature","properties":{"n":4,"A":2,"B":2},"geometry":{"type":"Polygon","coordinates":[[[126.929376,37.380525],[126.930506,37.380525],[126.930506,37.381423],[126.929376,37.381423],[126.929376,37.380525]]]}},{"type":"Feature","properties":{"n":8,"A":2,"B":6},"geometry":{"type":"Polygon","coordinates":[[[126.95425,37.367948],[126.95538,37.367948],[126.95538,37.368847],[126.95425,37.368847],[126.95425,37.367948]]]}},{"type":"Feature","properties":{"n":2,"A":1,"B":1},"geometry":{"type":"Polygon","coordinates":[[[126.95538,37.36705],[126.956511,37.36705],[126.956511,37.367948],[126.95538,37.367948],[126.95538,37.36705]]]}},{"type":"Feature","properties":{"n":1,"A":0,"B":1},"geometry":{"type":"Polygon","coordinates":[[[126.918069,37.402084],[126.9192,37.402084],[126.9192,37.402982],[126.918069,37.402982],[126.918069,37.402084]]]}},{"type":"Feature","properties":{"n":2,"A":0,"B":2},"geometry":{"type":"Polygon","coordinates":[[[126.920331,37.394898],[126.921461,37.394898],[126.921461,37.395796],[126.920331,37.395796],[126.920331,37.394898]]]}},{"type":"Feature","properties":{"n":1,"A":1,"B":0},"geometry":{"type":"Polygon","coordinates":[[[126.959903,37.401186],[126.961033,37.401186],[126.961033,37.402084],[126.959903,37.402084],[126.959903,37.401186]]]}},{"type":"Feature","properties":{"n":1,"A":0,"B":1},"geometry":{"type":"Polygon","coordinates":[[[126.957642,37.36705],[126.958772,37.36705],[126.958772,37.367948],[126.957642,37.367948],[126.957642,37.36705]]]}},{"type":"Feature","properties":{"n":2,"A":1,"B":1},"geometry":{"type":"Polygon","coordinates":[[[126.920331,37.401186],[126.921461,37.401186],[126.921461,37.402084],[126.920331,37.402084],[126.920331,37.401186]]]}},{"type":"Feature","properties":{"n":1,"A":0,"B":1},"geometry":{"type":"Polygon","coordinates":[[[126.959903,37.400287],[126.961033,37.400287],[126.961033,37.401186],[126.959903,37.401186],[126.959903,37.400287]]]}},{"type":"Feature","properties":{"n":1,"A":0,"B":1},"geometry":{"type":"Polygon","coordinates":[[[126.968948,37.399389],[126.970079,37.399389],[126.970079,37.400287],[126.968948,37.400287],[126.968948,37.399389]]]}},{"type":"Feature","properties":{"n":1,"A":0,"B":1},"geometry":{"type":"Polygon","coordinates":[[[126.967817,37.400287],[126.968948,37.400287],[126.968948,37.401186],[126.967817,37.401186],[126.967817,37.400287]]]}},{"type":"Feature","properties":{"n":1,"A":0,"B":1},"geometry":{"type":"Polygon","coordinates":[[[126.966687,37.400287],[126.967817,37.400287],[126.967817,37.401186],[126.966687,37.401186],[126.966687,37.400287]]]}},{"type":"Feature","properties":{"n":1,"A":0,"B":1},"geometry":{"type":"Polygon","coordinates":[[[126.970079,37.400287],[126.971209,37.400287],[126.971209,37.401186],[126.970079,37.401186],[126.970079,37.400287]]]}},{"type":"Feature","properties":{"n":2,"A":0,"B":2},"geometry":{"type":"Polygon","coordinates":[[[126.968948,37.397593],[126.970079,37.397593],[126.970079,37.398491],[126.968948,37.398491],[126.968948,37.397593]]]}},{"type":"Feature","properties":{"n":1,"A":0,"B":1},"geometry":{"type":"Polygon","coordinates":[[[126.967817,37.398491],[126.968948,37.398491],[126.968948,37.399389],[126.967817,37.399389],[126.967817,37.398491]]]}},{"type":"Feature","properties":{"n":1,"A":0,"B":1},"geometry":{"type":"Polygon","coordinates":[[[126.966687,37.398491],[126.967817,37.398491],[126.967817,37.399389],[126.966687,37.399389],[126.966687,37.398491]]]}},{"type":"Feature","properties":{"n":1,"A":1,"B":0},"geometry":{"type":"Polygon","coordinates":[[[126.95425,37.368847],[126.95538,37.368847],[126.95538,37.369745],[126.95425,37.369745],[126.95425,37.368847]]]}},{"type":"Feature","properties":{"n":1,"A":0,"B":1},"geometry":{"type":"Polygon","coordinates":[[[126.953119,37.368847],[126.95425,37.368847],[126.95425,37.369745],[126.953119,37.369745],[126.953119,37.368847]]]}},{"type":"Feature","properties":{"n":1,"A":0,"B":1},"geometry":{"type":"Polygon","coordinates":[[[126.913547,37.390406],[126.914678,37.390406],[126.914678,37.391304],[126.913547,37.391304],[126.913547,37.390406]]]}},{"type":"Feature","properties":{"n":1,"A":0,"B":1},"geometry":{"type":"Polygon","coordinates":[[[126.966687,37.404779],[126.967817,37.404779],[126.967817,37.405677],[126.966687,37.405677],[126.966687,37.404779]]]}},{"type":"Feature","properties":{"n":2,"A":1,"B":1},"geometry":{"type":"Polygon","coordinates":[[[126.914678,37.402982],[126.915808,37.402982],[126.915808,37.403881],[126.914678,37.403881],[126.914678,37.402982]]]}},{"type":"Feature","properties":{"n":1,"A":1,"B":0},"geometry":{"type":"Polygon","coordinates":[[[126.911286,37.417355],[126.912416,37.417355],[126.912416,37.418254],[126.911286,37.418254],[126.911286,37.417355]]]}},{"type":"Feature","properties":{"n":1,"A":0,"B":1},"geometry":{"type":"Polygon","coordinates":[[[126.911286,37.412864],[126.912416,37.412864],[126.912416,37.413762],[126.911286,37.413762],[126.911286,37.412864]]]}},{"type":"Feature","properties":{"n":2,"A":1,"B":1},"geometry":{"type":"Polygon","coordinates":[[[126.909024,37.416457],[126.910155,37.416457],[126.910155,37.417355],[126.909024,37.417355],[126.909024,37.416457]]]}},{"type":"Feature","properties":{"n":1,"A":0,"B":1},"geometry":{"type":"Polygon","coordinates":[[[126.906763,37.410169],[126.907894,37.410169],[126.907894,37.411067],[126.906763,37.411067],[126.906763,37.410169]]]}},{"type":"Feature","properties":{"n":2,"A":0,"B":2},"geometry":{"type":"Polygon","coordinates":[[[126.956511,37.368847],[126.957642,37.368847],[126.957642,37.369745],[126.956511,37.369745],[126.956511,37.368847]]]}},{"type":"Feature","properties":{"n":2,"A":2,"B":0},"geometry":{"type":"Polygon","coordinates":[[[126.910155,37.392203],[126.911286,37.392203],[126.911286,37.393101],[126.910155,37.393101],[126.910155,37.392203]]]}},{"type":"Feature","properties":{"n":1,"A":1,"B":0},"geometry":{"type":"Polygon","coordinates":[[[126.922592,37.395796],[126.923723,37.395796],[126.923723,37.396694],[126.922592,37.396694],[126.922592,37.395796]]]}},{"type":"Feature","properties":{"n":1,"A":0,"B":1},"geometry":{"type":"Polygon","coordinates":[[[126.95538,37.376033],[126.956511,37.376033],[126.956511,37.376931],[126.95538,37.376931],[126.95538,37.376033]]]}},{"type":"Feature","properties":{"n":2,"A":1,"B":1},"geometry":{"type":"Polygon","coordinates":[[[126.958772,37.382321],[126.959903,37.382321],[126.959903,37.38322],[126.958772,37.38322],[126.958772,37.382321]]]}},{"type":"Feature","properties":{"n":2,"A":1,"B":1},"geometry":{"type":"Polygon","coordinates":[[[126.935029,37.391304],[126.93616,37.391304],[126.93616,37.392203],[126.935029,37.392203],[126.935029,37.391304]]]}},{"type":"Feature","properties":{"n":4,"A":1,"B":3},"geometry":{"type":"Polygon","coordinates":[[[126.925984,37.394898],[126.927114,37.394898],[126.927114,37.395796],[126.925984,37.395796],[126.925984,37.394898]]]}},{"type":"Feature","properties":{"n":1,"A":1,"B":0},"geometry":{"type":"Polygon","coordinates":[[[126.953119,37.389508],[126.95425,37.389508],[126.95425,37.390406],[126.953119,37.390406],[126.953119,37.389508]]]}},{"type":"Feature","properties":{"n":3,"A":2,"B":1},"geometry":{"type":"Polygon","coordinates":[[[126.953119,37.37783],[126.95425,37.37783],[126.95425,37.378728],[126.953119,37.378728],[126.953119,37.37783]]]}},{"type":"Feature","properties":{"n":1,"A":0,"B":1},"geometry":{"type":"Polygon","coordinates":[[[126.95538,37.375135],[126.956511,37.375135],[126.956511,37.376033],[126.95538,37.376033],[126.95538,37.375135]]]}},{"type":"Feature","properties":{"n":1,"A":0,"B":1},"geometry":{"type":"Polygon","coordinates":[[[126.951988,37.404779],[126.953119,37.404779],[126.953119,37.405677],[126.951988,37.405677],[126.951988,37.404779]]]}},{"type":"Feature","properties":{"n":1,"A":1,"B":0},"geometry":{"type":"Polygon","coordinates":[[[126.956511,37.379626],[126.957642,37.379626],[126.957642,37.380525],[126.956511,37.380525],[126.956511,37.379626]]]}},{"type":"Feature","properties":{"n":1,"A":0,"B":1},"geometry":{"type":"Polygon","coordinates":[[[126.95538,37.374236],[126.956511,37.374236],[126.956511,37.375135],[126.95538,37.375135],[126.95538,37.374236]]]}},{"type":"Feature","properties":{"n":3,"A":1,"B":2},"geometry":{"type":"Polygon","coordinates":[[[126.958772,37.384118],[126.959903,37.384118],[126.959903,37.385016],[126.958772,37.385016],[126.958772,37.384118]]]}},{"type":"Feature","properties":{"n":2,"A":0,"B":2},"geometry":{"type":"Polygon","coordinates":[[[126.95425,37.376931],[126.95538,37.376931],[126.95538,37.37783],[126.95425,37.37783],[126.95425,37.376931]]]}},{"type":"Feature","properties":{"n":1,"A":0,"B":1},"geometry":{"type":"Polygon","coordinates":[[[126.958772,37.38322],[126.959903,37.38322],[126.959903,37.384118],[126.958772,37.384118],[126.958772,37.38322]]]}},{"type":"Feature","properties":{"n":2,"A":1,"B":1},"geometry":{"type":"Polygon","coordinates":[[[126.95425,37.37783],[126.95538,37.37783],[126.95538,37.378728],[126.95425,37.378728],[126.95425,37.37783]]]}},{"type":"Feature","properties":{"n":5,"A":0,"B":5},"geometry":{"type":"Polygon","coordinates":[[[126.953119,37.378728],[126.95425,37.378728],[126.95425,37.379626],[126.953119,37.379626],[126.953119,37.378728]]]}},{"type":"Feature","properties":{"n":2,"A":0,"B":2},"geometry":{"type":"Polygon","coordinates":[[[126.911286,37.400287],[126.912416,37.400287],[126.912416,37.401186],[126.911286,37.401186],[126.911286,37.400287]]]}},{"type":"Feature","properties":{"n":3,"A":1,"B":2},"geometry":{"type":"Polygon","coordinates":[[[126.928245,37.393101],[126.929376,37.393101],[126.929376,37.393999],[126.928245,37.393999],[126.928245,37.393101]]]}},{"type":"Feature","properties":{"n":1,"A":0,"B":1},"geometry":{"type":"Polygon","coordinates":[[[126.964425,37.405677],[126.965556,37.405677],[126.965556,37.406576],[126.964425,37.406576],[126.964425,37.405677]]]}},{"type":"Feature","properties":{"n":1,"A":1,"B":0},"geometry":{"type":"Polygon","coordinates":[[[126.950858,37.405677],[126.951988,37.405677],[126.951988,37.406576],[126.950858,37.406576],[126.950858,37.405677]]]}},{"type":"Feature","properties":{"n":1,"A":0,"B":1},"geometry":{"type":"Polygon","coordinates":[[[126.906763,37.404779],[126.907894,37.404779],[126.907894,37.405677],[126.906763,37.405677],[126.906763,37.404779]]]}},{"type":"Feature","properties":{"n":1,"A":0,"B":1},"geometry":{"type":"Polygon","coordinates":[[[126.925984,37.391304],[126.927114,37.391304],[126.927114,37.392203],[126.925984,37.392203],[126.925984,37.391304]]]}},{"type":"Feature","properties":{"n":1,"A":0,"B":1},"geometry":{"type":"Polygon","coordinates":[[[126.93729,37.385016],[126.938421,37.385016],[126.938421,37.385914],[126.93729,37.385914],[126.93729,37.385016]]]}},{"type":"Feature","properties":{"n":1,"A":0,"B":1},"geometry":{"type":"Polygon","coordinates":[[[126.915808,37.415559],[126.916939,37.415559],[126.916939,37.416457],[126.915808,37.416457],[126.915808,37.415559]]]}},{"type":"Feature","properties":{"n":2,"A":0,"B":2},"geometry":{"type":"Polygon","coordinates":[[[126.904502,37.391304],[126.905632,37.391304],[126.905632,37.392203],[126.904502,37.392203],[126.904502,37.391304]]]}},{"type":"Feature","properties":{"n":1,"A":0,"B":1},"geometry":{"type":"Polygon","coordinates":[[[126.915808,37.41466],[126.916939,37.41466],[126.916939,37.415559],[126.915808,37.415559],[126.915808,37.41466]]]}},{"type":"Feature","properties":{"n":1,"A":0,"B":1},"geometry":{"type":"Polygon","coordinates":[[[126.907894,37.390406],[126.909024,37.390406],[126.909024,37.391304],[126.907894,37.391304],[126.907894,37.390406]]]}},{"type":"Feature","properties":{"n":1,"A":0,"B":1},"geometry":{"type":"Polygon","coordinates":[[[126.967817,37.396694],[126.968948,37.396694],[126.968948,37.397593],[126.967817,37.397593],[126.967817,37.396694]]]}},{"type":"Feature","properties":{"n":1,"A":1,"B":0},"geometry":{"type":"Polygon","coordinates":[[[126.899979,37.380525],[126.90111,37.380525],[126.90111,37.381423],[126.899979,37.381423],[126.899979,37.380525]]]}},{"type":"Feature","properties":{"n":1,"A":0,"B":1},"geometry":{"type":"Polygon","coordinates":[[[126.905632,37.380525],[126.906763,37.380525],[126.906763,37.381423],[126.905632,37.381423],[126.905632,37.380525]]]}},{"type":"Feature","properties":{"n":1,"A":1,"B":0},"geometry":{"type":"Polygon","coordinates":[[[126.905632,37.379626],[126.906763,37.379626],[126.906763,37.380525],[126.905632,37.380525],[126.905632,37.379626]]]}},{"type":"Feature","properties":{"n":2,"A":2,"B":0},"geometry":{"type":"Polygon","coordinates":[[[126.912416,37.422745],[126.913547,37.422745],[126.913547,37.423644],[126.912416,37.423644],[126.912416,37.422745]]]}},{"type":"Feature","properties":{"n":1,"A":0,"B":1},"geometry":{"type":"Polygon","coordinates":[[[126.928245,37.42005],[126.929376,37.42005],[126.929376,37.420949],[126.928245,37.420949],[126.928245,37.42005]]]}},{"type":"Feature","properties":{"n":1,"A":0,"B":1},"geometry":{"type":"Polygon","coordinates":[[[126.906763,37.402084],[126.907894,37.402084],[126.907894,37.402982],[126.906763,37.402982],[126.906763,37.402084]]]}},{"type":"Feature","properties":{"n":1,"A":0,"B":1},"geometry":{"type":"Polygon","coordinates":[[[126.971209,37.394898],[126.97234,37.394898],[126.97234,37.395796],[126.971209,37.395796],[126.971209,37.394898]]]}},{"type":"Feature","properties":{"n":1,"A":0,"B":1},"geometry":{"type":"Polygon","coordinates":[[[126.903371,37.401186],[126.904502,37.401186],[126.904502,37.402084],[126.903371,37.402084],[126.903371,37.401186]]]}},{"type":"Feature","properties":{"n":1,"A":1,"B":0},"geometry":{"type":"Polygon","coordinates":[[[126.970079,37.391304],[126.971209,37.391304],[126.971209,37.392203],[126.970079,37.392203],[126.970079,37.391304]]]}},{"type":"Feature","properties":{"n":3,"A":0,"B":3},"geometry":{"type":"Polygon","coordinates":[[[126.907894,37.405677],[126.909024,37.405677],[126.909024,37.406576],[126.907894,37.406576],[126.907894,37.405677]]]}},{"type":"Feature","properties":{"n":1,"A":1,"B":0},"geometry":{"type":"Polygon","coordinates":[[[126.888673,37.403881],[126.889804,37.403881],[126.889804,37.404779],[126.888673,37.404779],[126.888673,37.403881]]]}},{"type":"Feature","properties":{"n":2,"A":1,"B":1},"geometry":{"type":"Polygon","coordinates":[[[126.889804,37.403881],[126.890934,37.403881],[126.890934,37.404779],[126.889804,37.404779],[126.889804,37.403881]]]}},{"type":"Feature","properties":{"n":1,"A":0,"B":1},"geometry":{"type":"Polygon","coordinates":[[[126.949727,37.402084],[126.950858,37.402084],[126.950858,37.402982],[126.949727,37.402982],[126.949727,37.402084]]]}},{"type":"Feature","properties":{"n":5,"A":3,"B":2},"geometry":{"type":"Polygon","coordinates":[[[126.907894,37.404779],[126.909024,37.404779],[126.909024,37.405677],[126.907894,37.405677],[126.907894,37.404779]]]}},{"type":"Feature","properties":{"n":4,"A":2,"B":2},"geometry":{"type":"Polygon","coordinates":[[[126.95425,37.403881],[126.95538,37.403881],[126.95538,37.404779],[126.95425,37.404779],[126.95425,37.403881]]]}},{"type":"Feature","properties":{"n":3,"A":3,"B":0},"geometry":{"type":"Polygon","coordinates":[[[126.923723,37.395796],[126.924853,37.395796],[126.924853,37.396694],[126.923723,37.396694],[126.923723,37.395796]]]}},{"type":"Feature","properties":{"n":2,"A":0,"B":2},"geometry":{"type":"Polygon","coordinates":[[[126.933898,37.397593],[126.935029,37.397593],[126.935029,37.398491],[126.933898,37.398491],[126.933898,37.397593]]]}},{"type":"Feature","properties":{"n":2,"A":1,"B":1},"geometry":{"type":"Polygon","coordinates":[[[126.950858,37.403881],[126.951988,37.403881],[126.951988,37.404779],[126.950858,37.404779],[126.950858,37.403881]]]}},{"type":"Feature","properties":{"n":1,"A":0,"B":1},"geometry":{"type":"Polygon","coordinates":[[[126.971209,37.399389],[126.97234,37.399389],[126.97234,37.400287],[126.971209,37.400287],[126.971209,37.399389]]]}},{"type":"Feature","properties":{"n":1,"A":0,"B":1},"geometry":{"type":"Polygon","coordinates":[[[126.95538,37.381423],[126.956511,37.381423],[126.956511,37.382321],[126.95538,37.382321],[126.95538,37.381423]]]}},{"type":"Feature","properties":{"n":1,"A":0,"B":1},"geometry":{"type":"Polygon","coordinates":[[[126.939551,37.385914],[126.940682,37.385914],[126.940682,37.386813],[126.939551,37.386813],[126.939551,37.385914]]]}},{"type":"Feature","properties":{"n":2,"A":1,"B":1},"geometry":{"type":"Polygon","coordinates":[[[126.922592,37.396694],[126.923723,37.396694],[126.923723,37.397593],[126.922592,37.397593],[126.922592,37.396694]]]}},{"type":"Feature","properties":{"n":1,"A":0,"B":1},"geometry":{"type":"Polygon","coordinates":[[[126.95538,37.405677],[126.956511,37.405677],[126.956511,37.406576],[126.95538,37.406576],[126.95538,37.405677]]]}},{"type":"Feature","properties":{"n":1,"A":1,"B":0},"geometry":{"type":"Polygon","coordinates":[[[126.95538,37.406576],[126.956511,37.406576],[126.956511,37.407474],[126.95538,37.407474],[126.95538,37.406576]]]}},{"type":"Feature","properties":{"n":4,"A":0,"B":4},"geometry":{"type":"Polygon","coordinates":[[[126.950858,37.402084],[126.951988,37.402084],[126.951988,37.402982],[126.950858,37.402982],[126.950858,37.402084]]]}},{"type":"Feature","properties":{"n":1,"A":0,"B":1},"geometry":{"type":"Polygon","coordinates":[[[126.95425,37.406576],[126.95538,37.406576],[126.95538,37.407474],[126.95425,37.407474],[126.95425,37.406576]]]}},{"type":"Feature","properties":{"n":1,"A":0,"B":1},"geometry":{"type":"Polygon","coordinates":[[[126.961033,37.405677],[126.962164,37.405677],[126.962164,37.406576],[126.961033,37.406576],[126.961033,37.405677]]]}},{"type":"Feature","properties":{"n":1,"A":0,"B":1},"geometry":{"type":"Polygon","coordinates":[[[126.945205,37.37244],[126.946335,37.37244],[126.946335,37.373338],[126.945205,37.373338],[126.945205,37.37244]]]}},{"type":"Feature","properties":{"n":3,"A":1,"B":2},"geometry":{"type":"Polygon","coordinates":[[[126.914678,37.401186],[126.915808,37.401186],[126.915808,37.402084],[126.914678,37.402084],[126.914678,37.401186]]]}},{"type":"Feature","properties":{"n":1,"A":0,"B":1},"geometry":{"type":"Polygon","coordinates":[[[126.905632,37.393101],[126.906763,37.393101],[126.906763,37.393999],[126.905632,37.393999],[126.905632,37.393101]]]}},{"type":"Feature","properties":{"n":1,"A":0,"B":1},"geometry":{"type":"Polygon","coordinates":[[[126.957642,37.371542],[126.958772,37.371542],[126.958772,37.37244],[126.957642,37.37244],[126.957642,37.371542]]]}},{"type":"Feature","properties":{"n":1,"A":0,"B":1},"geometry":{"type":"Polygon","coordinates":[[[126.948597,37.385914],[126.949727,37.385914],[126.949727,37.386813],[126.948597,37.386813],[126.948597,37.385914]]]}},{"type":"Feature","properties":{"n":1,"A":0,"B":1},"geometry":{"type":"Polygon","coordinates":[[[126.948597,37.406576],[126.949727,37.406576],[126.949727,37.407474],[126.948597,37.407474],[126.948597,37.406576]]]}},{"type":"Feature","properties":{"n":1,"A":1,"B":0},"geometry":{"type":"Polygon","coordinates":[[[126.958772,37.375135],[126.959903,37.375135],[126.959903,37.376033],[126.958772,37.376033],[126.958772,37.375135]]]}},{"type":"Feature","properties":{"n":1,"A":0,"B":1},"geometry":{"type":"Polygon","coordinates":[[[126.949727,37.402982],[126.950858,37.402982],[126.950858,37.403881],[126.949727,37.403881],[126.949727,37.402982]]]}},{"type":"Feature","properties":{"n":1,"A":0,"B":1},"geometry":{"type":"Polygon","coordinates":[[[126.964425,37.36166],[126.965556,37.36166],[126.965556,37.362558],[126.964425,37.362558],[126.964425,37.36166]]]}},{"type":"Feature","properties":{"n":2,"A":2,"B":0},"geometry":{"type":"Polygon","coordinates":[[[126.947466,37.402982],[126.948597,37.402982],[126.948597,37.403881],[126.947466,37.403881],[126.947466,37.402982]]]}},{"type":"Feature","properties":{"n":2,"A":2,"B":0},"geometry":{"type":"Polygon","coordinates":[[[126.948597,37.402982],[126.949727,37.402982],[126.949727,37.403881],[126.948597,37.403881],[126.948597,37.402982]]]}},{"type":"Feature","properties":{"n":2,"A":0,"B":2},"geometry":{"type":"Polygon","coordinates":[[[126.963295,37.404779],[126.964425,37.404779],[126.964425,37.405677],[126.963295,37.405677],[126.963295,37.404779]]]}},{"type":"Feature","properties":{"n":1,"A":0,"B":1},"geometry":{"type":"Polygon","coordinates":[[[126.959903,37.374236],[126.961033,37.374236],[126.961033,37.375135],[126.959903,37.375135],[126.959903,37.374236]]]}},{"type":"Feature","properties":{"n":1,"A":0,"B":1},"geometry":{"type":"Polygon","coordinates":[[[126.921461,37.403881],[126.922592,37.403881],[126.922592,37.404779],[126.921461,37.404779],[126.921461,37.403881]]]}},{"type":"Feature","properties":{"n":1,"A":0,"B":1},"geometry":{"type":"Polygon","coordinates":[[[126.949727,37.407474],[126.950858,37.407474],[126.950858,37.408372],[126.949727,37.408372],[126.949727,37.407474]]]}},{"type":"Feature","properties":{"n":1,"A":1,"B":0},"geometry":{"type":"Polygon","coordinates":[[[126.90111,37.38322],[126.902241,37.38322],[126.902241,37.384118],[126.90111,37.384118],[126.90111,37.38322]]]}},{"type":"Feature","properties":{"n":1,"A":1,"B":0},"geometry":{"type":"Polygon","coordinates":[[[126.949727,37.379626],[126.950858,37.379626],[126.950858,37.380525],[126.949727,37.380525],[126.949727,37.379626]]]}},{"type":"Feature","properties":{"n":2,"A":1,"B":1},"geometry":{"type":"Polygon","coordinates":[[[126.947466,37.406576],[126.948597,37.406576],[126.948597,37.407474],[126.947466,37.407474],[126.947466,37.406576]]]}},{"type":"Feature","properties":{"n":1,"A":1,"B":0},"geometry":{"type":"Polygon","coordinates":[[[126.958772,37.373338],[126.959903,37.373338],[126.959903,37.374236],[126.958772,37.374236],[126.958772,37.373338]]]}},{"type":"Feature","properties":{"n":1,"A":0,"B":1},"geometry":{"type":"Polygon","coordinates":[[[126.959903,37.378728],[126.961033,37.378728],[126.961033,37.379626],[126.959903,37.379626],[126.959903,37.378728]]]}},{"type":"Feature","properties":{"n":1,"A":0,"B":1},"geometry":{"type":"Polygon","coordinates":[[[126.95538,37.367948],[126.956511,37.367948],[126.956511,37.368847],[126.95538,37.368847],[126.95538,37.367948]]]}},{"type":"Feature","properties":{"n":1,"A":0,"B":1},"geometry":{"type":"Polygon","coordinates":[[[126.959903,37.379626],[126.961033,37.379626],[126.961033,37.380525],[126.959903,37.380525],[126.959903,37.379626]]]}},{"type":"Feature","properties":{"n":1,"A":0,"B":1},"geometry":{"type":"Polygon","coordinates":[[[126.920331,37.418254],[126.921461,37.418254],[126.921461,37.419152],[126.920331,37.419152],[126.920331,37.418254]]]}},{"type":"Feature","properties":{"n":1,"A":1,"B":0},"geometry":{"type":"Polygon","coordinates":[[[126.930506,37.419152],[126.931637,37.419152],[126.931637,37.42005],[126.930506,37.42005],[126.930506,37.419152]]]}},{"type":"Feature","properties":{"n":1,"A":0,"B":1},"geometry":{"type":"Polygon","coordinates":[[[126.925984,37.384118],[126.927114,37.384118],[126.927114,37.385016],[126.925984,37.385016],[126.925984,37.384118]]]}},{"type":"Feature","properties":{"n":1,"A":1,"B":0},"geometry":{"type":"Polygon","coordinates":[[[126.922592,37.419152],[126.923723,37.419152],[126.923723,37.42005],[126.922592,37.42005],[126.922592,37.419152]]]}},{"type":"Feature","properties":{"n":1,"A":0,"B":1},"geometry":{"type":"Polygon","coordinates":[[[126.921461,37.395796],[126.922592,37.395796],[126.922592,37.396694],[126.921461,37.396694],[126.921461,37.395796]]]}},{"type":"Feature","properties":{"n":1,"A":0,"B":1},"geometry":{"type":"Polygon","coordinates":[[[126.897718,37.403881],[126.898849,37.403881],[126.898849,37.404779],[126.897718,37.404779],[126.897718,37.403881]]]}},{"type":"Feature","properties":{"n":1,"A":0,"B":1},"geometry":{"type":"Polygon","coordinates":[[[126.924853,37.391304],[126.925984,37.391304],[126.925984,37.392203],[126.924853,37.392203],[126.924853,37.391304]]]}},{"type":"Feature","properties":{"n":2,"A":0,"B":2},"geometry":{"type":"Polygon","coordinates":[[[126.971209,37.396694],[126.97234,37.396694],[126.97234,37.397593],[126.971209,37.397593],[126.971209,37.396694]]]}},{"type":"Feature","properties":{"n":1,"A":0,"B":1},"geometry":{"type":"Polygon","coordinates":[[[126.946335,37.37244],[126.947466,37.37244],[126.947466,37.373338],[126.946335,37.373338],[126.946335,37.37244]]]}},{"type":"Feature","properties":{"n":1,"A":1,"B":0},"geometry":{"type":"Polygon","coordinates":[[[126.957642,37.381423],[126.958772,37.381423],[126.958772,37.382321],[126.957642,37.382321],[126.957642,37.381423]]]}},{"type":"Feature","properties":{"n":1,"A":1,"B":0},"geometry":{"type":"Polygon","coordinates":[[[126.909024,37.408372],[126.910155,37.408372],[126.910155,37.409271],[126.909024,37.409271],[126.909024,37.408372]]]}},{"type":"Feature","properties":{"n":2,"A":2,"B":0},"geometry":{"type":"Polygon","coordinates":[[[126.958772,37.381423],[126.959903,37.381423],[126.959903,37.382321],[126.958772,37.382321],[126.958772,37.381423]]]}},{"type":"Feature","properties":{"n":1,"A":0,"B":1},"geometry":{"type":"Polygon","coordinates":[[[126.947466,37.370643],[126.948597,37.370643],[126.948597,37.371542],[126.947466,37.371542],[126.947466,37.370643]]]}},{"type":"Feature","properties":{"n":1,"A":0,"B":1},"geometry":{"type":"Polygon","coordinates":[[[126.958772,37.380525],[126.959903,37.380525],[126.959903,37.381423],[126.958772,37.381423],[126.958772,37.380525]]]}},{"type":"Feature","properties":{"n":1,"A":1,"B":0},"geometry":{"type":"Polygon","coordinates":[[[126.914678,37.410169],[126.915808,37.410169],[126.915808,37.411067],[126.914678,37.411067],[126.914678,37.410169]]]}},{"type":"Feature","properties":{"n":1,"A":0,"B":1},"geometry":{"type":"Polygon","coordinates":[[[126.933898,37.38322],[126.935029,37.38322],[126.935029,37.384118],[126.933898,37.384118],[126.933898,37.38322]]]}},{"type":"Feature","properties":{"n":2,"A":2,"B":0},"geometry":{"type":"Polygon","coordinates":[[[126.906763,37.418254],[126.907894,37.418254],[126.907894,37.419152],[126.906763,37.419152],[126.906763,37.418254]]]}},{"type":"Feature","properties":{"n":1,"A":1,"B":0},"geometry":{"type":"Polygon","coordinates":[[[126.922592,37.385914],[126.923723,37.385914],[126.923723,37.386813],[126.922592,37.386813],[126.922592,37.385914]]]}},{"type":"Feature","properties":{"n":1,"A":0,"B":1},"geometry":{"type":"Polygon","coordinates":[[[126.948597,37.380525],[126.949727,37.380525],[126.949727,37.381423],[126.948597,37.381423],[126.948597,37.380525]]]}},{"type":"Feature","properties":{"n":1,"A":0,"B":1},"geometry":{"type":"Polygon","coordinates":[[[126.944074,37.385914],[126.945205,37.385914],[126.945205,37.386813],[126.944074,37.386813],[126.944074,37.385914]]]}},{"type":"Feature","properties":{"n":2,"A":0,"B":2},"geometry":{"type":"Polygon","coordinates":[[[126.951988,37.380525],[126.953119,37.380525],[126.953119,37.381423],[126.951988,37.381423],[126.951988,37.380525]]]}},{"type":"Feature","properties":{"n":2,"A":2,"B":0},"geometry":{"type":"Polygon","coordinates":[[[126.946335,37.38322],[126.947466,37.38322],[126.947466,37.384118],[126.946335,37.384118],[126.946335,37.38322]]]}},{"type":"Feature","properties":{"n":1,"A":0,"B":1},"geometry":{"type":"Polygon","coordinates":[[[126.946335,37.384118],[126.947466,37.384118],[126.947466,37.385016],[126.946335,37.385016],[126.946335,37.384118]]]}},{"type":"Feature","properties":{"n":1,"A":1,"B":0},"geometry":{"type":"Polygon","coordinates":[[[126.956511,37.404779],[126.957642,37.404779],[126.957642,37.405677],[126.956511,37.405677],[126.956511,37.404779]]]}},{"type":"Feature","properties":{"n":1,"A":1,"B":0},"geometry":{"type":"Polygon","coordinates":[[[126.956511,37.403881],[126.957642,37.403881],[126.957642,37.404779],[126.956511,37.404779],[126.956511,37.403881]]]}},{"type":"Feature","properties":{"n":1,"A":0,"B":1},"geometry":{"type":"Polygon","coordinates":[[[126.97347,37.397593],[126.974601,37.397593],[126.974601,37.398491],[126.97347,37.398491],[126.97347,37.397593]]]}},{"type":"Feature","properties":{"n":1,"A":0,"B":1},"geometry":{"type":"Polygon","coordinates":[[[126.953119,37.379626],[126.95425,37.379626],[126.95425,37.380525],[126.953119,37.380525],[126.953119,37.379626]]]}},{"type":"Feature","properties":{"n":1,"A":0,"B":1},"geometry":{"type":"Polygon","coordinates":[[[126.941813,37.388609],[126.942943,37.388609],[126.942943,37.389508],[126.941813,37.389508],[126.941813,37.388609]]]}},{"type":"Feature","properties":{"n":2,"A":0,"B":2},"geometry":{"type":"Polygon","coordinates":[[[126.974601,37.398491],[126.975732,37.398491],[126.975732,37.399389],[126.974601,37.399389],[126.974601,37.398491]]]}},{"type":"Feature","properties":{"n":2,"A":0,"B":2},"geometry":{"type":"Polygon","coordinates":[[[126.975732,37.399389],[126.976862,37.399389],[126.976862,37.400287],[126.975732,37.400287],[126.975732,37.399389]]]}},{"type":"Feature","properties":{"n":4,"A":2,"B":2},"geometry":{"type":"Polygon","coordinates":[[[126.975732,37.400287],[126.976862,37.400287],[126.976862,37.401186],[126.975732,37.401186],[126.975732,37.400287]]]}},{"type":"Feature","properties":{"n":1,"A":0,"B":1},"geometry":{"type":"Polygon","coordinates":[[[126.932768,37.409271],[126.933898,37.409271],[126.933898,37.410169],[126.932768,37.410169],[126.932768,37.409271]]]}},{"type":"Feature","properties":{"n":2,"A":0,"B":2},"geometry":{"type":"Polygon","coordinates":[[[126.931637,37.402982],[126.932768,37.402982],[126.932768,37.403881],[126.931637,37.403881],[126.931637,37.402982]]]}},{"type":"Feature","properties":{"n":2,"A":0,"B":2},"geometry":{"type":"Polygon","coordinates":[[[126.976862,37.397593],[126.977993,37.397593],[126.977993,37.398491],[126.976862,37.398491],[126.976862,37.397593]]]}},{"type":"Feature","properties":{"n":1,"A":0,"B":1},"geometry":{"type":"Polygon","coordinates":[[[126.976862,37.396694],[126.977993,37.396694],[126.977993,37.397593],[126.976862,37.397593],[126.976862,37.396694]]]}},{"type":"Feature","properties":{"n":1,"A":1,"B":0},"geometry":{"type":"Polygon","coordinates":[[[126.933898,37.398491],[126.935029,37.398491],[126.935029,37.399389],[126.933898,37.399389],[126.933898,37.398491]]]}},{"type":"Feature","properties":{"n":1,"A":0,"B":1},"geometry":{"type":"Polygon","coordinates":[[[126.932768,37.398491],[126.933898,37.398491],[126.933898,37.399389],[126.932768,37.399389],[126.932768,37.398491]]]}},{"type":"Feature","properties":{"n":1,"A":1,"B":0},"geometry":{"type":"Polygon","coordinates":[[[126.95425,37.393999],[126.95538,37.393999],[126.95538,37.394898],[126.95425,37.394898],[126.95425,37.393999]]]}},{"type":"Feature","properties":{"n":1,"A":0,"B":1},"geometry":{"type":"Polygon","coordinates":[[[126.939551,37.394898],[126.940682,37.394898],[126.940682,37.395796],[126.939551,37.395796],[126.939551,37.394898]]]}},{"type":"Feature","properties":{"n":1,"A":0,"B":1},"geometry":{"type":"Polygon","coordinates":[[[126.939551,37.393999],[126.940682,37.393999],[126.940682,37.394898],[126.939551,37.394898],[126.939551,37.393999]]]}},{"type":"Feature","properties":{"n":1,"A":1,"B":0},"geometry":{"type":"Polygon","coordinates":[[[126.940682,37.392203],[126.941813,37.392203],[126.941813,37.393101],[126.940682,37.393101],[126.940682,37.392203]]]}},{"type":"Feature","properties":{"n":1,"A":0,"B":1},"geometry":{"type":"Polygon","coordinates":[[[126.941813,37.393101],[126.942943,37.393101],[126.942943,37.393999],[126.941813,37.393999],[126.941813,37.393101]]]}},{"type":"Feature","properties":{"n":1,"A":0,"B":1},"geometry":{"type":"Polygon","coordinates":[[[126.961033,37.393999],[126.962164,37.393999],[126.962164,37.394898],[126.961033,37.394898],[126.961033,37.393999]]]}},{"type":"Feature","properties":{"n":1,"A":1,"B":0},"geometry":{"type":"Polygon","coordinates":[[[126.941813,37.392203],[126.942943,37.392203],[126.942943,37.393101],[126.941813,37.393101],[126.941813,37.392203]]]}},{"type":"Feature","properties":{"n":1,"A":1,"B":0},"geometry":{"type":"Polygon","coordinates":[[[126.904502,37.400287],[126.905632,37.400287],[126.905632,37.401186],[126.904502,37.401186],[126.904502,37.400287]]]}},{"type":"Feature","properties":{"n":1,"A":0,"B":1},"geometry":{"type":"Polygon","coordinates":[[[126.930506,37.392203],[126.931637,37.392203],[126.931637,37.393101],[126.930506,37.393101],[126.930506,37.392203]]]}},{"type":"Feature","properties":{"n":1,"A":0,"B":1},"geometry":{"type":"Polygon","coordinates":[[[126.887542,37.406576],[126.888673,37.406576],[126.888673,37.407474],[126.887542,37.407474],[126.887542,37.406576]]]}},{"type":"Feature","properties":{"n":1,"A":0,"B":1},"geometry":{"type":"Polygon","coordinates":[[[126.930506,37.391304],[126.931637,37.391304],[126.931637,37.392203],[126.930506,37.392203],[126.930506,37.391304]]]}},{"type":"Feature","properties":{"n":5,"A":4,"B":1},"geometry":{"type":"Polygon","coordinates":[[[126.961033,37.403881],[126.962164,37.403881],[126.962164,37.404779],[126.961033,37.404779],[126.961033,37.403881]]]}},{"type":"Feature","properties":{"n":2,"A":0,"B":2},"geometry":{"type":"Polygon","coordinates":[[[126.920331,37.389508],[126.921461,37.389508],[126.921461,37.390406],[126.920331,37.390406],[126.920331,37.389508]]]}},{"type":"Feature","properties":{"n":1,"A":0,"B":1},"geometry":{"type":"Polygon","coordinates":[[[126.918069,37.402982],[126.9192,37.402982],[126.9192,37.403881],[126.918069,37.403881],[126.918069,37.402982]]]}},{"type":"Feature","properties":{"n":1,"A":1,"B":0},"geometry":{"type":"Polygon","coordinates":[[[126.914678,37.408372],[126.915808,37.408372],[126.915808,37.409271],[126.914678,37.409271],[126.914678,37.408372]]]}},{"type":"Feature","properties":{"n":6,"A":4,"B":2},"geometry":{"type":"Polygon","coordinates":[[[126.959903,37.403881],[126.961033,37.403881],[126.961033,37.404779],[126.959903,37.404779],[126.959903,37.403881]]]}},{"type":"Feature","properties":{"n":2,"A":1,"B":1},"geometry":{"type":"Polygon","coordinates":[[[126.959903,37.404779],[126.961033,37.404779],[126.961033,37.405677],[126.959903,37.405677],[126.959903,37.404779]]]}},{"type":"Feature","properties":{"n":1,"A":1,"B":0},"geometry":{"type":"Polygon","coordinates":[[[126.958772,37.402982],[126.959903,37.402982],[126.959903,37.403881],[126.958772,37.403881],[126.958772,37.402982]]]}},{"type":"Feature","properties":{"n":1,"A":0,"B":1},"geometry":{"type":"Polygon","coordinates":[[[126.950858,37.411067],[126.951988,37.411067],[126.951988,37.411966],[126.950858,37.411966],[126.950858,37.411067]]]}},{"type":"Feature","properties":{"n":2,"A":1,"B":1},"geometry":{"type":"Polygon","coordinates":[[[126.928245,37.387711],[126.929376,37.387711],[126.929376,37.388609],[126.928245,37.388609],[126.928245,37.387711]]]}},{"type":"Feature","properties":{"n":2,"A":1,"B":1},"geometry":{"type":"Polygon","coordinates":[[[126.953119,37.390406],[126.95425,37.390406],[126.95425,37.391304],[126.953119,37.391304],[126.953119,37.390406]]]}},{"type":"Feature","properties":{"n":1,"A":0,"B":1},"geometry":{"type":"Polygon","coordinates":[[[126.947466,37.382321],[126.948597,37.382321],[126.948597,37.38322],[126.947466,37.38322],[126.947466,37.382321]]]}},{"type":"Feature","properties":{"n":2,"A":0,"B":2},"geometry":{"type":"Polygon","coordinates":[[[126.950858,37.38322],[126.951988,37.38322],[126.951988,37.384118],[126.950858,37.384118],[126.950858,37.38322]]]}},{"type":"Feature","properties":{"n":2,"A":0,"B":2},"geometry":{"type":"Polygon","coordinates":[[[126.949727,37.385016],[126.950858,37.385016],[126.950858,37.385914],[126.949727,37.385914],[126.949727,37.385016]]]}},{"type":"Feature","properties":{"n":1,"A":0,"B":1},"geometry":{"type":"Polygon","coordinates":[[[126.950858,37.382321],[126.951988,37.382321],[126.951988,37.38322],[126.950858,37.38322],[126.950858,37.382321]]]}},{"type":"Feature","properties":{"n":1,"A":0,"B":1},"geometry":{"type":"Polygon","coordinates":[[[126.948597,37.384118],[126.949727,37.384118],[126.949727,37.385016],[126.948597,37.385016],[126.948597,37.384118]]]}},{"type":"Feature","properties":{"n":1,"A":0,"B":1},"geometry":{"type":"Polygon","coordinates":[[[126.957642,37.402982],[126.958772,37.402982],[126.958772,37.403881],[126.957642,37.403881],[126.957642,37.402982]]]}},{"type":"Feature","properties":{"n":1,"A":0,"B":1},"geometry":{"type":"Polygon","coordinates":[[[126.947466,37.401186],[126.948597,37.401186],[126.948597,37.402084],[126.947466,37.402084],[126.947466,37.401186]]]}},{"type":"Feature","properties":{"n":2,"A":0,"B":2},"geometry":{"type":"Polygon","coordinates":[[[126.965556,37.404779],[126.966687,37.404779],[126.966687,37.405677],[126.965556,37.405677],[126.965556,37.404779]]]}},{"type":"Feature","properties":{"n":1,"A":0,"B":1},"geometry":{"type":"Polygon","coordinates":[[[126.957642,37.366152],[126.958772,37.366152],[126.958772,37.36705],[126.957642,37.36705],[126.957642,37.366152]]]}},{"type":"Feature","properties":{"n":1,"A":1,"B":0},"geometry":{"type":"Polygon","coordinates":[[[126.938421,37.380525],[126.939551,37.380525],[126.939551,37.381423],[126.938421,37.381423],[126.938421,37.380525]]]}},{"type":"Feature","properties":{"n":1,"A":1,"B":0},"geometry":{"type":"Polygon","coordinates":[[[126.947466,37.409271],[126.948597,37.409271],[126.948597,37.410169],[126.947466,37.410169],[126.947466,37.409271]]]}},{"type":"Feature","properties":{"n":1,"A":1,"B":0},"geometry":{"type":"Polygon","coordinates":[[[126.965556,37.405677],[126.966687,37.405677],[126.966687,37.406576],[126.965556,37.406576],[126.965556,37.405677]]]}},{"type":"Feature","properties":{"n":1,"A":0,"B":1},"geometry":{"type":"Polygon","coordinates":[[[126.923723,37.394898],[126.924853,37.394898],[126.924853,37.395796],[126.923723,37.395796],[126.923723,37.394898]]]}},{"type":"Feature","properties":{"n":1,"A":0,"B":1},"geometry":{"type":"Polygon","coordinates":[[[126.912416,37.399389],[126.913547,37.399389],[126.913547,37.400287],[126.912416,37.400287],[126.912416,37.399389]]]}},{"type":"Feature","properties":{"n":1,"A":1,"B":0},"geometry":{"type":"Polygon","coordinates":[[[126.912416,37.393101],[126.913547,37.393101],[126.913547,37.393999],[126.912416,37.393999],[126.912416,37.393101]]]}},{"type":"Feature","properties":{"n":1,"A":0,"B":1},"geometry":{"type":"Polygon","coordinates":[[[126.951988,37.41466],[126.953119,37.41466],[126.953119,37.415559],[126.951988,37.415559],[126.951988,37.41466]]]}},{"type":"Feature","properties":{"n":1,"A":0,"B":1},"geometry":{"type":"Polygon","coordinates":[[[126.920331,37.400287],[126.921461,37.400287],[126.921461,37.401186],[126.920331,37.401186],[126.920331,37.400287]]]}},{"type":"Feature","properties":{"n":1,"A":0,"B":1},"geometry":{"type":"Polygon","coordinates":[[[126.949727,37.384118],[126.950858,37.384118],[126.950858,37.385016],[126.949727,37.385016],[126.949727,37.384118]]]}},{"type":"Feature","properties":{"n":1,"A":0,"B":1},"geometry":{"type":"Polygon","coordinates":[[[126.922592,37.401186],[126.923723,37.401186],[126.923723,37.402084],[126.922592,37.402084],[126.922592,37.401186]]]}},{"type":"Feature","properties":{"n":1,"A":0,"B":1},"geometry":{"type":"Polygon","coordinates":[[[126.948597,37.390406],[126.949727,37.390406],[126.949727,37.391304],[126.948597,37.391304],[126.948597,37.390406]]]}},{"type":"Feature","properties":{"n":1,"A":0,"B":1},"geometry":{"type":"Polygon","coordinates":[[[126.953119,37.385016],[126.95425,37.385016],[126.95425,37.385914],[126.953119,37.385914],[126.953119,37.385016]]]}},{"type":"Feature","properties":{"n":1,"A":1,"B":0},"geometry":{"type":"Polygon","coordinates":[[[126.941813,37.390406],[126.942943,37.390406],[126.942943,37.391304],[126.941813,37.391304],[126.941813,37.390406]]]}},{"type":"Feature","properties":{"n":1,"A":0,"B":1},"geometry":{"type":"Polygon","coordinates":[[[126.958772,37.405677],[126.959903,37.405677],[126.959903,37.406576],[126.958772,37.406576],[126.958772,37.405677]]]}},{"type":"Feature","properties":{"n":1,"A":1,"B":0},"geometry":{"type":"Polygon","coordinates":[[[126.951988,37.386813],[126.953119,37.386813],[126.953119,37.387711],[126.951988,37.387711],[126.951988,37.386813]]]}},{"type":"Feature","properties":{"n":2,"A":0,"B":2},"geometry":{"type":"Polygon","coordinates":[[[126.938421,37.382321],[126.939551,37.382321],[126.939551,37.38322],[126.938421,37.38322],[126.938421,37.382321]]]}},{"type":"Feature","properties":{"n":1,"A":0,"B":1},"geometry":{"type":"Polygon","coordinates":[[[126.906763,37.413762],[126.907894,37.413762],[126.907894,37.41466],[126.906763,37.41466],[126.906763,37.413762]]]}},{"type":"Feature","properties":{"n":1,"A":0,"B":1},"geometry":{"type":"Polygon","coordinates":[[[126.945205,37.390406],[126.946335,37.390406],[126.946335,37.391304],[126.945205,37.391304],[126.945205,37.390406]]]}},{"type":"Feature","properties":{"n":1,"A":1,"B":0},"geometry":{"type":"Polygon","coordinates":[[[126.951988,37.379626],[126.953119,37.379626],[126.953119,37.380525],[126.951988,37.380525],[126.951988,37.379626]]]}},{"type":"Feature","properties":{"n":1,"A":1,"B":0},"geometry":{"type":"Polygon","coordinates":[[[126.904502,37.402982],[126.905632,37.402982],[126.905632,37.403881],[126.904502,37.403881],[126.904502,37.402982]]]}},{"type":"Feature","properties":{"n":1,"A":0,"B":1},"geometry":{"type":"Polygon","coordinates":[[[126.959903,37.381423],[126.961033,37.381423],[126.961033,37.382321],[126.959903,37.382321],[126.959903,37.381423]]]}},{"type":"Feature","properties":{"n":1,"A":0,"B":1},"geometry":{"type":"Polygon","coordinates":[[[126.910155,37.41466],[126.911286,37.41466],[126.911286,37.415559],[126.910155,37.415559],[126.910155,37.41466]]]}},{"type":"Feature","properties":{"n":1,"A":1,"B":0},"geometry":{"type":"Polygon","coordinates":[[[126.912416,37.398491],[126.913547,37.398491],[126.913547,37.399389],[126.912416,37.399389],[126.912416,37.398491]]]}},{"type":"Feature","properties":{"n":1,"A":1,"B":0},"geometry":{"type":"Polygon","coordinates":[[[126.903371,37.413762],[126.904502,37.413762],[126.904502,37.41466],[126.903371,37.41466],[126.903371,37.413762]]]}},{"type":"Feature","properties":{"n":1,"A":1,"B":0},"geometry":{"type":"Polygon","coordinates":[[[126.885281,37.405677],[126.886412,37.405677],[126.886412,37.406576],[126.885281,37.406576],[126.885281,37.405677]]]}},{"type":"Feature","properties":{"n":1,"A":0,"B":1},"geometry":{"type":"Polygon","coordinates":[[[126.966687,37.401186],[126.967817,37.401186],[126.967817,37.402084],[126.966687,37.402084],[126.966687,37.401186]]]}},{"type":"Feature","properties":{"n":2,"A":0,"B":2},"geometry":{"type":"Polygon","coordinates":[[[126.898849,37.406576],[126.899979,37.406576],[126.899979,37.407474],[126.898849,37.407474],[126.898849,37.406576]]]}},{"type":"Feature","properties":{"n":1,"A":0,"B":1},"geometry":{"type":"Polygon","coordinates":[[[126.93729,37.38322],[126.938421,37.38322],[126.938421,37.384118],[126.93729,37.384118],[126.93729,37.38322]]]}},{"type":"Feature","properties":{"n":1,"A":1,"B":0},"geometry":{"type":"Polygon","coordinates":[[[126.898849,37.409271],[126.899979,37.409271],[126.899979,37.410169],[126.898849,37.410169],[126.898849,37.409271]]]}},{"type":"Feature","properties":{"n":1,"A":0,"B":1},"geometry":{"type":"Polygon","coordinates":[[[126.966687,37.402084],[126.967817,37.402084],[126.967817,37.402982],[126.966687,37.402982],[126.966687,37.402084]]]}},{"type":"Feature","properties":{"n":2,"A":1,"B":1},"geometry":{"type":"Polygon","coordinates":[[[126.97234,37.389508],[126.97347,37.389508],[126.97347,37.390406],[126.97234,37.390406],[126.97234,37.389508]]]}},{"type":"Feature","properties":{"n":1,"A":0,"B":1},"geometry":{"type":"Polygon","coordinates":[[[126.905632,37.418254],[126.906763,37.418254],[126.906763,37.419152],[126.905632,37.419152],[126.905632,37.418254]]]}},{"type":"Feature","properties":{"n":1,"A":0,"B":1},"geometry":{"type":"Polygon","coordinates":[[[126.904502,37.404779],[126.905632,37.404779],[126.905632,37.405677],[126.904502,37.405677],[126.904502,37.404779]]]}},{"type":"Feature","properties":{"n":1,"A":0,"B":1},"geometry":{"type":"Polygon","coordinates":[[[126.912416,37.415559],[126.913547,37.415559],[126.913547,37.416457],[126.912416,37.416457],[126.912416,37.415559]]]}},{"type":"Feature","properties":{"n":1,"A":0,"B":1},"geometry":{"type":"Polygon","coordinates":[[[126.941813,37.387711],[126.942943,37.387711],[126.942943,37.388609],[126.941813,37.388609],[126.941813,37.387711]]]}},{"type":"Feature","properties":{"n":1,"A":1,"B":0},"geometry":{"type":"Polygon","coordinates":[[[126.956511,37.375135],[126.957642,37.375135],[126.957642,37.376033],[126.956511,37.376033],[126.956511,37.375135]]]}},{"type":"Feature","properties":{"n":1,"A":1,"B":0},"geometry":{"type":"Polygon","coordinates":[[[126.951988,37.391304],[126.953119,37.391304],[126.953119,37.392203],[126.951988,37.392203],[126.951988,37.391304]]]}},{"type":"Feature","properties":{"n":1,"A":0,"B":1},"geometry":{"type":"Polygon","coordinates":[[[126.946335,37.382321],[126.947466,37.382321],[126.947466,37.38322],[126.946335,37.38322],[126.946335,37.382321]]]}},{"type":"Feature","properties":{"n":1,"A":1,"B":0},"geometry":{"type":"Polygon","coordinates":[[[126.970079,37.396694],[126.971209,37.396694],[126.971209,37.397593],[126.970079,37.397593],[126.970079,37.396694]]]}},{"type":"Feature","properties":{"n":1,"A":1,"B":0},"geometry":{"type":"Polygon","coordinates":[[[126.964425,37.404779],[126.965556,37.404779],[126.965556,37.405677],[126.964425,37.405677],[126.964425,37.404779]]]}},{"type":"Feature","properties":{"n":1,"A":1,"B":0},"geometry":{"type":"Polygon","coordinates":[[[126.95538,37.390406],[126.956511,37.390406],[126.956511,37.391304],[126.95538,37.391304],[126.95538,37.390406]]]}},{"type":"Feature","properties":{"n":1,"A":0,"B":1},"geometry":{"type":"Polygon","coordinates":[[[126.97234,37.402982],[126.97347,37.402982],[126.97347,37.403881],[126.97234,37.403881],[126.97234,37.402982]]]}},{"type":"Feature","properties":{"n":1,"A":0,"B":1},"geometry":{"type":"Polygon","coordinates":[[[126.93729,37.384118],[126.938421,37.384118],[126.938421,37.385016],[126.93729,37.385016],[126.93729,37.384118]]]}}]}