{"type":"FeatureCollection","stats":{"public_building":{"rows":537,"geocoded":450},"shelter":{"rows":213,"geocoded":213},"water":{"rows":46,"geocoded":45}},"generated":"2026-09-18","features":[{"type":"Feature","properties":{"kind":"public_building","name":"희성놀이터화장실","address":"경기도 안양시 동안구 비산동 1101-3","source":"경기도 안양시_공공건축물현황(공공데이터포털 15114534)","asof":"2026-06-30","area":"12.96","acquired":"1995-02-28"},"geometry":{"type":"Point","coordinates":[126.949505,37.397353]}},{"type":"Feature","properties":{"kind":"public_building","name":"후생관(구내식당)","address":"경기도 안양시 만안구 안양로 175","source":"경기도 안양시_공공건축물현황(공공데이터포털 15114534)","asof":"2026-06-30","area":"315","acquired":"2018-01-31"},"geometry":{"type":"Point","coordinates":[126.927186,37.389905]}},{"type":"Feature","properties":{"kind":"public_building","name":"화창경로당","address":"경기도 안양시 만안구 화창로 84","source":"경기도 안양시_공공건축물현황(공공데이터포털 15114534)","asof":"2026-06-30","area":"144.18","acquired":"1999-12-27"},"geometry":{"type":"Point","coordinates":[126.903467,37.413279]}},{"type":"Feature","properties":{"kind":"public_building","name":"화장실및 음수대","address":"경기도 안양시 동안구 관양동 1609","source":"경기도 안양시_공공건축물현황(공공데이터포털 15114534)","asof":"2026-06-30","area":"47.61","acquired":"2006-05-23"},"geometry":{"type":"Point","coordinates":[126.955272,37.401383]}},{"type":"Feature","properties":{"kind":"public_building","name":"평화공원 화장실","address":"경기도 안양시 동안구 비산동 1104-2","source":"경기도 안양시_공공건축물현황(공공데이터포털 15114534)","asof":"2026-06-30","area":"61.67","acquired":"2013-08-23"},"geometry":{"type":"Point","coordinates":[126.948239,37.390368]}},{"type":"Feature","properties":{"kind":"public_building","name":"호계 배드민턴장 화장실","address":"경기도 안양시 동안구 엘에스로144번길 86","source":"경기도 안양시_공공건축물현황(공공데이터포털 15114534)","asof":"2026-06-30","area":"32.64","acquired":"2006-09-21"},"geometry":{"type":"Point","coordinates":[126.945394,37.378455]}},{"type":"Feature","properties":{"kind":"public_building","name":"호현경로당","address":"경기도 안양시 만안구 박달로275번길 39","source":"경기도 안양시_공공건축물현황(공공데이터포털 15114534)","asof":"2026-06-30","area":"175.56","acquired":"1999-12-29"},"geometry":{"type":"Point","coordinates":[126.884418,37.40589]}},{"type":"Feature","properties":{"kind":"public_building","name":"호암공원 화장실","address":"경기도 안양시 만안구 석수동 497-5","source":"경기도 안양시_공공건축물현황(공공데이터포털 15114534)","asof":"2026-06-30","area":"18.6","acquired":"2016-04-30"},"geometry":{"type":"Point","coordinates":[126.90628,37.426106]}},{"type":"Feature","properties":{"kind":"public_building","name":"호계체육관","address":"경기도 안양시 동안구 호계동 177-0","source":"경기도 안양시_공공건축물현황(공공데이터포털 15114534)","asof":"2026-06-30","area":"12391.3","acquired":"2008-08-06"},"geometry":{"type":"Point","coordinates":[126.946887,37.380188]}},{"type":"Feature","properties":{"kind":"public_building","name":"호계배드민턴장","address":"경기도 안양시 동안구 엘에스로144번길 86","source":"경기도 안양시_공공건축물현황(공공데이터포털 15114534)","asof":"2026-06-30","area":"1427.72","acquired":"2013-11-04"},"geometry":{"type":"Point","coordinates":[126.945394,37.378455]}},{"type":"Feature","properties":{"kind":"public_building","name":"호계동복합청사","address":"경기도 안양시 동안구 경수대로 504","source":"경기도 안양시_공공건축물현황(공공데이터포털 15114534)","asof":"2026-06-30","area":"9376.56","acquired":"2014-10-17"},"geometry":{"type":"Point","coordinates":[126.958661,37.36751]}},{"type":"Feature","properties":{"kind":"public_building","name":"호계도서관본관동","address":"경기도 안양시 동안구 경수대로685번길 26","source":"경기도 안양시_공공건축물현황(공공데이터포털 15114534)","asof":"2026-06-30","area":"1871.92","acquired":"1997-06-28"},"geometry":{"type":"Point","coordinates":[126.950454,37.383]}},{"type":"Feature","properties":{"kind":"public_building","name":"호계도서관별관동","address":"경기도 안양시 동안구 경수대로685번길 26","source":"경기도 안양시_공공건축물현황(공공데이터포털 15114534)","asof":"2026-06-30","area":"993.65","acquired":"1997-06-28"},"geometry":{"type":"Point","coordinates":[126.950454,37.383]}},{"type":"Feature","properties":{"kind":"public_building","name":"호계공원테니스장락카룸및화장실","address":"경기도 안양시 동안구 호계동 176-4","source":"경기도 안양시_공공건축물현황(공공데이터포털 15114534)","asof":"2026-06-30","area":"197.58","acquired":"1999-10-25"},"geometry":{"type":"Point","coordinates":[126.94874,37.377211]}},{"type":"Feature","properties":{"kind":"public_building","name":"호계공원매점및화장실","address":"경기도 안양시 동안구 호계동 335-113","source":"경기도 안양시_공공건축물현황(공공데이터포털 15114534)","asof":"2026-06-30","area":"84.64","acquired":"2000-11-28"},"geometry":{"type":"Point","coordinates":[126.945857,37.379674]}},{"type":"Feature","properties":{"kind":"public_building","name":"호계3동 다목적복지회관","address":"경기도 안양시 동안구 포도원로27번길 39","source":"경기도 안양시_공공건축물현황(공공데이터포털 15114534)","asof":"2026-06-30","area":"597.66","acquired":"1994-12-26"},"geometry":{"type":"Point","coordinates":[126.96422,37.363825]}},{"type":"Feature","properties":{"kind":"public_building","name":"호계2동 다목적복지회관","address":"경기도 안양시 동안구 경수대로 725","source":"경기도 안양시_공공건축물현황(공공데이터포털 15114534)","asof":"2026-06-30","area":"1189.05","acquired":"1995-12-19"},"geometry":{"type":"Point","coordinates":[126.950225,37.38635]}},{"type":"Feature","properties":{"kind":"public_building","name":"호계1동사무소","address":"경기도 안양시 동안구 경수대로 538","source":"경기도 안양시_공공건축물현황(공공데이터포털 15114534)","asof":"2026-06-30","area":"1271.52","acquired":"1995-03-17"},"geometry":{"type":"Point","coordinates":[126.958308,37.370881]}},{"type":"Feature","properties":{"kind":"public_building","name":"호계 고객문화센터","address":"경기도 안양시 동안구 흥안대로133번길 59-2","source":"경기도 안양시_공공건축물현황(공공데이터포털 15114534)","asof":"2026-06-30","area":"146.99","acquired":"2011-07-19"},"geometry":{"type":"Point","coordinates":[126.958268,37.373372]}},{"type":"Feature","properties":{"kind":"public_building","name":"협심어린이집","address":"경기도 안양시 만안구 능곡로 21","source":"경기도 안양시_공공건축물현황(공공데이터포털 15114534)","asof":"2026-06-30","area":"432.53","acquired":"1992-12-28"},"geometry":{"type":"Point","coordinates":[126.91413,37.393118]}},{"type":"Feature","properties":{"kind":"public_building","name":"협신경로당","address":"경기도 안양시 만안구 양화로151번길 31","source":"경기도 안양시_공공건축물현황(공공데이터포털 15114534)","asof":"2026-06-30","area":"197.4","acquired":"1998-05-27"},"geometry":{"type":"Point","coordinates":[126.907279,37.406687]}},{"type":"Feature","properties":{"kind":"public_building","name":"향토사료관","address":"경기도 안양시 만안구 장내로143번길 8","source":"경기도 안양시_공공건축물현황(공공데이터포털 15114534)","asof":"2026-06-30","area":"300.78","acquired":"2000-10-10"},"geometry":{"type":"Point","coordinates":[126.923359,37.398514]}},{"type":"Feature","properties":{"kind":"public_building","name":"향촌놀이터화장실","address":"경기도 안양시 동안구 호계동 1054-4","source":"경기도 안양시_공공건축물현황(공공데이터포털 15114534)","asof":"2026-06-30","area":"53.46","acquired":"1995-02-28"},"geometry":{"type":"Point","coordinates":[126.955182,37.385386]}},{"type":"Feature","properties":{"kind":"public_building","name":"해외질병차폐동","address":"경기도 안양시 만안구 안양로 175","source":"경기도 안양시_공공건축물현황(공공데이터포털 15114534)","asof":"2026-06-30","area":"2883.36","acquired":"2018-01-31"},"geometry":{"type":"Point","coordinates":[126.927186,37.389905]}},{"type":"Feature","properties":{"kind":"public_building","name":"해부제제실","address":"경기도 안양시 만안구 안양로 175","source":"경기도 안양시_공공건축물현황(공공데이터포털 15114534)","asof":"2026-06-30","area":"137.62","acquired":"2018-01-31"},"geometry":{"type":"Point","coordinates":[126.927186,37.389905]}},{"type":"Feature","properties":{"kind":"public_building","name":"해동놀이터 지하주차장","address":"경기도 안양시 동안구 관악대로287번길 104-22","source":"경기도 안양시_공공건축물현황(공공데이터포털 15114534)","asof":"2026-06-30","area":"2620","acquired":"2006-07-07"},"geometry":{"type":"Point","coordinates":[126.95613,37.407419]}},{"type":"Feature","properties":{"kind":"public_building","name":"해누리어린이집","address":"경기도 안양시 만안구 안양동 1420","source":"경기도 안양시_공공건축물현황(공공데이터포털 15114534)","asof":"2026-06-30","area":"534.89","acquired":"2021-02-28"},"geometry":{"type":"Point","coordinates":[126.924365,37.388924]}},{"type":"Feature","properties":{"kind":"public_building","name":"학운공원화장실","address":"경기도 안양시 동안구 비산동 1099","source":"경기도 안양시_공공건축물현황(공공데이터포털 15114534)","asof":"2026-06-30","area":"13","acquired":"1993-12-23"},"geometry":{"type":"Point","coordinates":[126.94423,37.39717]}},{"type":"Feature","properties":{"kind":"public_building","name":"학운공원관리사무소화장실","address":"경기도 안양시 동안구 비산동 1100","source":"경기도 안양시_공공건축물현황(공공데이터포털 15114534)","asof":"2026-06-30","area":"18.48","acquired":"1995-12-31"},"geometry":{"type":"Point","coordinates":[126.947988,37.398969]}},{"type":"Feature","properties":{"kind":"public_building","name":"학운공원관리사무소","address":"경기도 안양시 동안구 비산동 1100","source":"경기도 안양시_공공건축물현황(공공데이터포털 15114534)","asof":"2026-06-30","area":"36.63","acquired":"1995-02-28"},"geometry":{"type":"Point","coordinates":[126.947988,37.398969]}},{"type":"Feature","properties":{"kind":"public_building","name":"폐수처리동","address":"경기도 안양시 동안구 흥안대로 313","source":"경기도 안양시_공공건축물현황(공공데이터포털 15114534)","asof":"2026-06-30","area":"102.2","acquired":"1997-03-25"},"geometry":{"type":"Point","coordinates":[126.967641,37.382009]}},{"type":"Feature","properties":{"kind":"public_building","name":"평화공원화장실","address":"경기도 안양시 동안구 비산동 1104-2","source":"경기도 안양시_공공건축물현황(공공데이터포털 15114534)","asof":"2026-06-30","area":"36","acquired":"1995-02-28"},"geometry":{"type":"Point","coordinates":[126.948239,37.390368]}},{"type":"Feature","properties":{"kind":"public_building","name":"평촌청소년문화의집","address":"경기도 안양시 동안구 흥안대로 394","source":"경기도 안양시_공공건축물현황(공공데이터포털 15114534)","asof":"2026-06-30","area":"748.49","acquired":"2018-03-17"},"geometry":{"type":"Point","coordinates":[126.973668,37.389365]}},{"type":"Feature","properties":{"kind":"public_building","name":"평촌지하주차장","address":"경기도 안양시 동안구 시민대로 지하 238","source":"경기도 안양시_공공건축물현황(공공데이터포털 15114534)","asof":"2026-06-30","area":"35254.2","acquired":"1995-12-22"},"geometry":{"type":"Point","coordinates":[126.944941,37.386106]}},{"type":"Feature","properties":{"kind":"public_building","name":"평촌아트홀","address":"경기도 안양시 동안구 평촌대로 86","source":"경기도 안양시_공공건축물현황(공공데이터포털 15114534)","asof":"2026-06-30","area":"7989.89","acquired":"2004-06-30"},"geometry":{"type":"Point","coordinates":[126.962103,37.380202]}},{"type":"Feature","properties":{"kind":"public_building","name":"평촌스마트스퀘어 지하주차장","address":"경기도 안양시 동안구 부림로170번길 20","source":"경기도 안양시_공공건축물현황(공공데이터포털 15114534)","asof":"2026-06-30","area":"5290.95","acquired":"2015-04-29"},"geometry":{"type":"Point","coordinates":[126.96439,37.398716]}},{"type":"Feature","properties":{"kind":"public_building","name":"평촌동사무소","address":"경기도 안양시 동안구 흥안대로 394","source":"경기도 안양시_공공건축물현황(공공데이터포털 15114534)","asof":"2026-06-30","area":"312.97","acquired":"1976-07-15"},"geometry":{"type":"Point","coordinates":[126.973668,37.389365]}},{"type":"Feature","properties":{"kind":"public_building","name":"평촌동 주민센터","address":"경기도 안양시 동안구 흥안대로456번길 21","source":"경기도 안양시_공공건축물현황(공공데이터포털 15114534)","asof":"2026-06-30","area":"2891.66","acquired":"2012-11-20"},"geometry":{"type":"Point","coordinates":[126.97714,37.394676]}},{"type":"Feature","properties":{"kind":"public_building","name":"평촌도서관","address":"경기도 안양시 동안구 관평로 213","source":"경기도 안양시_공공건축물현황(공공데이터포털 15114534)","asof":"2026-06-30","area":"3642","acquired":"1995-02-23"},"geometry":{"type":"Point","coordinates":[126.957842,37.396102]}},{"type":"Feature","properties":{"kind":"public_building","name":"평촌놀이터화장실","address":"경기도 안양시 동안구 평촌동 897-6","source":"경기도 안양시_공공건축물현황(공공데이터포털 15114534)","asof":"2026-06-30","area":"12.96","acquired":"1995-02-28"},"geometry":{"type":"Point","coordinates":[126.968945,37.390663]}},{"type":"Feature","properties":{"kind":"public_building","name":"평촌공원화장실","address":"경기도 안양시 동안구 관평로 213","source":"경기도 안양시_공공건축물현황(공공데이터포털 15114534)","asof":"2026-06-30","area":"36","acquired":"1995-02-28"},"geometry":{"type":"Point","coordinates":[126.957842,37.396102]}},{"type":"Feature","properties":{"kind":"public_building","name":"평촌공원관리사무소","address":"경기도 안양시 동안구 관평로 213","source":"경기도 안양시_공공건축물현황(공공데이터포털 15114534)","asof":"2026-06-30","area":"36.63","acquired":"1995-02-28"},"geometry":{"type":"Point","coordinates":[126.957842,37.396102]}},{"type":"Feature","properties":{"kind":"public_building","name":"평촌1번가 고객지원센터","address":"경기도 안양시 동안구 평촌대로223번길 36","source":"경기도 안양시_공공건축물현황(공공데이터포털 15114534)","asof":"2026-06-30","area":"117.63","acquired":"2022-07-19"},"geometry":{"type":"Point","coordinates":[126.953653,37.391006]}},{"type":"Feature","properties":{"kind":"public_building","name":"평안동사무소","address":"경기도 안양시 동안구 관평로138번길 39","source":"경기도 안양시_공공건축물현황(공공데이터포털 15114534)","asof":"2026-06-30","area":"1106.96","acquired":"1992-09-27"},"geometry":{"type":"Point","coordinates":[126.96427,37.390397]}},{"type":"Feature","properties":{"kind":"public_building","name":"평안놀이터화장실","address":"경기도 안양시 동안구 평촌동 899-6","source":"경기도 안양시_공공건축물현황(공공데이터포털 15114534)","asof":"2026-06-30","area":"53.46","acquired":"1995-02-28"},"geometry":{"type":"Point","coordinates":[126.960985,37.387249]}},{"type":"Feature","properties":{"kind":"public_building","name":"카네이션하우스","address":"경기도 안양시 만안구 병목안로130번길 172-58","source":"경기도 안양시_공공건축물현황(공공데이터포털 15114534)","asof":"2026-06-30","area":"122","acquired":"2017-08-02"},"geometry":{"type":"Point","coordinates":[126.907625,37.392756]}},{"type":"Feature","properties":{"kind":"public_building","name":"충훈중앙경로당","address":"경기도 안양시 만안구 석수로178번길 28","source":"경기도 안양시_공공건축물현황(공공데이터포털 15114534)","asof":"2026-06-30","area":"72.4","acquired":"2000-01-17"},"geometry":{"type":"Point","coordinates":[126.897221,37.406516]}},{"type":"Feature","properties":{"kind":"public_building","name":"충훈벌말경로당","address":"경기도 안양시 만안구 충훈로71번길 15","source":"경기도 안양시_공공건축물현황(공공데이터포털 15114534)","asof":"2026-06-30","area":"146.92","acquired":"2004-01-05"},"geometry":{"type":"Point","coordinates":[126.900332,37.406162]}},{"type":"Feature","properties":{"kind":"public_building","name":"초원놀이터화장실","address":"경기도 안양시 동안구 평촌동 896-3","source":"경기도 안양시_공공건축물현황(공공데이터포털 15114534)","asof":"2026-06-30","area":"12.96","acquired":"1995-02-28"},"geometry":{"type":"Point","coordinates":[126.964117,37.390903]}},{"type":"Feature","properties":{"kind":"public_building","name":"체육과및실내빙상장","address":"경기도 안양시 동안구 평촌대로 389","source":"경기도 안양시_공공건축물현황(공공데이터포털 15114534)","asof":"2026-06-30","area":"45451.78","acquired":"2000-10-31"},"geometry":{"type":"Point","coordinates":[126.948489,37.404175]}},{"type":"Feature","properties":{"kind":"public_building","name":"청소년수련관","address":"경기도 안양시 동안구 동안로 155","source":"경기도 안양시_공공건축물현황(공공데이터포털 15114534)","asof":"2026-06-30","area":"13772.81","acquired":"1998-10-30"},"geometry":{"type":"Point","coordinates":[126.949934,37.392118]}},{"type":"Feature","properties":{"kind":"public_building","name":"청소년상담실","address":"경기도 안양시 만안구 안양로263번길 31","source":"경기도 안양시_공공건축물현황(공공데이터포털 15114534)","asof":"2026-06-30","area":"786.53","acquired":"2010-08-25"},"geometry":{"type":"Point","coordinates":[126.922041,37.395244]}},{"type":"Feature","properties":{"kind":"public_building","name":"청과물동","address":"경기도 안양시 동안구 흥안대로 313","source":"경기도 안양시_공공건축물현황(공공데이터포털 15114534)","asof":"2026-06-30","area":"32361.74","acquired":"1997-03-25"},"geometry":{"type":"Point","coordinates":[126.967641,37.382009]}},{"type":"Feature","properties":{"kind":"public_building","name":"청계공동묘지관리소","address":"경기도 의왕시 하오개로 60","source":"경기도 안양시_공공건축물현황(공공데이터포털 15114534)","asof":"2026-06-30","area":"86.4","acquired":"1996-04-01"},"geometry":{"type":"Point","coordinates":[127.032898,37.394483]}},{"type":"Feature","properties":{"kind":"public_building","name":"농수산물도매시장 채소E동","address":"경기도 안양시 동안구 흥안대로 313","source":"경기도 안양시_공공건축물현황(공공데이터포털 15114534)","asof":"2026-06-30","area":"110.25","acquired":"1997-03-25"},"geometry":{"type":"Point","coordinates":[126.967641,37.382009]}},{"type":"Feature","properties":{"kind":"public_building","name":"농수산물도매시장 채소D동","address":"경기도 안양시 동안구 흥안대로 313","source":"경기도 안양시_공공건축물현황(공공데이터포털 15114534)","asof":"2026-06-30","area":"110.25","acquired":"1997-03-25"},"geometry":{"type":"Point","coordinates":[126.967641,37.382009]}},{"type":"Feature","properties":{"kind":"public_building","name":"농수산물도매시장 채소C동","address":"경기도 안양시 동안구 흥안대로 313","source":"경기도 안양시_공공건축물현황(공공데이터포털 15114534)","asof":"2026-06-30","area":"2058","acquired":"1997-03-25"},"geometry":{"type":"Point","coordinates":[126.967641,37.382009]}},{"type":"Feature","properties":{"kind":"public_building","name":"농수산물도매시장 채소B동","address":"경기도 안양시 동안구 흥안대로 313","source":"경기도 안양시_공공건축물현황(공공데이터포털 15114534)","asof":"2026-06-30","area":"588","acquired":"1997-03-25"},"geometry":{"type":"Point","coordinates":[126.967641,37.382009]}},{"type":"Feature","properties":{"kind":"public_building","name":"농수산물도매시장 채소A동","address":"경기도 안양시 동안구 흥안대로 313","source":"경기도 안양시_공공건축물현황(공공데이터포털 15114534)","asof":"2026-06-30","area":"588","acquired":"1997-03-25"},"geometry":{"type":"Point","coordinates":[126.967641,37.382009]}},{"type":"Feature","properties":{"kind":"public_building","name":"창박골배수지환기실B","address":"경기도 안양시 만안구 창박로41번길 19","source":"경기도 안양시_공공건축물현황(공공데이터포털 15114534)","asof":"2026-06-30","area":"23.12","acquired":"2005-09-21"},"geometry":{"type":"Point","coordinates":[126.903429,37.383189]}},{"type":"Feature","properties":{"kind":"public_building","name":"창박골배수지환기실A","address":"경기도 안양시 만안구 창박로41번길 19","source":"경기도 안양시_공공건축물현황(공공데이터포털 15114534)","asof":"2026-06-30","area":"15.28","acquired":"2005-09-21"},"geometry":{"type":"Point","coordinates":[126.903429,37.383189]}},{"type":"Feature","properties":{"kind":"public_building","name":"창박골배수지관리사","address":"경기도 안양시 만안구 창박로41번길 19","source":"경기도 안양시_공공건축물현황(공공데이터포털 15114534)","asof":"2026-06-30","area":"108","acquired":"2005-09-21"},"geometry":{"type":"Point","coordinates":[126.903429,37.383189]}},{"type":"Feature","properties":{"kind":"public_building","name":"직판상가","address":"경기도 안양시 동안구 흥안대로 313","source":"경기도 안양시_공공건축물현황(공공데이터포털 15114534)","asof":"2026-06-30","area":"913.3","acquired":"2000-06-28"},"geometry":{"type":"Point","coordinates":[126.967641,37.382009]}},{"type":"Feature","properties":{"kind":"public_building","name":"지하터널상가동","address":"경기도 안양시 동안구 흥안대로 313","source":"경기도 안양시_공공건축물현황(공공데이터포털 15114534)","asof":"2026-06-30","area":"2149","acquired":"1997-03-25"},"geometry":{"type":"Point","coordinates":[126.967641,37.382009]}},{"type":"Feature","properties":{"kind":"public_building","name":"지역아동센터","address":"경기도 안양시 만안구 안양동 530 만안구청 B동","source":"경기도 안양시_공공건축물현황(공공데이터포털 15114534)","asof":"2026-06-30","area":"330.24","acquired":"1985-01-07"},"geometry":{"type":"Point","coordinates":[126.932455,37.386625]}},{"type":"Feature","properties":{"kind":"public_building","name":"중촌경로당","address":"경기도 안양시 동안구 관악대로359번길 20-22","source":"경기도 안양시_공공건축물현황(공공데이터포털 15114534)","asof":"2026-06-30","area":"132.93","acquired":"2018-05-30"},"geometry":{"type":"Point","coordinates":[126.963746,37.405283]}},{"type":"Feature","properties":{"kind":"public_building","name":"중앙지하도상가","address":"경기도 안양시 만안구 만안로223번길 23-2","source":"경기도 안양시_공공건축물현황(공공데이터포털 15114534)","asof":"2026-06-30","area":"1353.44","acquired":"1978-06-02"},"geometry":{"type":"Point","coordinates":[126.92173,37.40103]}},{"type":"Feature","properties":{"kind":"public_building","name":"중앙시장 상인회관","address":"경기도 안양시 만안구 안양동 711-280 중앙시장 상인회관","source":"경기도 안양시_공공건축물현황(공공데이터포털 15114534)","asof":"2026-06-30","area":"103.44","acquired":"2008-07-11"},"geometry":{"type":"Point","coordinates":[126.919565,37.396451]}},{"type":"Feature","properties":{"kind":"public_building","name":"중앙공원주차장화장실","address":"경기도 안양시 동안구 관평로 149","source":"경기도 안양시_공공건축물현황(공공데이터포털 15114534)","asof":"2026-06-30","area":"36.3","acquired":"1996-12-31"},"geometry":{"type":"Point","coordinates":[126.961225,37.389917]}},{"type":"Feature","properties":{"kind":"public_building","name":"중앙공원관리정자(F동)","address":"경기도 안양시 동안구 관평로 149","source":"경기도 안양시_공공건축물현황(공공데이터포털 15114534)","asof":"2026-06-30","area":"20.25","acquired":"1995-02-28"},"geometry":{"type":"Point","coordinates":[126.961225,37.389917]}},{"type":"Feature","properties":{"kind":"public_building","name":"중앙공원관리정자(E동)","address":"경기도 안양시 동안구 관평로 149","source":"경기도 안양시_공공건축물현황(공공데이터포털 15114534)","asof":"2026-06-30","area":"20.25","acquired":"1995-02-28"},"geometry":{"type":"Point","coordinates":[126.961225,37.389917]}},{"type":"Feature","properties":{"kind":"public_building","name":"중앙공원관리정자(C동)","address":"경기도 안양시 동안구 관평로 149","source":"경기도 안양시_공공건축물현황(공공데이터포털 15114534)","asof":"2026-06-30","area":"20.25","acquired":"1995-02-28"},"geometry":{"type":"Point","coordinates":[126.961225,37.389917]}},{"type":"Feature","properties":{"kind":"public_building","name":"중앙공원관리정자(B동)","address":"경기도 안양시 동안구 관평로 149","source":"경기도 안양시_공공건축물현황(공공데이터포털 15114534)","asof":"2026-06-30","area":"20.25","acquired":"1995-02-28"},"geometry":{"type":"Point","coordinates":[126.961225,37.389917]}},{"type":"Feature","properties":{"kind":"public_building","name":"중앙공원관리사무소(A)","address":"경기도 안양시 동안구 관평로 149","source":"경기도 안양시_공공건축물현황(공공데이터포털 15114534)","asof":"2026-06-30","area":"192","acquired":"1995-02-28"},"geometry":{"type":"Point","coordinates":[126.961225,37.389917]}},{"type":"Feature","properties":{"kind":"public_building","name":"중앙공원 화장실","address":"경기도 안양시 동안구 관평로 149","source":"경기도 안양시_공공건축물현황(공공데이터포털 15114534)","asof":"2026-06-30","area":"36","acquired":"2000-01-07"},"geometry":{"type":"Point","coordinates":[126.961225,37.389917]}},{"type":"Feature","properties":{"kind":"public_building","name":"중앙공원 화장실","address":"경기도 안양시 동안구 관평로 149","source":"경기도 안양시_공공건축물현황(공공데이터포털 15114534)","asof":"2026-06-30","area":"43","acquired":"1999-12-30"},"geometry":{"type":"Point","coordinates":[126.961225,37.389917]}},{"type":"Feature","properties":{"kind":"public_building","name":"중앙공원 창고","address":"경기도 안양시 동안구 관평로 149","source":"경기도 안양시_공공건축물현황(공공데이터포털 15114534)","asof":"2026-06-30","area":"299","acquired":"1996-05-16"},"geometry":{"type":"Point","coordinates":[126.961225,37.389917]}},{"type":"Feature","properties":{"kind":"public_building","name":"중앙공원 매점","address":"경기도 안양시 동안구 관평로 149","source":"경기도 안양시_공공건축물현황(공공데이터포털 15114534)","asof":"2026-06-30","area":"45.2","acquired":"1998-07-06"},"geometry":{"type":"Point","coordinates":[126.961225,37.389917]}},{"type":"Feature","properties":{"kind":"public_building","name":"농림축산 검역본부 준비실","address":"경기도 안양시 만안구 안양로 175","source":"경기도 안양시_공공건축물현황(공공데이터포털 15114534)","asof":"2026-06-30","area":"347.11","acquired":"2018-01-31"},"geometry":{"type":"Point","coordinates":[126.927186,37.389905]}},{"type":"Feature","properties":{"kind":"public_building","name":"농수산물도매시장 주차동(비가림)","address":"경기도 안양시 동안구 흥안대로 313","source":"경기도 안양시_공공건축물현황(공공데이터포털 15114534)","asof":"2026-06-30","area":"775.32","acquired":"1997-03-25"},"geometry":{"type":"Point","coordinates":[126.967641,37.382009]}},{"type":"Feature","properties":{"kind":"public_building","name":"주민개방주차장","address":"경기도 안양시 만안구 안양동 433-2","source":"경기도 안양시_공공건축물현황(공공데이터포털 15114534)","asof":"2026-06-30","area":"424.65","acquired":"2020-11-05"},"geometry":{"type":"Point","coordinates":[126.92982,37.389817]}},{"type":"Feature","properties":{"kind":"public_building","name":"주경기장","address":"경기도 안양시 동안구 평촌대로 389","source":"경기도 안양시_공공건축물현황(공공데이터포털 15114534)","asof":"2026-06-30","area":"32580","acquired":"1986-06-30"},"geometry":{"type":"Point","coordinates":[126.948489,37.404175]}},{"type":"Feature","properties":{"kind":"public_building","name":"종합연구동","address":"경기도 안양시 만안구 안양로 175","source":"경기도 안양시_공공건축물현황(공공데이터포털 15114534)","asof":"2026-06-30","area":"1876.8","acquired":"2018-01-31"},"geometry":{"type":"Point","coordinates":[126.927186,37.389905]}},{"type":"Feature","properties":{"kind":"public_building","name":"조류질병연구동","address":"경기도 안양시 만안구 안양로 175","source":"경기도 안양시_공공건축물현황(공공데이터포털 15114534)","asof":"2026-06-30","area":"676.36","acquired":"2018-01-31"},"geometry":{"type":"Point","coordinates":[126.927186,37.389905]}},{"type":"Feature","properties":{"kind":"public_building","name":"제1정수장화장실","address":"경기도 안양시 동안구 비산동 산 166","source":"경기도 안양시_공공건축물현황(공공데이터포털 15114534)","asof":"2026-06-30","area":"4","acquired":"1982-07-01"},"geometry":{"type":"Point","coordinates":[126.938853,37.403091]}},{"type":"Feature","properties":{"kind":"public_building","name":"제1정수장탈수기동","address":"경기도 안양시 동안구 비산동 산 166","source":"경기도 안양시_공공건축물현황(공공데이터포털 15114534)","asof":"2026-06-30","area":"960","acquired":"1992-04-30"},"geometry":{"type":"Point","coordinates":[126.938853,37.403091]}},{"type":"Feature","properties":{"kind":"public_building","name":"제1정수장염소투입실","address":"경기도 안양시 동안구 비산동 산 166","source":"경기도 안양시_공공건축물현황(공공데이터포털 15114534)","asof":"2026-06-30","area":"869","acquired":"1993-07-25"},"geometry":{"type":"Point","coordinates":[126.938853,37.403091]}},{"type":"Feature","properties":{"kind":"public_building","name":"제1정수장염소투입실","address":"경기도 안양시 동안구 비산동 산 166","source":"경기도 안양시_공공건축물현황(공공데이터포털 15114534)","asof":"2026-06-30","area":"116","acquired":"1986-12-01"},"geometry":{"type":"Point","coordinates":[126.938853,37.403091]}},{"type":"Feature","properties":{"kind":"public_building","name":"제1정수장여과지실","address":"경기도 안양시 동안구 비산동 산 166","source":"경기도 안양시_공공건축물현황(공공데이터포털 15114534)","asof":"2026-06-30","area":"1020","acquired":"1993-07-25"},"geometry":{"type":"Point","coordinates":[126.938853,37.403091]}},{"type":"Feature","properties":{"kind":"public_building","name":"제1정수장여과지건물","address":"경기도 안양시 동안구 비산동 산 166","source":"경기도 안양시_공공건축물현황(공공데이터포털 15114534)","asof":"2026-06-30","area":"572","acquired":"1981-09-01"},"geometry":{"type":"Point","coordinates":[126.938853,37.403091]}},{"type":"Feature","properties":{"kind":"public_building","name":"제1정수장약품투입실","address":"경기도 안양시 동안구 비산동 산 166","source":"경기도 안양시_공공건축물현황(공공데이터포털 15114534)","asof":"2026-06-30","area":"309","acquired":"1993-07-25"},"geometry":{"type":"Point","coordinates":[126.938853,37.403091]}},{"type":"Feature","properties":{"kind":"public_building","name":"제1정수장약품투입실","address":"경기도 안양시 동안구 비산동 산 166","source":"경기도 안양시_공공건축물현황(공공데이터포털 15114534)","asof":"2026-06-30","area":"144","acquired":"1981-09-01"},"geometry":{"type":"Point","coordinates":[126.938853,37.403091]}},{"type":"Feature","properties":{"kind":"public_building","name":"제1정수장약품투입실","address":"경기도 안양시 동안구 비산동 산 166","source":"경기도 안양시_공공건축물현황(공공데이터포털 15114534)","asof":"2026-06-30","area":"34","acquired":"1973-07-01"},"geometry":{"type":"Point","coordinates":[126.938853,37.403091]}},{"type":"Feature","properties":{"kind":"public_building","name":"제1정수장액체염소투입실","address":"경기도 안양시 동안구 비산동 산 166","source":"경기도 안양시_공공건축물현황(공공데이터포털 15114534)","asof":"2026-06-30","area":"72","acquired":"1981-09-01"},"geometry":{"type":"Point","coordinates":[126.938853,37.403091]}},{"type":"Feature","properties":{"kind":"public_building","name":"제1정수장사택및초소","address":"경기도 안양시 동안구 비산동 산 166","source":"경기도 안양시_공공건축물현황(공공데이터포털 15114534)","asof":"2026-06-30","area":"79","acquired":"1993-07-25"},"geometry":{"type":"Point","coordinates":[126.938853,37.403091]}},{"type":"Feature","properties":{"kind":"public_building","name":"제1정수장사택","address":"경기도 안양시 동안구 비산동 산 166","source":"경기도 안양시_공공건축물현황(공공데이터포털 15114534)","asof":"2026-06-30","area":"617","acquired":"1973-10-01"},"geometry":{"type":"Point","coordinates":[126.938853,37.403091]}},{"type":"Feature","properties":{"kind":"public_building","name":"제1정수장본관","address":"경기도 안양시 동안구 비산동 산 166","source":"경기도 안양시_공공건축물현황(공공데이터포털 15114534)","asof":"2026-06-30","area":"617","acquired":"1973-10-01"},"geometry":{"type":"Point","coordinates":[126.938853,37.403091]}},{"type":"Feature","properties":{"kind":"public_building","name":"제1정수장발전실","address":"경기도 안양시 동안구 비산동 산 166","source":"경기도 안양시_공공건축물현황(공공데이터포털 15114534)","asof":"2026-06-30","area":"34","acquired":"1986-12-01"},"geometry":{"type":"Point","coordinates":[126.938853,37.403091]}},{"type":"Feature","properties":{"kind":"public_building","name":"제1정수장급수펌프실","address":"경기도 안양시 동안구 비산동 산 166","source":"경기도 안양시_공공건축물현황(공공데이터포털 15114534)","asof":"2026-06-30","area":"246","acquired":"1993-07-25"},"geometry":{"type":"Point","coordinates":[126.938853,37.403091]}},{"type":"Feature","properties":{"kind":"public_building","name":"제1정수장관리분관","address":"경기도 안양시 동안구 비산동 산 166","source":"경기도 안양시_공공건축물현황(공공데이터포털 15114534)","asof":"2026-06-30","area":"609","acquired":"1993-07-25"},"geometry":{"type":"Point","coordinates":[126.938853,37.403091]}},{"type":"Feature","properties":{"kind":"public_building","name":"제1정수장경비초소","address":"경기도 안양시 동안구 비산동 산 166","source":"경기도 안양시_공공건축물현황(공공데이터포털 15114534)","asof":"2026-06-30","area":"5","acquired":"1983-10-01"},"geometry":{"type":"Point","coordinates":[126.938853,37.403091]}},{"type":"Feature","properties":{"kind":"public_building","name":"제1정수장경비초소","address":"경기도 안양시 동안구 비산동 산 166","source":"경기도 안양시_공공건축물현황(공공데이터포털 15114534)","asof":"2026-06-30","area":"4","acquired":"1978-08-01"},"geometry":{"type":"Point","coordinates":[126.938853,37.403091]}},{"type":"Feature","properties":{"kind":"public_building","name":"제1정수장경비실","address":"경기도 안양시 동안구 비산동 산 166","source":"경기도 안양시_공공건축물현황(공공데이터포털 15114534)","asof":"2026-06-30","area":"3.89","acquired":"1996-12-24"},"geometry":{"type":"Point","coordinates":[126.938853,37.403091]}},{"type":"Feature","properties":{"kind":"public_building","name":"제1정수장경비실","address":"경기도 안양시 동안구 비산동 산 166","source":"경기도 안양시_공공건축물현황(공공데이터포털 15114534)","asof":"2026-06-30","area":"40","acquired":"1986-12-01"},"geometry":{"type":"Point","coordinates":[126.938853,37.403091]}},{"type":"Feature","properties":{"kind":"public_building","name":"정밀검사실험실","address":"경기도 안양시 만안구 안양로 175","source":"경기도 안양시_공공건축물현황(공공데이터포털 15114534)","asof":"2026-06-30","area":"1983.24","acquired":"2018-01-31"},"geometry":{"type":"Point","coordinates":[126.927186,37.389905]}},{"type":"Feature","properties":{"kind":"public_building","name":"전문연구동","address":"경기도 안양시 만안구 안양로 175","source":"경기도 안양시_공공건축물현황(공공데이터포털 15114534)","asof":"2026-06-30","area":"2847.47","acquired":"2018-01-31"},"geometry":{"type":"Point","coordinates":[126.927186,37.389905]}},{"type":"Feature","properties":{"kind":"public_building","name":"저수시설","address":"경기도 안양시 동안구 흥안대로 313","source":"경기도 안양시_공공건축물현황(공공데이터포털 15114534)","asof":"2026-06-30","area":"61.6","acquired":"1999-01-07"},"geometry":{"type":"Point","coordinates":[126.967641,37.382009]}},{"type":"Feature","properties":{"kind":"public_building","name":"장애인재활자립작업장","address":"경기도 안양시 만안구 시민대로 34","source":"경기도 안양시_공공건축물현황(공공데이터포털 15114534)","asof":"2026-06-30","area":"345","acquired":"2003-03-26"},"geometry":{"type":"Point","coordinates":[126.938173,37.383077]}},{"type":"Feature","properties":{"kind":"public_building","name":"장애인단체사무실","address":"경기도 안양시 만안구 안양로384번길 44","source":"경기도 안양시_공공건축물현황(공공데이터포털 15114534)","asof":"2026-06-30","area":"533.95","acquired":"1993-11-11"},"geometry":{"type":"Point","coordinates":[126.917772,37.405366]}},{"type":"Feature","properties":{"kind":"public_building","name":"작업동","address":"경기도 안양시 동안구 흥안대로 313","source":"경기도 안양시_공공건축물현황(공공데이터포털 15114534)","asof":"2026-06-30","area":"136.5","acquired":"1997-03-25"},"geometry":{"type":"Point","coordinates":[126.967641,37.382009]}},{"type":"Feature","properties":{"kind":"public_building","name":"자유센터","address":"경기도 안양시 동안구 평촌대로 86","source":"경기도 안양시_공공건축물현황(공공데이터포털 15114534)","asof":"2026-06-30","area":"1544.09","acquired":"1995-07-05"},"geometry":{"type":"Point","coordinates":[126.962103,37.380202]}},{"type":"Feature","properties":{"kind":"public_building","name":"자유놀이터화장실","address":"경기도 안양시 동안구 호계동 1080","source":"경기도 안양시_공공건축물현황(공공데이터포털 15114534)","asof":"2026-06-30","area":"51.84","acquired":"1995-02-20"},"geometry":{"type":"Point","coordinates":[126.961098,37.3798]}},{"type":"Feature","properties":{"kind":"public_building","name":"자유공원화장실","address":"경기도 안양시 동안구 평촌대로 86","source":"경기도 안양시_공공건축물현황(공공데이터포털 15114534)","asof":"2026-06-30","area":"75.74","acquired":"2017-01-31"},"geometry":{"type":"Point","coordinates":[126.962103,37.380202]}},{"type":"Feature","properties":{"kind":"public_building","name":"자유공원화장실","address":"경기도 안양시 동안구 평촌대로 86","source":"경기도 안양시_공공건축물현황(공공데이터포털 15114534)","asof":"2026-06-30","area":"36","acquired":"1995-12-05"},"geometry":{"type":"Point","coordinates":[126.962103,37.380202]}},{"type":"Feature","properties":{"kind":"public_building","name":"자유공원화장실","address":"경기도 안양시 동안구 평촌대로 86","source":"경기도 안양시_공공건축물현황(공공데이터포털 15114534)","asof":"2026-06-30","area":"36","acquired":"1995-12-05"},"geometry":{"type":"Point","coordinates":[126.962103,37.380202]}},{"type":"Feature","properties":{"kind":"public_building","name":"자유공원정자E","address":"경기도 안양시 동안구 평촌대로 86","source":"경기도 안양시_공공건축물현황(공공데이터포털 15114534)","asof":"2026-06-30","area":"12.96","acquired":"1995-12-05"},"geometry":{"type":"Point","coordinates":[126.962103,37.380202]}},{"type":"Feature","properties":{"kind":"public_building","name":"자유공원정자D","address":"경기도 안양시 동안구 평촌대로 86","source":"경기도 안양시_공공건축물현황(공공데이터포털 15114534)","asof":"2026-06-30","area":"12.96","acquired":"1995-12-05"},"geometry":{"type":"Point","coordinates":[126.962103,37.380202]}},{"type":"Feature","properties":{"kind":"public_building","name":"자유공원정자C","address":"경기도 안양시 동안구 평촌대로 86","source":"경기도 안양시_공공건축물현황(공공데이터포털 15114534)","asof":"2026-06-30","area":"12.96","acquired":"1995-12-05"},"geometry":{"type":"Point","coordinates":[126.962103,37.380202]}},{"type":"Feature","properties":{"kind":"public_building","name":"자유공원정자B","address":"경기도 안양시 동안구 평촌대로 86","source":"경기도 안양시_공공건축물현황(공공데이터포털 15114534)","asof":"2026-06-30","area":"12.96","acquired":"1995-12-05"},"geometry":{"type":"Point","coordinates":[126.962103,37.380202]}},{"type":"Feature","properties":{"kind":"public_building","name":"자유공원관리소","address":"경기도 안양시 동안구 호계동 1113-2","source":"경기도 안양시_공공건축물현황(공공데이터포털 15114534)","asof":"2026-06-30","area":"36.63","acquired":"1993-10-09"},"geometry":{"type":"Point","coordinates":[126.969235,37.380427]}},{"type":"Feature","properties":{"kind":"public_building","name":"자원회수시설","address":"경기도 안양시 동안구 시민대로 328","source":"경기도 안양시_공공건축물현황(공공데이터포털 15114534)","asof":"2026-06-30","area":"6286.32","acquired":"1997-03-31"},"geometry":{"type":"Point","coordinates":[126.965771,37.395312]}},{"type":"Feature","properties":{"kind":"public_building","name":"자연생태학습관","address":"경기도 안양시 만안구 석수로 320","source":"경기도 안양시_공공건축물현황(공공데이터포털 15114534)","asof":"2026-06-30","area":"1499","acquired":"2012-10-10"},"geometry":{"type":"Point","coordinates":[126.895959,37.417172]}},{"type":"Feature","properties":{"kind":"public_building","name":"자동차관련시설","address":"경기도 안양시 동안구 평촌대로 452","source":"경기도 안양시_공공건축물현황(공공데이터포털 15114534)","asof":"2026-06-30","area":"517.7","acquired":"1999-07-09"},"geometry":{"type":"Point","coordinates":[126.95133,37.411398]}},{"type":"Feature","properties":{"kind":"public_building","name":"일번가지하쇼핑몰(사무실)","address":"경기도 안양시 만안구 안양로314번길 22","source":"경기도 안양시_공공건축물현황(공공데이터포털 15114534)","asof":"2026-06-30","area":"1653.59","acquired":"2006-04-05"},"geometry":{"type":"Point","coordinates":[126.921721,37.400474]}},{"type":"Feature","properties":{"kind":"public_building","name":"일번가지하쇼핑몰","address":"경기도 안양시 만안구 만안로223번길 23-2","source":"경기도 안양시_공공건축물현황(공공데이터포털 15114534)","asof":"2026-06-30","area":"15824","acquired":"1986-05-07"},"geometry":{"type":"Point","coordinates":[126.92173,37.40103]}},{"type":"Feature","properties":{"kind":"public_building","name":"인덕원환승주차장","address":"경기도 안양시 동안구 안양판교로 23","source":"경기도 안양시_공공건축물현황(공공데이터포털 15114534)","asof":"2026-06-30","area":"35","acquired":"1997-08-19"},"geometry":{"type":"Point","coordinates":[126.978497,37.400693]}},{"type":"Feature","properties":{"kind":"public_building","name":"인덕원경로당","address":"경기도 안양시 동안구 관양로305번길 35","source":"경기도 안양시_공공건축물현황(공공데이터포털 15114534)","asof":"2026-06-30","area":"198","acquired":"1998-04-11"},"geometry":{"type":"Point","coordinates":[126.978622,37.397853]}},{"type":"Feature","properties":{"kind":"public_building","name":"이동식화장실","address":"경기도 안양시 만안구 안양동 967-3","source":"경기도 안양시_공공건축물현황(공공데이터포털 15114534)","asof":"2026-06-30","area":"10","acquired":"2014-03-31"},"geometry":{"type":"Point","coordinates":[126.913329,37.395452]}},{"type":"Feature","properties":{"kind":"public_building","name":"율목종합사회복지관(행복나눔센터)","address":"경기도 안양시 만안구 안양동 714-169 성지요양원","source":"경기도 안양시_공공건축물현황(공공데이터포털 15114534)","asof":"2026-06-30","area":"177.74","acquired":"2010-09-30"},"geometry":{"type":"Point","coordinates":[126.916644,37.395263]}},{"type":"Feature","properties":{"kind":"public_building","name":"율목종합사회복지관","address":"경기도 안양시 만안구 병목안로130번길 166","source":"경기도 안양시_공공건축물현황(공공데이터포털 15114534)","asof":"2026-06-30","area":"1973.43","acquired":"2003-03-03"},"geometry":{"type":"Point","coordinates":[126.908431,37.393111]}},{"type":"Feature","properties":{"kind":"public_building","name":"유유산업9동","address":"경기도 안양시 만안구 예술공원로103번길 4","source":"경기도 안양시_공공건축물현황(공공데이터포털 15114534)","asof":"2026-06-30","area":"185.12","acquired":"2007-06-07"},"geometry":{"type":"Point","coordinates":[126.917506,37.418989]}},{"type":"Feature","properties":{"kind":"public_building","name":"유유산업7동","address":"경기도 안양시 만안구 예술공원로103번길 4","source":"경기도 안양시_공공건축물현황(공공데이터포털 15114534)","asof":"2026-06-30","area":"45.52","acquired":"2007-06-06"},"geometry":{"type":"Point","coordinates":[126.917506,37.418989]}},{"type":"Feature","properties":{"kind":"public_building","name":"유유산업6동","address":"경기도 안양시 만안구 예술공원로103번길 4","source":"경기도 안양시_공공건축물현황(공공데이터포털 15114534)","asof":"2026-06-30","area":"70.51","acquired":"2007-06-05"},"geometry":{"type":"Point","coordinates":[126.917506,37.418989]}},{"type":"Feature","properties":{"kind":"public_building","name":"유유산업5동","address":"경기도 안양시 만안구 예술공원로103번길 4","source":"경기도 안양시_공공건축물현황(공공데이터포털 15114534)","asof":"2026-06-30","area":"103.2","acquired":"2007-06-04"},"geometry":{"type":"Point","coordinates":[126.917506,37.418989]}},{"type":"Feature","properties":{"kind":"public_building","name":"유유산업4동","address":"경기도 안양시 만안구 예술공원로103번길 4","source":"경기도 안양시_공공건축물현황(공공데이터포털 15114534)","asof":"2026-06-30","area":"77.9","acquired":"2007-06-03"},"geometry":{"type":"Point","coordinates":[126.917506,37.418989]}},{"type":"Feature","properties":{"kind":"public_building","name":"유유산업3동","address":"경기도 안양시 만안구 예술공원로103번길 4","source":"경기도 안양시_공공건축물현황(공공데이터포털 15114534)","asof":"2026-06-30","area":"162.12","acquired":"2007-06-02"},"geometry":{"type":"Point","coordinates":[126.917506,37.418989]}},{"type":"Feature","properties":{"kind":"public_building","name":"유유산업2동","address":"경기도 안양시 만안구 예술공원로103번길 4","source":"경기도 안양시_공공건축물현황(공공데이터포털 15114534)","asof":"2026-06-30","area":"593.72","acquired":"2007-06-01"},"geometry":{"type":"Point","coordinates":[126.917506,37.418989]}},{"type":"Feature","properties":{"kind":"public_building","name":"유유산업22동","address":"경기도 안양시 만안구 예술공원로103번길 4","source":"경기도 안양시_공공건축물현황(공공데이터포털 15114534)","asof":"2026-06-30","area":"1282.08","acquired":"2007-06-19"},"geometry":{"type":"Point","coordinates":[126.917506,37.418989]}},{"type":"Feature","properties":{"kind":"public_building","name":"유유산업21동","address":"경기도 안양시 만안구 예술공원로103번길 4","source":"경기도 안양시_공공건축물현황(공공데이터포털 15114534)","asof":"2026-06-30","area":"2529.05","acquired":"2007-06-18"},"geometry":{"type":"Point","coordinates":[126.917506,37.418989]}},{"type":"Feature","properties":{"kind":"public_building","name":"유유산업20동","address":"경기도 안양시 만안구 예술공원로103번길 4","source":"경기도 안양시_공공건축물현황(공공데이터포털 15114534)","asof":"2026-06-30","area":"35.44","acquired":"2007-06-17"},"geometry":{"type":"Point","coordinates":[126.917506,37.418989]}},{"type":"Feature","properties":{"kind":"public_building","name":"유유산업1동","address":"경기도 안양시 만안구 예술공원로103번길 4","source":"경기도 안양시_공공건축물현황(공공데이터포털 15114534)","asof":"2026-06-30","area":"644.06","acquired":"2007-05-31"},"geometry":{"type":"Point","coordinates":[126.917506,37.418989]}},{"type":"Feature","properties":{"kind":"public_building","name":"유유산업19동2호","address":"경기도 안양시 만안구 예술공원로103번길 4","source":"경기도 안양시_공공건축물현황(공공데이터포털 15114534)","asof":"2026-06-30","area":"797.73","acquired":"2007-06-16"},"geometry":{"type":"Point","coordinates":[126.917506,37.418989]}},{"type":"Feature","properties":{"kind":"public_building","name":"유유산업19동1호","address":"경기도 안양시 만안구 예술공원로103번길 4","source":"경기도 안양시_공공건축물현황(공공데이터포털 15114534)","asof":"2026-06-30","area":"307.77","acquired":"2007-06-15"},"geometry":{"type":"Point","coordinates":[126.917506,37.418989]}},{"type":"Feature","properties":{"kind":"public_building","name":"유유산업18동","address":"경기도 안양시 만안구 예술공원로103번길 4","source":"경기도 안양시_공공건축물현황(공공데이터포털 15114534)","asof":"2026-06-30","area":"201.66","acquired":"2007-06-14"},"geometry":{"type":"Point","coordinates":[126.917506,37.418989]}},{"type":"Feature","properties":{"kind":"public_building","name":"유유산업17동","address":"경기도 안양시 만안구 예술공원로103번길 4","source":"경기도 안양시_공공건축물현황(공공데이터포털 15114534)","asof":"2026-06-30","area":"53.29","acquired":"2007-06-13"},"geometry":{"type":"Point","coordinates":[126.917506,37.418989]}},{"type":"Feature","properties":{"kind":"public_building","name":"유유산업16동","address":"경기도 안양시 만안구 예술공원로103번길 4","source":"경기도 안양시_공공건축물현황(공공데이터포털 15114534)","asof":"2026-06-30","area":"384.92","acquired":"2007-06-12"},"geometry":{"type":"Point","coordinates":[126.917506,37.418989]}},{"type":"Feature","properties":{"kind":"public_building","name":"유유산업15동","address":"경기도 안양시 만안구 예술공원로103번길 4","source":"경기도 안양시_공공건축물현황(공공데이터포털 15114534)","asof":"2026-06-30","area":"28.83","acquired":"2007-06-11"},"geometry":{"type":"Point","coordinates":[126.917506,37.418989]}},{"type":"Feature","properties":{"kind":"public_building","name":"유유산업12동","address":"경기도 안양시 만안구 예술공원로103번길 4","source":"경기도 안양시_공공건축물현황(공공데이터포털 15114534)","asof":"2026-06-30","area":"230.38","acquired":"2007-06-10"},"geometry":{"type":"Point","coordinates":[126.917506,37.418989]}},{"type":"Feature","properties":{"kind":"public_building","name":"유유산업11동","address":"경기도 안양시 만안구 예술공원로103번길 4","source":"경기도 안양시_공공건축물현황(공공데이터포털 15114534)","asof":"2026-06-30","area":"11.74","acquired":"2007-06-09"},"geometry":{"type":"Point","coordinates":[126.917506,37.418989]}},{"type":"Feature","properties":{"kind":"public_building","name":"유유산업10동","address":"경기도 안양시 만안구 예술공원로103번길 4","source":"경기도 안양시_공공건축물현황(공공데이터포털 15114534)","asof":"2026-06-30","area":"8.79","acquired":"2007-06-08"},"geometry":{"type":"Point","coordinates":[126.917506,37.418989]}},{"type":"Feature","properties":{"kind":"public_building","name":"위생처리장3동(처리동)","address":"경기도 안양시 만안구 화창로 10","source":"경기도 안양시_공공건축물현황(공공데이터포털 15114534)","asof":"2026-06-30","area":"415.8","acquired":"2002-12-02"},"geometry":{"type":"Point","coordinates":[126.896348,37.416665]}},{"type":"Feature","properties":{"kind":"public_building","name":"위생처리장2동(관리사택)","address":"경기도 안양시 만안구 화창로 10","source":"경기도 안양시_공공건축물현황(공공데이터포털 15114534)","asof":"2026-06-30","area":"284.28","acquired":"1991-02-18"},"geometry":{"type":"Point","coordinates":[126.896348,37.416665]}},{"type":"Feature","properties":{"kind":"public_building","name":"위생처리장1동(관리동)","address":"경기도 안양시 만안구 화창로 10","source":"경기도 안양시_공공건축물현황(공공데이터포털 15114534)","asof":"2026-06-30","area":"265.74","acquired":"1991-02-28"},"geometry":{"type":"Point","coordinates":[126.896348,37.416665]}},{"type":"Feature","properties":{"kind":"public_building","name":"운곡공원화장실","address":"경기도 안양시 동안구 비산동 249-6","source":"경기도 안양시_공공건축물현황(공공데이터포털 15114534)","asof":"2026-06-30","area":"36.27","acquired":"1999-06-26"},"geometry":{"type":"Point","coordinates":[126.948624,37.402484]}},{"type":"Feature","properties":{"kind":"public_building","name":"오물처리동","address":"경기도 안양시 동안구 흥안대로 313","source":"경기도 안양시_공공건축물현황(공공데이터포털 15114534)","asof":"2026-06-30","area":"302.4","acquired":"1997-03-25"},"geometry":{"type":"Point","coordinates":[126.967641,37.382009]}},{"type":"Feature","properties":{"kind":"public_building","name":"예술공원화장실","address":"경기도 안양시 만안구 석수동 산 20","source":"경기도 안양시_공공건축물현황(공공데이터포털 15114534)","asof":"2026-06-30","area":"39.96","acquired":"1984-07-09"},"geometry":{"type":"Point","coordinates":[126.932644,37.419107]}},{"type":"Feature","properties":{"kind":"public_building","name":"예술공원주차장화장실","address":"경기도 안양시 만안구 석수동 240-17","source":"경기도 안양시_공공건축물현황(공공데이터포털 15114534)","asof":"2026-06-30","area":"49.5","acquired":"1982-11-02"},"geometry":{"type":"Point","coordinates":[126.919746,37.418939]}},{"type":"Feature","properties":{"kind":"public_building","name":"역돈사","address":"경기도 안양시 만안구 안양로 175","source":"경기도 안양시_공공건축물현황(공공데이터포털 15114534)","asof":"2026-06-30","area":"167.6","acquired":"2018-01-31"},"geometry":{"type":"Point","coordinates":[126.927186,37.389905]}},{"type":"Feature","properties":{"kind":"public_building","name":"어울마당","address":"경기도 안양시 만안구 예술공원로103번길 4","source":"경기도 안양시_공공건축물현황(공공데이터포털 15114534)","asof":"2026-06-30","area":"173.26","acquired":"2013-10-31"},"geometry":{"type":"Point","coordinates":[126.917506,37.418989]}},{"type":"Feature","properties":{"kind":"public_building","name":"어수정경로당","address":"경기도 안양시 만안구 박달로539번길 32-4","source":"경기도 안양시_공공건축물현황(공공데이터포털 15114534)","asof":"2026-06-30","area":"136.24","acquired":"2004-02-17"},"geometry":{"type":"Point","coordinates":[126.912226,37.403975]}},{"type":"Feature","properties":{"kind":"public_building","name":"어린이공원8호화장실","address":"경기도 안양시 동안구 호계동 1053-5","source":"경기도 안양시_공공건축물현황(공공데이터포털 15114534)","asof":"2026-06-30","area":"29","acquired":"2017-01-31"},"geometry":{"type":"Point","coordinates":[126.951521,37.386611]}},{"type":"Feature","properties":{"kind":"public_building","name":"어린이공원19호화장실","address":"경기도 안양시 동안구 평촌동 927","source":"경기도 안양시_공공건축물현황(공공데이터포털 15114534)","asof":"2026-06-30","area":"29","acquired":"2017-01-31"},"geometry":{"type":"Point","coordinates":[126.963522,37.382439]}},{"type":"Feature","properties":{"kind":"public_building","name":"어린이공원17호화장실","address":"경기도 안양시 동안구 호계동 1061","source":"경기도 안양시_공공건축물현황(공공데이터포털 15114534)","asof":"2026-06-30","area":"29","acquired":"2017-01-31"},"geometry":{"type":"Point","coordinates":[126.95828,37.382639]}},{"type":"Feature","properties":{"kind":"public_building","name":"어린이공원15호화장실","address":"경기도 안양시 동안구 호계동 1055-2","source":"경기도 안양시_공공건축물현황(공공데이터포털 15114534)","asof":"2026-06-30","area":"29","acquired":"2017-01-31"},"geometry":{"type":"Point","coordinates":[126.954463,37.38124]}},{"type":"Feature","properties":{"kind":"public_building","name":"양화 경로당","address":"경기도 안양시 만안구 양화로97번길 38-3","source":"경기도 안양시_공공건축물현황(공공데이터포털 15114534)","asof":"2026-06-30","area":"132.36","acquired":"2014-09-05"},"geometry":{"type":"Point","coordinates":[126.90881,37.40164]}},{"type":"Feature","properties":{"kind":"public_building","name":"야외수영장","address":"경기도 안양시 동안구 평촌대로 389","source":"경기도 안양시_공공건축물현황(공공데이터포털 15114534)","asof":"2026-06-30","area":"1394.96","acquired":"2001-07-11"},"geometry":{"type":"Point","coordinates":[126.948489,37.404175]}},{"type":"Feature","properties":{"kind":"public_building","name":"안전연구실(2동)","address":"경기도 안양시 만안구 안양로 175","source":"경기도 안양시_공공건축물현황(공공데이터포털 15114534)","asof":"2026-06-30","area":"348","acquired":"2018-01-31"},"geometry":{"type":"Point","coordinates":[126.927186,37.389905]}},{"type":"Feature","properties":{"kind":"public_building","name":"안전연구실","address":"경기도 안양시 만안구 안양로 175","source":"경기도 안양시_공공건축물현황(공공데이터포털 15114534)","asof":"2026-06-30","area":"325.06","acquired":"2018-01-31"},"geometry":{"type":"Point","coordinates":[126.927186,37.389905]}},{"type":"Feature","properties":{"kind":"public_building","name":"안전성연구동","address":"경기도 안양시 만안구 안양로 175","source":"경기도 안양시_공공건축물현황(공공데이터포털 15114534)","asof":"2026-06-30","area":"1851.2","acquired":"2018-01-31"},"geometry":{"type":"Point","coordinates":[126.927186,37.389905]}},{"type":"Feature","properties":{"kind":"public_building","name":"안양창업지원센터","address":"경기도 안양시 동안구 시민대로327번길 11-41","source":"경기도 안양시_공공건축물현황(공공데이터포털 15114534)","asof":"2026-06-30","area":"14792.21","acquired":"2015-08-19"},"geometry":{"type":"Point","coordinates":[126.963141,37.398203]}},{"type":"Feature","properties":{"kind":"public_building","name":"안양어린이도서관","address":"경기도 안양시 동안구 동안로 66","source":"경기도 안양시_공공건축물현황(공공데이터포털 15114534)","asof":"2026-06-30","area":"3280.67","acquired":"2007-07-16"},"geometry":{"type":"Point","coordinates":[126.954614,37.384948]}},{"type":"Feature","properties":{"kind":"public_building","name":"안양알바로시자홀","address":"경기도 안양시 만안구 예술공원로 180","source":"경기도 안양시_공공건축물현황(공공데이터포털 15114534)","asof":"2026-06-30","area":"781.45","acquired":"2006-05-16"},"geometry":{"type":"Point","coordinates":[126.92561,37.419453]}},{"type":"Feature","properties":{"kind":"public_building","name":"안양아트센터야외공연장","address":"경기도 안양시 만안구 문예로36번길 16","source":"경기도 안양시_공공건축물현황(공공데이터포털 15114534)","asof":"2026-06-30","area":"104.2","acquired":"1989-12-13"},"geometry":{"type":"Point","coordinates":[126.931655,37.385116]}},{"type":"Feature","properties":{"kind":"public_building","name":"안양아트센터","address":"경기도 안양시 만안구 문예로36번길 16","source":"경기도 안양시_공공건축물현황(공공데이터포털 15114534)","asof":"2026-06-30","area":"15188.4","acquired":"1989-12-13"},"geometry":{"type":"Point","coordinates":[126.931655,37.385116]}},{"type":"Feature","properties":{"kind":"public_building","name":"안양실내게이트볼장화장실","address":"경기도 안양시 동안구 경수대로665번길 74-29","source":"경기도 안양시_공공건축물현황(공공데이터포털 15114534)","asof":"2026-06-30","area":"36","acquired":"1999-11-06"},"geometry":{"type":"Point","coordinates":[126.950742,37.37856]}},{"type":"Feature","properties":{"kind":"public_building","name":"안양실내게이트볼장","address":"경기도 안양시 동안구 경수대로665번길 74-29","source":"경기도 안양시_공공건축물현황(공공데이터포털 15114534)","asof":"2026-06-30","area":"1468.47","acquired":"2004-12-23"},"geometry":{"type":"Point","coordinates":[126.950742,37.37856]}},{"type":"Feature","properties":{"kind":"public_building","name":"안양시장애인재활자립작업장","address":"경기도 안양시 만안구 안양동 219-9 성일디지털타워제4층제402호","source":"경기도 안양시_공공건축물현황(공공데이터포털 15114534)","asof":"2026-06-30","area":"184.65","acquired":"2015-12-01"},"geometry":{"type":"Point","coordinates":[126.938219,37.383032]}},{"type":"Feature","properties":{"kind":"public_building","name":"안양시예절교육관(본관)","address":"경기도 안양시 동안구 평촌대로401번길 62","source":"경기도 안양시_공공건축물현황(공공데이터포털 15114534)","asof":"2026-06-30","area":"252.7","acquired":"1990-08-27"},"geometry":{"type":"Point","coordinates":[126.946439,37.407005]}},{"type":"Feature","properties":{"kind":"public_building","name":"안양시예절교육관(별관)","address":"경기도 안양시 동안구 평촌대로401번길 62","source":"경기도 안양시_공공건축물현황(공공데이터포털 15114534)","asof":"2026-06-30","area":"86.4","acquired":"1990-08-27"},"geometry":{"type":"Point","coordinates":[126.946439,37.407005]}},{"type":"Feature","properties":{"kind":"public_building","name":"안양시노인종합복지관(본관)","address":"경기도 안양시 동안구 경수대로665번길 74-30","source":"경기도 안양시_공공건축물현황(공공데이터포털 15114534)","asof":"2026-06-30","area":"1876.22","acquired":"1999-11-06"},"geometry":{"type":"Point","coordinates":[126.950955,37.379902]}},{"type":"Feature","properties":{"kind":"public_building","name":"안양시남자단기청소년쉼터","address":"경기도 안양시 동안구 관양동 1450-1 제4층 제401호","source":"경기도 안양시_공공건축물현황(공공데이터포털 15114534)","asof":"2026-06-30","area":"328.01","acquired":"2019-04-08"},"geometry":{"type":"Point","coordinates":[126.961445,37.403454]}},{"type":"Feature","properties":{"kind":"public_building","name":"안양시 치매안심센터","address":"경기도 안양시 동안구 관악대로 375","source":"경기도 안양시_공공건축물현황(공공데이터포털 15114534)","asof":"2026-06-30","area":"891.25","acquired":"1994-11-22"},"geometry":{"type":"Point","coordinates":[126.96453,37.40479]}},{"type":"Feature","properties":{"kind":"public_building","name":"안양시 장애인지원센터","address":"경기도 안양시 만안구 냉천로 44","source":"경기도 안양시_공공건축물현황(공공데이터포털 15114534)","asof":"2026-06-30","area":"1910.41","acquired":"2010-05-25"},"geometry":{"type":"Point","coordinates":[126.927616,37.385472]}},{"type":"Feature","properties":{"kind":"public_building","name":"안양사지전시관","address":"경기도 안양시 만안구 예술공원로103번길 4","source":"경기도 안양시_공공건축물현황(공공데이터포털 15114534)","asof":"2026-06-30","area":"1262.62","acquired":"2013-10-31"},"geometry":{"type":"Point","coordinates":[126.917506,37.418989]}},{"type":"Feature","properties":{"kind":"public_building","name":"안양문화원","address":"경기도 안양시 만안구 현충로 53","source":"경기도 안양시_공공건축물현황(공공데이터포털 15114534)","asof":"2026-06-30","area":"2648.16","acquired":"2009-09-11"},"geometry":{"type":"Point","coordinates":[126.925804,37.390418]}},{"type":"Feature","properties":{"kind":"public_building","name":"안양노동복지회관","address":"경기도 안양시 만안구 안양로 3","source":"경기도 안양시_공공건축물현황(공공데이터포털 15114534)","asof":"2026-06-30","area":"2155.6","acquired":"1989-12-24"},"geometry":{"type":"Point","coordinates":[126.939848,37.377481]}},{"type":"Feature","properties":{"kind":"public_building","name":"안양궁도장","address":"경기도 안양시 동안구 평촌대로 70","source":"경기도 안양시_공공건축물현황(공공데이터포털 15114534)","asof":"2026-06-30","area":"373.26","acquired":"2001-06-12"},"geometry":{"type":"Point","coordinates":[126.958572,37.381559]}},{"type":"Feature","properties":{"kind":"public_building","name":"안양9동 행정복지센터","address":"경기도 안양시 만안구 병목안로142번길 12-9","source":"경기도 안양시_공공건축물현황(공공데이터포털 15114534)","asof":"2026-06-30","area":"1198.65","acquired":"1995-08-28"},"geometry":{"type":"Point","coordinates":[126.908423,37.391449]}},{"type":"Feature","properties":{"kind":"public_building","name":"안양9동 창암경로당","address":"경기도 안양시 만안구 창박로41번길 34","source":"경기도 안양시_공공건축물현황(공공데이터포털 15114534)","asof":"2026-06-30","area":"375.13","acquired":"2011-02-28"},"geometry":{"type":"Point","coordinates":[126.901604,37.383084]}},{"type":"Feature","properties":{"kind":"public_building","name":"안양9동 꿈 나눔터","address":"경기도 안양시 만안구 병목안로142번길 8","source":"경기도 안양시_공공건축물현황(공공데이터포털 15114534)","asof":"2026-06-30","area":"90.2","acquired":"2021-12-31"},"geometry":{"type":"Point","coordinates":[126.90906,37.391228]}},{"type":"Feature","properties":{"kind":"public_building","name":"안양8동경로당","address":"경기도 안양시 만안구 냉천로 25","source":"경기도 안양시_공공건축물현황(공공데이터포털 15114534)","asof":"2026-06-30","area":"202","acquired":"2019-11-30"},"geometry":{"type":"Point","coordinates":[126.928018,37.383858]}},{"type":"Feature","properties":{"kind":"public_building","name":"안양8동경로당","address":"경기도 안양시 만안구 냉천로 29-1","source":"경기도 안양시_공공건축물현황(공공데이터포털 15114534)","asof":"2026-06-30","area":"64.27","acquired":"1983-07-01"},"geometry":{"type":"Point","coordinates":[126.927716,37.384181]}},{"type":"Feature","properties":{"kind":"public_building","name":"안양8동 행정복지센터","address":"경기도 안양시 만안구 안양동 572","source":"경기도 안양시_공공건축물현황(공공데이터포털 15114534)","asof":"2026-06-30","area":"2988","acquired":"2020-05-30"},"geometry":{"type":"Point","coordinates":[126.932725,37.383846]}},{"type":"Feature","properties":{"kind":"public_building","name":"안양8동 행정복지센터","address":"경기도 안양시 만안구 안양로111번길 17","source":"경기도 안양시_공공건축물현황(공공데이터포털 15114534)","asof":"2026-06-30","area":"2988.19","acquired":"1996-08-13"},"geometry":{"type":"Point","coordinates":[126.932138,37.384194]}},{"type":"Feature","properties":{"kind":"public_building","name":"안양8동 다목적복지회관","address":"경기도 안양시 만안구 명학로5번길 12","source":"경기도 안양시_공공건축물현황(공공데이터포털 15114534)","asof":"2026-06-30","area":"1066.09","acquired":"1997-04-09"},"geometry":{"type":"Point","coordinates":[126.938141,37.377843]}},{"type":"Feature","properties":{"kind":"public_building","name":"안양7동경로당","address":"경기도 안양시 만안구 덕천로 94-12","source":"경기도 안양시_공공건축물현황(공공데이터포털 15114534)","asof":"2026-06-30","area":"204.34","acquired":"1989-01-26"},"geometry":{"type":"Point","coordinates":[126.935168,37.389497]}},{"type":"Feature","properties":{"kind":"public_building","name":"안양7동 행정복지센터","address":"경기도 안양시 만안구 덕천로 115","source":"경기도 안양시_공공건축물현황(공공데이터포털 15114534)","asof":"2026-06-30","area":"2410.21","acquired":"2017-01-15"},"geometry":{"type":"Point","coordinates":[126.933613,37.39143]}},{"type":"Feature","properties":{"kind":"public_building","name":"안양7동 다목적복지회관","address":"경기도 안양시 만안구 덕천로 94-9","source":"경기도 안양시_공공건축물현황(공공데이터포털 15114534)","asof":"2026-06-30","area":"1795.85","acquired":"1995-09-12"},"geometry":{"type":"Point","coordinates":[126.935018,37.389702]}},{"type":"Feature","properties":{"kind":"public_building","name":"안양7동 공영주차장","address":"경기도 안양시 만안구 안양동 212-3","source":"경기도 안양시_공공건축물현황(공공데이터포털 15114534)","asof":"2026-06-30","area":"3897","acquired":"2021-05-14"},"geometry":{"type":"Point","coordinates":[126.93368,37.39061]}},{"type":"Feature","properties":{"kind":"public_building","name":"안양6동 행정복지센터","address":"경기도 안양시 만안구 안양로170번길 23","source":"경기도 안양시_공공건축물현황(공공데이터포털 15114534)","asof":"2026-06-30","area":"1149.58","acquired":"1994-02-17"},"geometry":{"type":"Point","coordinates":[126.930569,37.390069]}},{"type":"Feature","properties":{"kind":"public_building","name":"안양5동경로당","address":"경기도 안양시 만안구 안양로263번길 20","source":"경기도 안양시_공공건축물현황(공공데이터포털 15114534)","asof":"2026-06-30","area":"207.9","acquired":"1988-10-11"},"geometry":{"type":"Point","coordinates":[126.922547,37.395685]}},{"type":"Feature","properties":{"kind":"public_building","name":"안양5동 행정복지센터","address":"경기도 안양시 만안구 냉천로157번길 18","source":"경기도 안양시_공공건축물현황(공공데이터포털 15114534)","asof":"2026-06-30","area":"2233.79","acquired":"1997-11-05"},"geometry":{"type":"Point","coordinates":[126.920853,37.394298]}},{"type":"Feature","properties":{"kind":"public_building","name":"안양4동(중앙시장)주차장관리사무소","address":"경기도 안양시 만안구 냉천로203번길 15","source":"경기도 안양시_공공건축물현황(공공데이터포털 15114534)","asof":"2026-06-30","area":"38.8","acquired":"2003-07-07"},"geometry":{"type":"Point","coordinates":[126.918763,37.396948]}},{"type":"Feature","properties":{"kind":"public_building","name":"안양4동 행정복지센터","address":"경기도 안양시 만안구 냉천로193번길 34","source":"경기도 안양시_공공건축물현황(공공데이터포털 15114534)","asof":"2026-06-30","area":"763.87","acquired":"1995-12-13"},"geometry":{"type":"Point","coordinates":[126.917882,37.396563]}},{"type":"Feature","properties":{"kind":"public_building","name":"안양4동 중앙경로당","address":"경기도 안양시 만안구 장내로99번길 9","source":"경기도 안양시_공공건축물현황(공공데이터포털 15114534)","asof":"2026-06-30","area":"337.61","acquired":"1997-06-27"},"geometry":{"type":"Point","coordinates":[126.918901,37.396146]}},{"type":"Feature","properties":{"kind":"public_building","name":"안양4동 다목적복지회관","address":"경기도 안양시 만안구 냉천로193번길 41","source":"경기도 안양시_공공건축물현황(공공데이터포털 15114534)","asof":"2026-06-30","area":"983.5","acquired":"1998-09-23"},"geometry":{"type":"Point","coordinates":[126.917648,37.396112]}},{"type":"Feature","properties":{"kind":"public_building","name":"안양3동 행정복지센터","address":"경기도 안양시 만안구 양화로 28","source":"경기도 안양시_공공건축물현황(공공데이터포털 15114534)","asof":"2026-06-30","area":"1913.76","acquired":"1999-10-16"},"geometry":{"type":"Point","coordinates":[126.914752,37.396293]}},{"type":"Feature","properties":{"kind":"public_building","name":"안양2동신규경로당","address":"경기도 안양시 만안구 안양로406번길 7-16","source":"경기도 안양시_공공건축물현황(공공데이터포털 15114534)","asof":"2026-06-30","area":"112.86","acquired":"2014-10-20"},"geometry":{"type":"Point","coordinates":[126.915135,37.407847]}},{"type":"Feature","properties":{"kind":"public_building","name":"안양2동 행정복지센터","address":"경기도 안양시 만안구 안양로384번길 50","source":"경기도 안양시_공공건축물현황(공공데이터포털 15114534)","asof":"2026-06-30","area":"3289.24","acquired":"1991-06-29"},"geometry":{"type":"Point","coordinates":[126.917828,37.405082]}},{"type":"Feature","properties":{"kind":"public_building","name":"안양2동 다목적복지회관","address":"경기도 안양시 만안구 경수대로 1159","source":"경기도 안양시_공공건축물현황(공공데이터포털 15114534)","asof":"2026-06-30","area":"1183.25","acquired":"1998-07-22"},"geometry":{"type":"Point","coordinates":[126.918612,37.414453]}},{"type":"Feature","properties":{"kind":"public_building","name":"안양1동성원(아)경로당","address":"경기도 안양시 만안구 안양동 164-12 성원아파트 101동 208호","source":"경기도 안양시_공공건축물현황(공공데이터포털 15114534)","asof":"2026-06-30","area":"59.24","acquired":"2014-09-18"},"geometry":{"type":"Point","coordinates":[126.928587,37.396288]}},{"type":"Feature","properties":{"kind":"public_building","name":"안양1동 행정복지센터","address":"경기도 안양시 만안구 장내로 170","source":"경기도 안양시_공공건축물현황(공공데이터포털 15114534)","asof":"2026-06-30","area":"3309.57","acquired":"2006-05-29"},"geometry":{"type":"Point","coordinates":[126.925888,37.39911]}},{"type":"Feature","properties":{"kind":"public_building","name":"안양1동 경로당","address":"경기도 안양시 만안구 안양동 164","source":"경기도 안양시_공공건축물현황(공공데이터포털 15114534)","asof":"2026-06-30","area":"59.24","acquired":"2014-09-18"},"geometry":{"type":"Point","coordinates":[126.930569,37.397282]}},{"type":"Feature","properties":{"kind":"public_building","name":"실내수영장","address":"경기도 안양시 동안구 평촌대로 389","source":"경기도 안양시_공공건축물현황(공공데이터포털 15114534)","asof":"2026-06-30","area":"5890.33","acquired":"1997-12-24"},"geometry":{"type":"Point","coordinates":[126.948489,37.404175]}},{"type":"Feature","properties":{"kind":"public_building","name":"신촌동사무소","address":"경기도 안양시 동안구 동안로 28","source":"경기도 안양시_공공건축물현황(공공데이터포털 15114534)","asof":"2026-06-30","area":"3383.32","acquired":"1992-08-30"},"geometry":{"type":"Point","coordinates":[126.956347,37.381801]}},{"type":"Feature","properties":{"kind":"public_building","name":"신촌놀이터화장실","address":"경기도 안양시 동안구 호계동 1055-2","source":"경기도 안양시_공공건축물현황(공공데이터포털 15114534)","asof":"2026-06-30","area":"33.21","acquired":"1995-02-26"},"geometry":{"type":"Point","coordinates":[126.954463,37.38124]}},{"type":"Feature","properties":{"kind":"public_building","name":"신촌경로당","address":"경기도 안양시 동안구 평촌대로127번길 90","source":"경기도 안양시_공공건축물현황(공공데이터포털 15114534)","asof":"2026-06-30","area":"191.28","acquired":"1998-07-31"},"geometry":{"type":"Point","coordinates":[126.959093,37.380708]}},{"type":"Feature","properties":{"kind":"public_building","name":"신종질병관리센터동","address":"경기도 안양시 만안구 안양로 175","source":"경기도 안양시_공공건축물현황(공공데이터포털 15114534)","asof":"2026-06-30","area":"7428.11","acquired":"2018-01-31"},"geometry":{"type":"Point","coordinates":[126.927186,37.389905]}},{"type":"Feature","properties":{"kind":"public_building","name":"신기어린이공원 공중화장실","address":"경기도 안양시 동안구 호계동 1056-1","source":"경기도 안양시_공공건축물현황(공공데이터포털 15114534)","asof":"2026-06-30","area":"29.28","acquired":"2014-07-31"},"geometry":{"type":"Point","coordinates":[126.956889,37.382142]}},{"type":"Feature","properties":{"kind":"public_building","name":"신기놀이터화장실","address":"경기도 안양시 동안구 호계동 1056-1","source":"경기도 안양시_공공건축물현황(공공데이터포털 15114534)","asof":"2026-06-30","area":"12.96","acquired":"1995-02-28"},"geometry":{"type":"Point","coordinates":[126.956889,37.382142]}},{"type":"Feature","properties":{"kind":"public_building","name":"시청사(어린이집)","address":"경기도 안양시 동안구 시민대로 235","source":"경기도 안양시_공공건축물현황(공공데이터포털 15114534)","asof":"2026-06-30","area":"430","acquired":"1996-10-31"},"geometry":{"type":"Point","coordinates":[126.956833,37.394295]}},{"type":"Feature","properties":{"kind":"public_building","name":"시청사(경비실)","address":"경기도 안양시 동안구 시민대로 235","source":"경기도 안양시_공공건축물현황(공공데이터포털 15114534)","asof":"2026-06-30","area":"63","acquired":"1996-10-31"},"geometry":{"type":"Point","coordinates":[126.956833,37.394295]}},{"type":"Feature","properties":{"kind":"public_building","name":"시청사","address":"경기도 안양시 동안구 시민대로 235","source":"경기도 안양시_공공건축물현황(공공데이터포털 15114534)","asof":"2026-06-30","area":"42664.94","acquired":"1996-10-31"},"geometry":{"type":"Point","coordinates":[126.956833,37.394295]}},{"type":"Feature","properties":{"kind":"public_building","name":"시의회","address":"경기도 안양시 동안구 시민대로 235","source":"경기도 안양시_공공건축물현황(공공데이터포털 15114534)","asof":"2026-06-30","area":"6239.74","acquired":"1996-10-31"},"geometry":{"type":"Point","coordinates":[126.956833,37.394295]}},{"type":"Feature","properties":{"kind":"public_building","name":"시민공원 매점","address":"경기도 안양시 만안구 안양동 산 81-1 시민공원","source":"경기도 안양시_공공건축물현황(공공데이터포털 15114534)","asof":"2026-06-30","area":"34.5","acquired":"2006-05-24"},"geometry":{"type":"Point","coordinates":[126.910005,37.383545]}},{"type":"Feature","properties":{"kind":"public_building","name":"시내버스공영차고지","address":"경기도 안양시 만안구 일직로 119","source":"경기도 안양시_공공건축물현황(공공데이터포털 15114534)","asof":"2026-06-30","area":"2380","acquired":"2011-06-27"},"geometry":{"type":"Point","coordinates":[126.89539,37.421251]}},{"type":"Feature","properties":{"kind":"public_building","name":"시내버스공영차고지","address":"경기도 안양시 만안구 일직로 119","source":"경기도 안양시_공공건축물현황(공공데이터포털 15114534)","asof":"2026-06-30","area":"66.4","acquired":"2011-06-27"},"geometry":{"type":"Point","coordinates":[126.89539,37.421251]}},{"type":"Feature","properties":{"kind":"public_building","name":"시내버스공영차고지","address":"경기도 안양시 만안구 일직로 119","source":"경기도 안양시_공공건축물현황(공공데이터포털 15114534)","asof":"2026-06-30","area":"274.66","acquired":"2011-06-27"},"geometry":{"type":"Point","coordinates":[126.89539,37.421251]}},{"type":"Feature","properties":{"kind":"public_building","name":"시내버스공영차고지","address":"경기도 안양시 만안구 일직로 119","source":"경기도 안양시_공공건축물현황(공공데이터포털 15114534)","asof":"2026-06-30","area":"1406.68","acquired":"2011-06-27"},"geometry":{"type":"Point","coordinates":[126.89539,37.421251]}},{"type":"Feature","properties":{"kind":"public_building","name":"시내버스공영차고지","address":"경기도 안양시 만안구 일직로 119","source":"경기도 안양시_공공건축물현황(공공데이터포털 15114534)","asof":"2026-06-30","area":"32.4","acquired":"2011-06-27"},"geometry":{"type":"Point","coordinates":[126.89539,37.421251]}},{"type":"Feature","properties":{"kind":"public_building","name":"수촌경로당 및 지하주차장","address":"경기도 안양시 동안구 관악대로287번길 104-22","source":"경기도 안양시_공공건축물현황(공공데이터포털 15114534)","asof":"2026-06-30","area":"84","acquired":"2000-08-05"},"geometry":{"type":"Point","coordinates":[126.95613,37.407419]}},{"type":"Feature","properties":{"kind":"public_building","name":"수위실","address":"경기도 안양시 만안구 안양로 175","source":"경기도 안양시_공공건축물현황(공공데이터포털 15114534)","asof":"2026-06-30","area":"48.6","acquired":"2018-01-31"},"geometry":{"type":"Point","coordinates":[126.927186,37.389905]}},{"type":"Feature","properties":{"kind":"public_building","name":"수산동","address":"경기도 안양시 동안구 흥안대로 313","source":"경기도 안양시_공공건축물현황(공공데이터포털 15114534)","asof":"2026-06-30","area":"17840.4","acquired":"1997-03-25"},"geometry":{"type":"Point","coordinates":[126.967641,37.382009]}},{"type":"Feature","properties":{"kind":"public_building","name":"수리장애인종합복지관","address":"경기도 안양시 만안구 냉천로 39","source":"경기도 안양시_공공건축물현황(공공데이터포털 15114534)","asof":"2026-06-30","area":"15621.25","acquired":"2003-07-10"},"geometry":{"type":"Point","coordinates":[126.926998,37.384947]}},{"type":"Feature","properties":{"kind":"public_building","name":"소호경로당","address":"경기도 안양시 동안구 경수대로685번길 15","source":"경기도 안양시_공공건축물현황(공공데이터포털 15114534)","asof":"2026-06-30","area":"132.4","acquired":"1990-01-30"},"geometry":{"type":"Point","coordinates":[126.951429,37.382744]}},{"type":"Feature","properties":{"kind":"public_building","name":"설해대책용 보관창고","address":"경기도 안양시 만안구 안양동 58-3","source":"경기도 안양시_공공건축물현황(공공데이터포털 15114534)","asof":"2026-06-30","area":"646","acquired":"2016-01-01"},"geometry":{"type":"Point","coordinates":[126.918339,37.410262]}},{"type":"Feature","properties":{"kind":"public_building","name":"석실분","address":"경기도 안양시 만안구 예술공원로245번길 150-1","source":"경기도 안양시_공공건축물현황(공공데이터포털 15114534)","asof":"2026-06-30","area":"45","acquired":"1997-12-05"},"geometry":{"type":"Point","coordinates":[126.942255,37.431305]}},{"type":"Feature","properties":{"kind":"public_building","name":"석수하수처리장 약품투입동","address":"경기도 안양시 만안구 화창로 19","source":"경기도 안양시_공공건축물현황(공공데이터포털 15114534)","asof":"2026-06-30","area":"379.8","acquired":"2010-05-20"},"geometry":{"type":"Point","coordinates":[126.904891,37.414379]}},{"type":"Feature","properties":{"kind":"public_building","name":"석수하수처리장 슬러지처리동","address":"경기도 안양시 만안구 화창로 19","source":"경기도 안양시_공공건축물현황(공공데이터포털 15114534)","asof":"2026-06-30","area":"4632.6","acquired":"2002-12-30"},"geometry":{"type":"Point","coordinates":[126.904891,37.414379]}},{"type":"Feature","properties":{"kind":"public_building","name":"석수하수처리장 반류수처리시설동","address":"경기도 안양시 만안구 화창로 19","source":"경기도 안양시_공공건축물현황(공공데이터포털 15114534)","asof":"2026-06-30","area":"502.48","acquired":"2010-05-20"},"geometry":{"type":"Point","coordinates":[126.904891,37.414379]}},{"type":"Feature","properties":{"kind":"public_building","name":"석수하수처리장 3차처리시설 계단실상옥","address":"경기도 안양시 만안구 화창로 19","source":"경기도 안양시_공공건축물현황(공공데이터포털 15114534)","asof":"2026-06-30","area":"15.12","acquired":"2010-05-20"},"geometry":{"type":"Point","coordinates":[126.904891,37.414379]}},{"type":"Feature","properties":{"kind":"public_building","name":"석수소방파출소","address":"경기도 안양시 만안구 석수로 28","source":"경기도 안양시_공공건축물현황(공공데이터포털 15114534)","asof":"2026-06-30","area":"412.3","acquired":"1988-02-11"},"geometry":{"type":"Point","coordinates":[126.909248,37.408997]}},{"type":"Feature","properties":{"kind":"public_building","name":"석수배수지창고","address":"경기도 안양시 만안구 석수동 159-4","source":"경기도 안양시_공공건축물현황(공공데이터포털 15114534)","asof":"2026-06-30","area":"99","acquired":"1987-06-01"},"geometry":{"type":"Point","coordinates":[126.914428,37.422798]}},{"type":"Feature","properties":{"kind":"public_building","name":"석수배수지관사","address":"경기도 안양시 만안구 석수동 159-4","source":"경기도 안양시_공공건축물현황(공공데이터포털 15114534)","asof":"2026-06-30","area":"43","acquired":"1985-12-01"},"geometry":{"type":"Point","coordinates":[126.914428,37.422798]}},{"type":"Feature","properties":{"kind":"public_building","name":"석수배수지관리사택","address":"경기도 안양시 만안구 화창로 84","source":"경기도 안양시_공공건축물현황(공공데이터포털 15114534)","asof":"2026-06-30","area":"52.11","acquired":"1985-12-01"},"geometry":{"type":"Point","coordinates":[126.903467,37.413279]}},{"type":"Feature","properties":{"kind":"public_building","name":"석수도서관","address":"경기도 안양시 만안구 양화로217번길 34","source":"경기도 안양시_공공건축물현황(공공데이터포털 15114534)","asof":"2026-06-30","area":"10652.83","acquired":"2003-11-07"},"geometry":{"type":"Point","coordinates":[126.902655,37.411613]}},{"type":"Feature","properties":{"kind":"public_building","name":"석수3동 행정복지센터(2관)","address":"경기도 안양시 만안구 석수로212번길 23","source":"경기도 안양시_공공건축물현황(공공데이터포털 15114534)","asof":"2026-06-30","area":"774.88","acquired":"1991-03-09"},"geometry":{"type":"Point","coordinates":[126.895317,37.409133]}},{"type":"Feature","properties":{"kind":"public_building","name":"석수3동 행정복지센터 건립","address":"경기도 안양시 만안구 석수로212번길 23","source":"경기도 안양시_공공건축물현황(공공데이터포털 15114534)","asof":"2026-06-30","area":"2903","acquired":"2020-02-12"},"geometry":{"type":"Point","coordinates":[126.895317,37.409133]}},{"type":"Feature","properties":{"kind":"public_building","name":"석수3동 다목적복지회관","address":"경기도 안양시 만안구 석수로212번길 23","source":"경기도 안양시_공공건축물현황(공공데이터포털 15114534)","asof":"2026-06-30","area":"774.88","acquired":"2022-02-28"},"geometry":{"type":"Point","coordinates":[126.895317,37.409133]}},{"type":"Feature","properties":{"kind":"public_building","name":"석수3동 다목적복지회관","address":"경기도 안양시 만안구 충훈로90번길 47","source":"경기도 안양시_공공건축물현황(공공데이터포털 15114534)","asof":"2026-06-30","area":"895.8","acquired":"1997-01-04"},"geometry":{"type":"Point","coordinates":[126.899577,37.409586]}},{"type":"Feature","properties":{"kind":"public_building","name":"석수2동경로당","address":"경기도 안양시 만안구 석수로26번길 45","source":"경기도 안양시_공공건축물현황(공공데이터포털 15114534)","asof":"2026-06-30","area":"330.18","acquired":"2017-02-03"},"geometry":{"type":"Point","coordinates":[126.90793,37.410557]}},{"type":"Feature","properties":{"kind":"public_building","name":"석수2동 행정복지센터","address":"경기도 안양시 만안구 안양로 496","source":"경기도 안양시_공공건축물현황(공공데이터포털 15114534)","asof":"2026-06-30","area":"3410.9","acquired":"2010-09-09"},"geometry":{"type":"Point","coordinates":[126.909397,37.413868]}},{"type":"Feature","properties":{"kind":"public_building","name":"석수2동 다목적복지회관","address":"경기도 안양시 만안구 안양로532번길 13-8","source":"경기도 안양시_공공건축물현황(공공데이터포털 15114534)","asof":"2026-06-30","area":"587.01","acquired":"1995-11-20"},"geometry":{"type":"Point","coordinates":[126.907795,37.417282]}},{"type":"Feature","properties":{"kind":"public_building","name":"석수1동 행정복지센터","address":"경기도 안양시 만안구 경수대로 1252","source":"경기도 안양시_공공건축물현황(공공데이터포털 15114534)","asof":"2026-06-30","area":"3344.47","acquired":"2003-07-14"},"geometry":{"type":"Point","coordinates":[126.910748,37.419803]}},{"type":"Feature","properties":{"kind":"public_building","name":"석수1동 경로당","address":"경기도 안양시 만안구 석수동 182-7","source":"경기도 안양시_공공건축물현황(공공데이터포털 15114534)","asof":"2026-06-30","area":"299.23","acquired":"2020-12-31"},"geometry":{"type":"Point","coordinates":[126.9007,37.410201]}},{"type":"Feature","properties":{"kind":"public_building","name":"새마을경로당","address":"경기도 안양시 만안구 현충로16번길 14","source":"경기도 안양시_공공건축물현황(공공데이터포털 15114534)","asof":"2026-06-30","area":"174.6","acquired":"1986-11-12"},"geometry":{"type":"Point","coordinates":[126.928903,37.393157]}},{"type":"Feature","properties":{"kind":"public_building","name":"삼성천경로당","address":"경기도 안양시 만안구 석천로198번길 11-22","source":"경기도 안양시_공공건축물현황(공공데이터포털 15114534)","asof":"2026-06-30","area":"147.52","acquired":"2004-01-03"},"geometry":{"type":"Point","coordinates":[126.911442,37.413006]}},{"type":"Feature","properties":{"kind":"public_building","name":"삼성산경로당","address":"경기도 안양시 만안구 예술공원로103번길 17","source":"경기도 안양시_공공건축물현황(공공데이터포털 15114534)","asof":"2026-06-30","area":"243.63","acquired":"2003-02-24"},"geometry":{"type":"Point","coordinates":[126.917033,37.418174]}},{"type":"Feature","properties":{"kind":"public_building","name":"삼봉경로당","address":"경기도 안양시 만안구 박달로416번길 10","source":"경기도 안양시_공공건축물현황(공공데이터포털 15114534)","asof":"2026-06-30","area":"160.96","acquired":"1998-10-10"},"geometry":{"type":"Point","coordinates":[126.898348,37.401164]}},{"type":"Feature","properties":{"kind":"public_building","name":"삼막애견공원 관리소 및 화장실","address":"경기도 안양시 만안구 석수동 18","source":"경기도 안양시_공공건축물현황(공공데이터포털 15114534)","asof":"2026-06-30","area":"35","acquired":"2018-06-14"},"geometry":{"type":"Point","coordinates":[126.915295,37.428891]}},{"type":"Feature","properties":{"kind":"public_building","name":"삼막마을 다목적복지회관","address":"경기도 안양시 만안구 삼막로24번길 107","source":"경기도 안양시_공공건축물현황(공공데이터포털 15114534)","asof":"2026-06-30","area":"872.98","acquired":"2015-09-16"},"geometry":{"type":"Point","coordinates":[126.914452,37.425269]}},{"type":"Feature","properties":{"kind":"public_building","name":"삼덕도서관","address":"경기도 안양시 만안구 병목안로 58","source":"경기도 안양시_공공건축물현황(공공데이터포털 15114534)","asof":"2026-06-30","area":"2688.41","acquired":"2016-12-31"},"geometry":{"type":"Point","coordinates":[126.915396,37.396372]}},{"type":"Feature","properties":{"kind":"public_building","name":"삼덕공원야외무대","address":"경기도 안양시 만안구 삼덕로 106","source":"경기도 안양시_공공건축물현황(공공데이터포털 15114534)","asof":"2026-06-30","area":"42.33","acquired":"2012-09-08"},"geometry":{"type":"Point","coordinates":[126.916401,37.397385]}},{"type":"Feature","properties":{"kind":"public_building","name":"삼덕공원 관리사무소","address":"경기도 안양시 만안구 삼덕로 106","source":"경기도 안양시_공공건축물현황(공공데이터포털 15114534)","asof":"2026-06-30","area":"351.46","acquired":"2009-12-31"},"geometry":{"type":"Point","coordinates":[126.916401,37.397385]}},{"type":"Feature","properties":{"kind":"public_building","name":"비산체육공원 관리동","address":"경기도 안양시 동안구 평촌대로 489-29","source":"경기도 안양시_공공건축물현황(공공데이터포털 15114534)","asof":"2026-06-30","area":"296.45","acquired":"2017-07-24"},"geometry":{"type":"Point","coordinates":[126.949504,37.412218]}},{"type":"Feature","properties":{"kind":"public_building","name":"비산종합사회복지관(제일경로당)","address":"경기도 안양시 동안구 임곡로 74","source":"경기도 안양시_공공건축물현황(공공데이터포털 15114534)","asof":"2026-06-30","area":"235.52","acquired":"2006-07-26"},"geometry":{"type":"Point","coordinates":[126.934117,37.405935]}},{"type":"Feature","properties":{"kind":"public_building","name":"비산종합사회복지관","address":"경기도 안양시 동안구 임곡로 74","source":"경기도 안양시_공공건축물현황(공공데이터포털 15114534)","asof":"2026-06-30","area":"835","acquired":"1986-12-29"},"geometry":{"type":"Point","coordinates":[126.934117,37.405935]}},{"type":"Feature","properties":{"kind":"public_building","name":"비산정수장방수처리","address":"경기도 안양시 동안구 비산동 산 166","source":"경기도 안양시_공공건축물현황(공공데이터포털 15114534)","asof":"2026-06-30","area":"129","acquired":"2000-12-01"},"geometry":{"type":"Point","coordinates":[126.938853,37.403091]}},{"type":"Feature","properties":{"kind":"public_building","name":"비산정수장방수처리","address":"경기도 안양시 동안구 비산동 산 166","source":"경기도 안양시_공공건축물현황(공공데이터포털 15114534)","asof":"2026-06-30","area":"1","acquired":"2000-12-01"},"geometry":{"type":"Point","coordinates":[126.938853,37.403091]}},{"type":"Feature","properties":{"kind":"public_building","name":"비산3동사무소","address":"경기도 안양시 동안구 비산동 318-79","source":"경기도 안양시_공공건축물현황(공공데이터포털 15114534)","asof":"2026-06-30","area":"583.22","acquired":"1991-12-24"},"geometry":{"type":"Point","coordinates":[126.944918,37.404458]}},{"type":"Feature","properties":{"kind":"public_building","name":"비산3동 행정복지센터(신축)","address":"경기도 안양시 동안구 평촌대로 389","source":"경기도 안양시_공공건축물현황(공공데이터포털 15114534)","asof":"2026-06-30","area":"2903.93","acquired":"2018-11-29"},"geometry":{"type":"Point","coordinates":[126.948489,37.404175]}},{"type":"Feature","properties":{"kind":"public_building","name":"비산1동 행정복지센터","address":"경기도 안양시 동안구 비산로 12","source":"경기도 안양시_공공건축물현황(공공데이터포털 15114534)","asof":"2026-06-30","area":"3585","acquired":"2021-02-28"},"geometry":{"type":"Point","coordinates":[126.933738,37.399786]}},{"type":"Feature","properties":{"kind":"public_building","name":"비산 도서관","address":"경기도 안양시 동안구 관악대로 123","source":"경기도 안양시_공공건축물현황(공공데이터포털 15114534)","asof":"2026-06-30","area":"3244.07","acquired":"2010-07-27"},"geometry":{"type":"Point","coordinates":[126.937651,37.399111]}},{"type":"Feature","properties":{"kind":"public_building","name":"부흥동사무소","address":"경기도 안양시 동안구 달안로 28","source":"경기도 안양시_공공건축물현황(공공데이터포털 15114534)","asof":"2026-06-30","area":"947.18","acquired":"1992-05-18"},"geometry":{"type":"Point","coordinates":[126.947191,37.39375]}},{"type":"Feature","properties":{"kind":"public_building","name":"부흥놀이터화장실","address":"경기도 안양시 동안구 비산동 1103-3","source":"경기도 안양시_공공건축물현황(공공데이터포털 15114534)","asof":"2026-06-30","area":"12.96","acquired":"1995-02-28"},"geometry":{"type":"Point","coordinates":[126.947592,37.393417]}},{"type":"Feature","properties":{"kind":"public_building","name":"부림제2경로당","address":"경기도 안양시 동안구 관악대로418번길 19-6","source":"경기도 안양시_공공건축물현황(공공데이터포털 15114534)","asof":"2026-06-30","area":"166.8","acquired":"1993-06-26"},"geometry":{"type":"Point","coordinates":[126.96987,37.403636]}},{"type":"Feature","properties":{"kind":"public_building","name":"부림동사무소","address":"경기도 안양시 동안구 달안로 154","source":"경기도 안양시_공공건축물현황(공공데이터포털 15114534)","asof":"2026-06-30","area":"1153.29","acquired":"1992-12-30"},"geometry":{"type":"Point","coordinates":[126.959461,37.398733]}},{"type":"Feature","properties":{"kind":"public_building","name":"부림경로당","address":"경기도 안양시 동안구 일동로 204","source":"경기도 안양시_공공건축물현황(공공데이터포털 15114534)","asof":"2026-06-30","area":"160.29","acquired":"1999-06-16"},"geometry":{"type":"Point","coordinates":[126.96817,37.405745]}},{"type":"Feature","properties":{"kind":"public_building","name":"봉수경로당","address":"경기도 안양시 만안구 성결대학로64번길 4-3","source":"경기도 안양시_공공건축물현황(공공데이터포털 15114534)","asof":"2026-06-30","area":"162.68","acquired":"1998-07-30"},"geometry":{"type":"Point","coordinates":[126.927714,37.381092]}},{"type":"Feature","properties":{"kind":"public_building","name":"본관동","address":"경기도 안양시 만안구 안양로 175","source":"경기도 안양시_공공건축물현황(공공데이터포털 15114534)","asof":"2026-06-30","area":"3010.57","acquired":"2018-01-31"},"geometry":{"type":"Point","coordinates":[126.927186,37.389905]}},{"type":"Feature","properties":{"kind":"public_building","name":"보훈회관","address":"경기도 안양시 동안구 동안로 155","source":"경기도 안양시_공공건축물현황(공공데이터포털 15114534)","asof":"2026-06-30","area":"1109.13","acquired":"1995-03-06"},"geometry":{"type":"Point","coordinates":[126.949934,37.392118]}},{"type":"Feature","properties":{"kind":"public_building","name":"보일러실","address":"경기도 안양시 만안구 안양로 175","source":"경기도 안양시_공공건축물현황(공공데이터포털 15114534)","asof":"2026-06-30","area":"160.27","acquired":"2018-01-31"},"geometry":{"type":"Point","coordinates":[126.927186,37.389905]}},{"type":"Feature","properties":{"kind":"public_building","name":"병목안시민공원 관리사무소","address":"경기도 안양시 만안구 병목안로 215","source":"경기도 안양시_공공건축물현황(공공데이터포털 15114534)","asof":"2026-06-30","area":"254.61","acquired":"2006-05-23"},"geometry":{"type":"Point","coordinates":[126.907689,37.385294]}},{"type":"Feature","properties":{"kind":"public_building","name":"병리해부실","address":"경기도 안양시 만안구 안양로 175","source":"경기도 안양시_공공건축물현황(공공데이터포털 15114534)","asof":"2026-06-30","area":"432.72","acquired":"2018-01-31"},"geometry":{"type":"Point","coordinates":[126.927186,37.389905]}},{"type":"Feature","properties":{"kind":"public_building","name":"병리연구동","address":"경기도 안양시 만안구 안양로 175","source":"경기도 안양시_공공건축물현황(공공데이터포털 15114534)","asof":"2026-06-30","area":"1273.69","acquired":"2018-01-31"},"geometry":{"type":"Point","coordinates":[126.927186,37.389905]}},{"type":"Feature","properties":{"kind":"public_building","name":"범계소방파출소","address":"경기도 안양시 동안구 평촌대로211번길 56","source":"경기도 안양시_공공건축물현황(공공데이터포털 15114534)","asof":"2026-06-30","area":"520.19","acquired":"1992-06-05"},"geometry":{"type":"Point","coordinates":[126.952951,37.38966]}},{"type":"Feature","properties":{"kind":"public_building","name":"범계동사무소","address":"경기도 안양시 동안구 평촌대로217번길 63","source":"경기도 안양시_공공건축물현황(공공데이터포털 15114534)","asof":"2026-06-30","area":"675.76","acquired":"1992-05-26"},"geometry":{"type":"Point","coordinates":[126.952513,37.389762]}},{"type":"Feature","properties":{"kind":"public_building","name":"범계놀이터화장실","address":"경기도 안양시 동안구 호계동 1053-5","source":"경기도 안양시_공공건축물현황(공공데이터포털 15114534)","asof":"2026-06-30","area":"12.96","acquired":"1995-02-26"},"geometry":{"type":"Point","coordinates":[126.951521,37.386611]}},{"type":"Feature","properties":{"kind":"public_building","name":"벌말도서관","address":"경기도 안양시 동안구 흥안대로434번길 19-27","source":"경기도 안양시_공공건축물현황(공공데이터포털 15114534)","asof":"2026-06-30","area":"752.92","acquired":"2004-03-04"},"geometry":{"type":"Point","coordinates":[126.976463,37.393796]}},{"type":"Feature","properties":{"kind":"public_building","name":"박달하수처리장 초침상옥-6","address":"경기도 안양시 만안구 석천로 1","source":"경기도 안양시_공공건축물현황(공공데이터포털 15114534)","asof":"2026-06-30","area":"14.4","acquired":"2008-02-01"},"geometry":{"type":"Point","coordinates":[126.888708,37.414395]}},{"type":"Feature","properties":{"kind":"public_building","name":"박달하수처리장 초침상옥-5","address":"경기도 안양시 만안구 석천로 1","source":"경기도 안양시_공공건축물현황(공공데이터포털 15114534)","asof":"2026-06-30","area":"17.4","acquired":"2008-02-01"},"geometry":{"type":"Point","coordinates":[126.888708,37.414395]}},{"type":"Feature","properties":{"kind":"public_building","name":"박달하수처리장 초침상옥-4","address":"경기도 안양시 만안구 석천로 1","source":"경기도 안양시_공공건축물현황(공공데이터포털 15114534)","asof":"2026-06-30","area":"17.4","acquired":"2008-02-01"},"geometry":{"type":"Point","coordinates":[126.888708,37.414395]}},{"type":"Feature","properties":{"kind":"public_building","name":"박달하수처리장 정화조오니투입동","address":"경기도 안양시 만안구 석천로 1","source":"경기도 안양시_공공건축물현황(공공데이터포털 15114534)","asof":"2026-06-30","area":"486","acquired":"2008-02-01"},"geometry":{"type":"Point","coordinates":[126.888708,37.414395]}},{"type":"Feature","properties":{"kind":"public_building","name":"박달하수처리장 유입펌프동","address":"경기도 안양시 만안구 석천로 1","source":"경기도 안양시_공공건축물현황(공공데이터포털 15114534)","asof":"2026-06-30","area":"707","acquired":"2008-02-01"},"geometry":{"type":"Point","coordinates":[126.888708,37.414395]}},{"type":"Feature","properties":{"kind":"public_building","name":"박달하수처리장 염소주입여과동-2","address":"경기도 안양시 만안구 석천로 1","source":"경기도 안양시_공공건축물현황(공공데이터포털 15114534)","asof":"2026-06-30","area":"811","acquired":"2008-02-01"},"geometry":{"type":"Point","coordinates":[126.888708,37.414395]}},{"type":"Feature","properties":{"kind":"public_building","name":"박달하수처리장 슬러지탈수기동-2","address":"경기도 안양시 만안구 석천로 1","source":"경기도 안양시_공공건축물현황(공공데이터포털 15114534)","asof":"2026-06-30","area":"1063","acquired":"2008-02-01"},"geometry":{"type":"Point","coordinates":[126.888708,37.414395]}},{"type":"Feature","properties":{"kind":"public_building","name":"박달하수처리장 슬러지탈수기동-1","address":"경기도 안양시 만안구 석천로 1","source":"경기도 안양시_공공건축물현황(공공데이터포털 15114534)","asof":"2026-06-30","area":"1625.1","acquired":"2008-02-01"},"geometry":{"type":"Point","coordinates":[126.888708,37.414395]}},{"type":"Feature","properties":{"kind":"public_building","name":"박달하수처리장 분배조-1","address":"경기도 안양시 만안구 석천로 1","source":"경기도 안양시_공공건축물현황(공공데이터포털 15114534)","asof":"2026-06-30","area":"7.6","acquired":"2008-02-01"},"geometry":{"type":"Point","coordinates":[126.888708,37.414395]}},{"type":"Feature","properties":{"kind":"public_building","name":"박달하수처리장 공동구상옥-2","address":"경기도 안양시 만안구 석천로 1","source":"경기도 안양시_공공건축물현황(공공데이터포털 15114534)","asof":"2026-06-30","area":"9.2","acquired":"2008-02-01"},"geometry":{"type":"Point","coordinates":[126.888708,37.414395]}},{"type":"Feature","properties":{"kind":"public_building","name":"박달하수처리장 공동구상옥-1","address":"경기도 안양시 만안구 석천로 1","source":"경기도 안양시_공공건축물현황(공공데이터포털 15114534)","asof":"2026-06-30","area":"9.2","acquired":"2008-02-01"},"geometry":{"type":"Point","coordinates":[126.888708,37.414395]}},{"type":"Feature","properties":{"kind":"public_building","name":"박달하수처리장 공기송풍기동-2","address":"경기도 안양시 만안구 석천로 1","source":"경기도 안양시_공공건축물현황(공공데이터포털 15114534)","asof":"2026-06-30","area":"1080","acquired":"2008-02-01"},"geometry":{"type":"Point","coordinates":[126.888708,37.414395]}},{"type":"Feature","properties":{"kind":"public_building","name":"박달하수처리장 가스송풍기동-2","address":"경기도 안양시 만안구 석천로 1","source":"경기도 안양시_공공건축물현황(공공데이터포털 15114534)","asof":"2026-06-30","area":"364.5","acquired":"2008-02-01"},"geometry":{"type":"Point","coordinates":[126.888708,37.414395]}},{"type":"Feature","properties":{"kind":"public_building","name":"박달하수처리장 가스송풍기동-1","address":"경기도 안양시 만안구 석천로 1","source":"경기도 안양시_공공건축물현황(공공데이터포털 15114534)","asof":"2026-06-30","area":"324","acquired":"2008-02-01"},"geometry":{"type":"Point","coordinates":[126.888708,37.414395]}},{"type":"Feature","properties":{"kind":"public_building","name":"박달하수처리장  분배조-2","address":"경기도 안양시 만안구 석천로 1","source":"경기도 안양시_공공건축물현황(공공데이터포털 15114534)","asof":"2026-06-30","area":"7.2","acquired":"2008-02-01"},"geometry":{"type":"Point","coordinates":[126.888708,37.414395]}},{"type":"Feature","properties":{"kind":"public_building","name":"박달시장공중화장실","address":"경기도 안양시 만안구 양화로 132-3","source":"경기도 안양시_공공건축물현황(공공데이터포털 15114534)","asof":"2026-06-30","area":"106.36","acquired":"2004-05-28"},"geometry":{"type":"Point","coordinates":[126.909618,37.404648]}},{"type":"Feature","properties":{"kind":"public_building","name":"박달복합청사","address":"경기도 안양시 만안구 박달동 141-2","source":"경기도 안양시_공공건축물현황(공공데이터포털 15114534)","asof":"2026-06-30","area":"12298.47","acquired":"2020-07-31"},"geometry":{"type":"Point","coordinates":[126.904629,37.401961]}},{"type":"Feature","properties":{"kind":"public_building","name":"박달보건지소","address":"경기도 안양시 만안구 양화로 114","source":"경기도 안양시_공공건축물현황(공공데이터포털 15114534)","asof":"2026-06-30","area":"332.24","acquired":"1976-07-15"},"geometry":{"type":"Point","coordinates":[126.910487,37.40296]}},{"type":"Feature","properties":{"kind":"public_building","name":"박달도서관","address":"경기도 안양시 만안구 박달로 459","source":"경기도 안양시_공공건축물현황(공공데이터포털 15114534)","asof":"2026-06-30","area":"2504.03","acquired":"2006-02-15"},"geometry":{"type":"Point","coordinates":[126.903624,37.402535]}},{"type":"Feature","properties":{"kind":"public_building","name":"박달2동 행정복지센터","address":"경기도 안양시 만안구 박달로 440","source":"경기도 안양시_공공건축물현황(공공데이터포털 15114534)","asof":"2026-06-30","area":"1011.23","acquired":"1995-07-19"},"geometry":{"type":"Point","coordinates":[126.901457,37.401776]}},{"type":"Feature","properties":{"kind":"public_building","name":"박달2동 해당화경로당","address":"경기도 안양시 만안구 삼봉로19번길 13-6","source":"경기도 안양시_공공건축물현황(공공데이터포털 15114534)","asof":"2026-06-30","area":"185.4","acquired":"2018-11-30"},"geometry":{"type":"Point","coordinates":[126.90427,37.40047]}},{"type":"Feature","properties":{"kind":"public_building","name":"박달2동 다목적복지회관","address":"경기도 안양시 만안구 박달로472번길 46","source":"경기도 안양시_공공건축물현황(공공데이터포털 15114534)","asof":"2026-06-30","area":"1421.75","acquired":"1999-05-17"},"geometry":{"type":"Point","coordinates":[126.903128,37.401716]}},{"type":"Feature","properties":{"kind":"public_building","name":"박달1동 행정복지센터","address":"경기도 안양시 만안구 양화로127번길 9","source":"경기도 안양시_공공건축물현황(공공데이터포털 15114534)","asof":"2026-06-30","area":"2189.04","acquired":"1997-11-05"},"geometry":{"type":"Point","coordinates":[126.909165,37.403667]}},{"type":"Feature","properties":{"kind":"public_building","name":"박달1동 경로당","address":"경기도 안양시 만안구 박달로507번길 30","source":"경기도 안양시_공공건축물현황(공공데이터포털 15114534)","asof":"2026-06-30","area":"237.92","acquired":"1998-01-20"},"geometry":{"type":"Point","coordinates":[126.9087,37.403934]}},{"type":"Feature","properties":{"kind":"public_building","name":"바이러스연구동","address":"경기도 안양시 만안구 안양로 175","source":"경기도 안양시_공공건축물현황(공공데이터포털 15114534)","asof":"2026-06-30","area":"1038.44","acquired":"2018-01-31"},"geometry":{"type":"Point","coordinates":[126.927186,37.389905]}},{"type":"Feature","properties":{"kind":"public_building","name":"민백어린이공원화장실","address":"경기도 안양시 동안구 평촌동 933-2","source":"경기도 안양시_공공건축물현황(공공데이터포털 15114534)","asof":"2026-06-30","area":"12.96","acquired":"1995-02-28"},"geometry":{"type":"Point","coordinates":[126.970162,37.385514]}},{"type":"Feature","properties":{"kind":"public_building","name":"민백놀이터화장실","address":"경기도 안양시 동안구 평촌동 927","source":"경기도 안양시_공공건축물현황(공공데이터포털 15114534)","asof":"2026-06-30","area":"12.96","acquired":"1995-02-28"},"geometry":{"type":"Point","coordinates":[126.963522,37.382439]}},{"type":"Feature","properties":{"kind":"public_building","name":"민백경로당","address":"경기도 안양시 동안구 흥안대로362번길 25","source":"경기도 안양시_공공건축물현황(공공데이터포털 15114534)","asof":"2026-06-30","area":"123.84","acquired":"2000-11-21"},"geometry":{"type":"Point","coordinates":[126.973908,37.387243]}},{"type":"Feature","properties":{"kind":"public_building","name":"미륭아파트","address":"경기도 안양시 동안구 비산동 406 미륭(아) 1동 308호","source":"경기도 안양시_공공건축물현황(공공데이터포털 15114534)","asof":"2026-06-30","area":"88","acquired":"1999-10-25"},"geometry":{"type":"Point","coordinates":[126.94311,37.398463]}},{"type":"Feature","properties":{"kind":"public_building","name":"미관광장남자화장실실","address":"경기도 안양시 동안구 시민대로 지하 238","source":"경기도 안양시_공공건축물현황(공공데이터포털 15114534)","asof":"2026-06-30","area":"13.2","acquired":"1997-12-31"},"geometry":{"type":"Point","coordinates":[126.944941,37.386106]}},{"type":"Feature","properties":{"kind":"public_building","name":"미관광장3호관리사무실","address":"경기도 안양시 동안구 시민대로 지하 238","source":"경기도 안양시_공공건축물현황(공공데이터포털 15114534)","asof":"2026-06-30","area":"41","acquired":"1995-12-22"},"geometry":{"type":"Point","coordinates":[126.944941,37.386106]}},{"type":"Feature","properties":{"kind":"public_building","name":"미관광장 여자화장실","address":"경기도 안양시 동안구 시민대로 지하 238","source":"경기도 안양시_공공건축물현황(공공데이터포털 15114534)","asof":"2026-06-30","area":"13.2","acquired":"2000-12-31"},"geometry":{"type":"Point","coordinates":[126.944941,37.386106]}},{"type":"Feature","properties":{"kind":"public_building","name":"문화누리관","address":"경기도 안양시 만안구 예술공원로103번길 4","source":"경기도 안양시_공공건축물현황(공공데이터포털 15114534)","asof":"2026-06-30","area":"2394.16","acquired":"2013-10-31"},"geometry":{"type":"Point","coordinates":[126.917506,37.418989]}},{"type":"Feature","properties":{"kind":"public_building","name":"무궁화놀이터화장실","address":"경기도 안양시 동안구 호계동 1061","source":"경기도 안양시_공공건축물현황(공공데이터포털 15114534)","asof":"2026-06-30","area":"33.21","acquired":"1995-02-28"},"geometry":{"type":"Point","coordinates":[126.95828,37.382639]}},{"type":"Feature","properties":{"kind":"public_building","name":"명학배수지발전실","address":"경기도 안양시 만안구 성결대학로51번길 38","source":"경기도 안양시_공공건축물현황(공공데이터포털 15114534)","asof":"2026-06-30","area":"34","acquired":"1990-11-23"},"geometry":{"type":"Point","coordinates":[126.930049,37.379944]}},{"type":"Feature","properties":{"kind":"public_building","name":"명학배수지관사및창고","address":"경기도 안양시 만안구 성결대학로51번길 38","source":"경기도 안양시_공공건축물현황(공공데이터포털 15114534)","asof":"2026-06-30","area":"240.66","acquired":"1995-11-24"},"geometry":{"type":"Point","coordinates":[126.930049,37.379944]}},{"type":"Feature","properties":{"kind":"public_building","name":"명학배수지D동","address":"경기도 안양시 만안구 성결대학로51번길 38","source":"경기도 안양시_공공건축물현황(공공데이터포털 15114534)","asof":"2026-06-30","area":"109.2","acquired":"1990-11-23"},"geometry":{"type":"Point","coordinates":[126.930049,37.379944]}},{"type":"Feature","properties":{"kind":"public_building","name":"명학배수지C동","address":"경기도 안양시 만안구 성결대학로51번길 38","source":"경기도 안양시_공공건축물현황(공공데이터포털 15114534)","asof":"2026-06-30","area":"87.57","acquired":"1990-11-23"},"geometry":{"type":"Point","coordinates":[126.930049,37.379944]}},{"type":"Feature","properties":{"kind":"public_building","name":"면역연구동(D형)","address":"경기도 안양시 만안구 안양로 175","source":"경기도 안양시_공공건축물현황(공공데이터포털 15114534)","asof":"2026-06-30","area":"71.25","acquired":"2018-01-31"},"geometry":{"type":"Point","coordinates":[126.927186,37.389905]}},{"type":"Feature","properties":{"kind":"public_building","name":"면역연구동(B형)","address":"경기도 안양시 만안구 안양로 175","source":"경기도 안양시_공공건축물현황(공공데이터포털 15114534)","asof":"2026-06-30","area":"76.77","acquired":"2018-01-31"},"geometry":{"type":"Point","coordinates":[126.927186,37.389905]}},{"type":"Feature","properties":{"kind":"public_building","name":"매곡어린이집","address":"경기도 안양시 동안구 비산동 318-79","source":"경기도 안양시_공공건축물현황(공공데이터포털 15114534)","asof":"2026-06-30","area":"691.81","acquired":"2020-05-04"},"geometry":{"type":"Point","coordinates":[126.944918,37.404458]}},{"type":"Feature","properties":{"kind":"public_building","name":"만안택시쉼터","address":"경기도 안양시 만안구 병목안로 251-30","source":"경기도 안양시_공공건축물현황(공공데이터포털 15114534)","asof":"2026-06-30","area":"165","acquired":"2018-07-12"},"geometry":{"type":"Point","coordinates":[126.907203,37.381825]}},{"type":"Feature","properties":{"kind":"public_building","name":"만안청소년수련관","address":"경기도 안양시 만안구 안양동 462-4 외 21필지","source":"경기도 안양시_공공건축물현황(공공데이터포털 15114534)","asof":"2026-06-30","area":"13636.6","acquired":"2008-10-28"},"geometry":{"type":"Point","coordinates":[126.926848,37.382513]}},{"type":"Feature","properties":{"kind":"public_building","name":"만안종합사회복지관","address":"경기도 안양시 만안구 박달로 547-1","source":"경기도 안양시_공공건축물현황(공공데이터포털 15114534)","asof":"2026-06-30","area":"1675.9","acquired":"2016-03-31"},"geometry":{"type":"Point","coordinates":[126.913605,37.402959]}},{"type":"Feature","properties":{"kind":"public_building","name":"만안여성회관","address":"경기도 안양시 만안구 냉천로 39","source":"경기도 안양시_공공건축물현황(공공데이터포털 15114534)","asof":"2026-06-30","area":"6097.2","acquired":"1989-10-11"},"geometry":{"type":"Point","coordinates":[126.926998,37.384947]}},{"type":"Feature","properties":{"kind":"public_building","name":"만안벤처센터","address":"경기도 안양시 만안구 안양로138번길 5","source":"경기도 안양시_공공건축물현황(공공데이터포털 15114534)","asof":"2026-06-30","area":"1510.43","acquired":"1982-08-21"},"geometry":{"type":"Point","coordinates":[126.931874,37.387006]}},{"type":"Feature","properties":{"kind":"public_building","name":"만안도서관","address":"경기도 안양시 만안구 냉천로 51","source":"경기도 안양시_공공건축물현황(공공데이터포털 15114534)","asof":"2026-06-30","area":"4190.27","acquired":"1992-07-20"},"geometry":{"type":"Point","coordinates":[126.926084,37.386103]}},{"type":"Feature","properties":{"kind":"public_building","name":"만안노인복지회관","address":"경기도 안양시 만안구 냉천로153번길 15","source":"경기도 안양시_공공건축물현황(공공데이터포털 15114534)","asof":"2026-06-30","area":"2401.95","acquired":"1997-11-22"},"geometry":{"type":"Point","coordinates":[126.921657,37.39375]}},{"type":"Feature","properties":{"kind":"public_building","name":"만안구청어린이집","address":"경기도 안양시 만안구 냉천로 39","source":"경기도 안양시_공공건축물현황(공공데이터포털 15114534)","asof":"2026-06-30","area":"258.79","acquired":"2018-02-05"},"geometry":{"type":"Point","coordinates":[126.926998,37.384947]}},{"type":"Feature","properties":{"kind":"public_building","name":"만안구청 H동","address":"경기도 안양시 만안구 안양동 530 만안구청","source":"경기도 안양시_공공건축물현황(공공데이터포털 15114534)","asof":"2026-06-30","area":"34.93","acquired":"2007-11-19"},"geometry":{"type":"Point","coordinates":[126.932455,37.386625]}},{"type":"Feature","properties":{"kind":"public_building","name":"만안구청 G동","address":"경기도 안양시 만안구 안양동 530 만안구청","source":"경기도 안양시_공공건축물현황(공공데이터포털 15114534)","asof":"2026-06-30","area":"49.44","acquired":"2003-01-13"},"geometry":{"type":"Point","coordinates":[126.932455,37.386625]}},{"type":"Feature","properties":{"kind":"public_building","name":"만안구청 F동","address":"경기도 안양시 만안구 안양동 530 만안구청","source":"경기도 안양시_공공건축물현황(공공데이터포털 15114534)","asof":"2026-06-30","area":"35.5","acquired":"2003-01-13"},"geometry":{"type":"Point","coordinates":[126.932455,37.386625]}},{"type":"Feature","properties":{"kind":"public_building","name":"만안구청 E동","address":"경기도 안양시 만안구 안양동 530 만안구청","source":"경기도 안양시_공공건축물현황(공공데이터포털 15114534)","asof":"2026-06-30","area":"55.72","acquired":"2003-01-13"},"geometry":{"type":"Point","coordinates":[126.932455,37.386625]}},{"type":"Feature","properties":{"kind":"public_building","name":"만안구청 D동","address":"경기도 안양시 만안구 안양동 530 만안구청","source":"경기도 안양시_공공건축물현황(공공데이터포털 15114534)","asof":"2026-06-30","area":"336","acquired":"1989-12-30"},"geometry":{"type":"Point","coordinates":[126.932455,37.386625]}},{"type":"Feature","properties":{"kind":"public_building","name":"만안구청 C동","address":"경기도 안양시 만안구 안양동 530 만안구청","source":"경기도 안양시_공공건축물현황(공공데이터포털 15114534)","asof":"2026-06-30","area":"55","acquired":"1977-02-05"},"geometry":{"type":"Point","coordinates":[126.932455,37.386625]}},{"type":"Feature","properties":{"kind":"public_building","name":"만안구청 A동","address":"경기도 안양시 만안구 안양로 138","source":"경기도 안양시_공공건축물현황(공공데이터포털 15114534)","asof":"2026-06-30","area":"6989.18","acquired":"1975-06-30"},"geometry":{"type":"Point","coordinates":[126.931728,37.386843]}},{"type":"Feature","properties":{"kind":"public_building","name":"만안구보건소","address":"경기도 안양시 만안구 문예로 48","source":"경기도 안양시_공공건축물현황(공공데이터포털 15114534)","asof":"2026-06-30","area":"4837.33","acquired":"2000-04-25"},"geometry":{"type":"Point","coordinates":[126.932791,37.385897]}},{"type":"Feature","properties":{"kind":"public_building","name":"만안 배드민턴장(실내)","address":"경기도 안양시 만안구 안양동 58-3","source":"경기도 안양시_공공건축물현황(공공데이터포털 15114534)","asof":"2026-06-30","area":"777.15","acquired":"2009-11-22"},"geometry":{"type":"Point","coordinates":[126.918339,37.410262]}},{"type":"Feature","properties":{"kind":"public_building","name":"마분경로당","address":"경기도 안양시 동안구 관악대로339번길 52-20","source":"경기도 안양시_공공건축물현황(공공데이터포털 15114534)","asof":"2026-06-30","area":"249.75","acquired":"1990-10-19"},"geometry":{"type":"Point","coordinates":[126.96203,37.405436]}},{"type":"Feature","properties":{"kind":"public_building","name":"럭키어린이공원 화장실","address":"경기도 안양시 동안구 평촌동 897-6","source":"경기도 안양시_공공건축물현황(공공데이터포털 15114534)","asof":"2026-06-30","area":"49.5","acquired":"2021-04-30"},"geometry":{"type":"Point","coordinates":[126.968945,37.390663]}},{"type":"Feature","properties":{"kind":"public_building","name":"동편마을 지하주차장","address":"경기도 안양시 동안구 관양동 1709","source":"경기도 안양시_공공건축물현황(공공데이터포털 15114534)","asof":"2026-06-30","area":"5346.17","acquired":"2013-07-31"},"geometry":{"type":"Point","coordinates":[126.972765,37.408255]}},{"type":"Feature","properties":{"kind":"public_building","name":"동안치매안심센터","address":"경기도 안양시 동안구 관악대로 375","source":"경기도 안양시_공공건축물현황(공공데이터포털 15114534)","asof":"2026-06-30","area":"891.25","acquired":"2019-10-17"},"geometry":{"type":"Point","coordinates":[126.96453,37.40479]}},{"type":"Feature","properties":{"kind":"public_building","name":"동안여성회관","address":"경기도 안양시 동안구 동안로 155","source":"경기도 안양시_공공건축물현황(공공데이터포털 15114534)","asof":"2026-06-30","area":"6692.42","acquired":"1994-10-31"},"geometry":{"type":"Point","coordinates":[126.949934,37.392118]}},{"type":"Feature","properties":{"kind":"public_building","name":"동안놀이터화장실","address":"경기도 안양시 동안구 평촌동 898-5","source":"경기도 안양시_공공건축물현황(공공데이터포털 15114534)","asof":"2026-06-30","area":"12.96","acquired":"1995-02-28"},"geometry":{"type":"Point","coordinates":[126.965379,37.389661]}},{"type":"Feature","properties":{"kind":"public_building","name":"동안노인복지회관","address":"경기도 안양시 동안구 동안로 155","source":"경기도 안양시_공공건축물현황(공공데이터포털 15114534)","asof":"2026-06-30","area":"1937.24","acquired":"1993-12-27"},"geometry":{"type":"Point","coordinates":[126.949934,37.392118]}},{"type":"Feature","properties":{"kind":"public_building","name":"동안구청","address":"경기도 안양시 동안구 평촌대로253번길 41","source":"경기도 안양시_공공건축물현황(공공데이터포털 15114534)","asof":"2026-06-30","area":"12268.19","acquired":"1995-12-25"},"geometry":{"type":"Point","coordinates":[126.952115,37.393202]}},{"type":"Feature","properties":{"kind":"public_building","name":"동안구보건소","address":"경기도 안양시 동안구 평촌대로253번길 41","source":"경기도 안양시_공공건축물현황(공공데이터포털 15114534)","asof":"2026-06-30","area":"3017.71","acquired":"2005-05-21"},"geometry":{"type":"Point","coordinates":[126.952115,37.393202]}},{"type":"Feature","properties":{"kind":"public_building","name":"동안경로당","address":"경기도 안양시 동안구 관악대로330번길 9-16","source":"경기도 안양시_공공건축물현황(공공데이터포털 15114534)","asof":"2026-06-30","area":"96.72","acquired":"1993-03-24"},"geometry":{"type":"Point","coordinates":[126.960646,37.402902]}},{"type":"Feature","properties":{"kind":"public_building","name":"동비산경로당","address":"경기도 안양시 동안구 관악대로263번길 20","source":"경기도 안양시_공공건축물현황(공공데이터포털 15114534)","asof":"2026-06-30","area":"79.2","acquired":"2000-01-21"},"geometry":{"type":"Point","coordinates":[126.95206,37.40313]}},{"type":"Feature","properties":{"kind":"public_building","name":"동물관리실","address":"경기도 안양시 만안구 안양로 175","source":"경기도 안양시_공공건축물현황(공공데이터포털 15114534)","asof":"2026-06-30","area":"49.59","acquired":"2018-01-31"},"geometry":{"type":"Point","coordinates":[126.927186,37.389905]}},{"type":"Feature","properties":{"kind":"public_building","name":"동력동","address":"경기도 안양시 만안구 안양로 175","source":"경기도 안양시_공공건축물현황(공공데이터포털 15114534)","asof":"2026-06-30","area":"233.28","acquired":"2018-01-31"},"geometry":{"type":"Point","coordinates":[126.927186,37.389905]}},{"type":"Feature","properties":{"kind":"public_building","name":"도매시장동","address":"경기도 안양시 동안구 흥안대로 313","source":"경기도 안양시_공공건축물현황(공공데이터포털 15114534)","asof":"2026-06-30","area":"1138.5","acquired":"2000-03-14"},"geometry":{"type":"Point","coordinates":[126.967641,37.382009]}},{"type":"Feature","properties":{"kind":"public_building","name":"덕천어린이집","address":"경기도 안양시 만안구 덕천로 122-3","source":"경기도 안양시_공공건축물현황(공공데이터포털 15114534)","asof":"2026-06-30","area":"292.5","acquired":"1983-09-14"},"geometry":{"type":"Point","coordinates":[126.934595,37.391599]}},{"type":"Feature","properties":{"kind":"public_building","name":"대농경로당","address":"경기도 안양시 만안구 양화로72번길 9","source":"경기도 안양시_공공건축물현황(공공데이터포털 15114534)","asof":"2026-06-30","area":"103.97","acquired":"1978-08-26"},"geometry":{"type":"Point","coordinates":[126.913626,37.400116]}},{"type":"Feature","properties":{"kind":"public_building","name":"대교경로당","address":"경기도 안양시 만안구 박달로545번길 66-17","source":"경기도 안양시_공공건축물현황(공공데이터포털 15114534)","asof":"2026-06-30","area":"155.4","acquired":"2004-02-21"},"geometry":{"type":"Point","coordinates":[126.913408,37.406028]}},{"type":"Feature","properties":{"kind":"public_building","name":"달안동사무소","address":"경기도 안양시 동안구 달안로 65","source":"경기도 안양시_공공건축물현황(공공데이터포털 15114534)","asof":"2026-06-30","area":"1111.18","acquired":"1993-06-10"},"geometry":{"type":"Point","coordinates":[126.950184,37.396094]}},{"type":"Feature","properties":{"kind":"public_building","name":"달안놀이터화장실","address":"경기도 안양시 동안구 비산동 1109-2","source":"경기도 안양시_공공건축물현황(공공데이터포털 15114534)","asof":"2026-06-30","area":"12.96","acquired":"1995-02-28"},"geometry":{"type":"Point","coordinates":[126.951041,37.394642]}},{"type":"Feature","properties":{"kind":"public_building","name":"늘푸른경로당","address":"경기도 안양시 만안구 수리산로48번길 43","source":"경기도 안양시_공공건축물현황(공공데이터포털 15114534)","asof":"2026-06-30","area":"164.79","acquired":"1996-06-29"},"geometry":{"type":"Point","coordinates":[126.932906,37.387365]}},{"type":"Feature","properties":{"kind":"public_building","name":"뉴타운아파트","address":"경기도 안양시 동안구 비산동 354-10 삼호뉴타운아파트 5동 1203호","source":"경기도 안양시_공공건축물현황(공공데이터포털 15114534)","asof":"2026-06-30","area":"82","acquired":"1999-10-25"},"geometry":{"type":"Point","coordinates":[126.945087,37.402245]}},{"type":"Feature","properties":{"kind":"public_building","name":"노인종합복지관(신관)","address":"경기도 안양시 동안구 경수대로665번길 74-30","source":"경기도 안양시_공공건축물현황(공공데이터포털 15114534)","asof":"2026-06-30","area":"361.28","acquired":"2010-05-10"},"geometry":{"type":"Point","coordinates":[126.950955,37.379902]}},{"type":"Feature","properties":{"kind":"public_building","name":"노송경로당","address":"경기도 안양시 만안구 안양로139번길 15","source":"경기도 안양시_공공건축물현황(공공데이터포털 15114534)","asof":"2026-06-30","area":"156.24","acquired":"1993-08-27"},"geometry":{"type":"Point","coordinates":[126.930565,37.386386]}},{"type":"Feature","properties":{"kind":"public_building","name":"냉천놀이터주차장","address":"경기도 안양시 만안구 안양로263번길 31","source":"경기도 안양시_공공건축물현황(공공데이터포털 15114534)","asof":"2026-06-30","area":"3640.16","acquired":"2006-05-05"},"geometry":{"type":"Point","coordinates":[126.922041,37.395244]}},{"type":"Feature","properties":{"kind":"public_building","name":"냉동제빙동","address":"경기도 안양시 동안구 흥안대로 313","source":"경기도 안양시_공공건축물현황(공공데이터포털 15114534)","asof":"2026-06-30","area":"1197","acquired":"1997-03-25"},"geometry":{"type":"Point","coordinates":[126.967641,37.382009]}},{"type":"Feature","properties":{"kind":"public_building","name":"내비산경로당","address":"경기도 안양시 동안구 평촌대로411번길 26","source":"경기도 안양시_공공건축물현황(공공데이터포털 15114534)","asof":"2026-06-30","area":"192.87","acquired":"1997-07-07"},"geometry":{"type":"Point","coordinates":[126.949289,37.408026]}},{"type":"Feature","properties":{"kind":"public_building","name":"남부시장공중화장실","address":"경기도 안양시 만안구 장내로140번길 51","source":"경기도 안양시_공공건축물현황(공공데이터포털 15114534)","asof":"2026-06-30","area":"164.82","acquired":"2007-12-30"},"geometry":{"type":"Point","coordinates":[126.924954,37.395928]}},{"type":"Feature","properties":{"kind":"public_building","name":"남부경로당","address":"경기도 안양시 만안구 장내로150번길 78","source":"경기도 안양시_공공건축물현황(공공데이터포털 15114534)","asof":"2026-06-30","area":"129.96","acquired":"2002-08-02"},"geometry":{"type":"Point","coordinates":[126.926663,37.395418]}},{"type":"Feature","properties":{"kind":"public_building","name":"꿈마을놀이터화장실","address":"경기도 안양시 동안구 평촌동 932-3","source":"경기도 안양시_공공건축물현황(공공데이터포털 15114534)","asof":"2026-06-30","area":"12.96","acquired":"1995-02-28"},"geometry":{"type":"Point","coordinates":[126.966916,37.385748]}},{"type":"Feature","properties":{"kind":"public_building","name":"김중업관 부속동(문화지킴소)","address":"경기도 안양시 만안구 예술공원로103번길 4","source":"경기도 안양시_공공건축물현황(공공데이터포털 15114534)","asof":"2026-06-30","area":"28.83","acquired":"2013-10-31"},"geometry":{"type":"Point","coordinates":[126.917506,37.418989]}},{"type":"Feature","properties":{"kind":"public_building","name":"김중업관 부속동(공연준비실)","address":"경기도 안양시 만안구 예술공원로103번길 4","source":"경기도 안양시_공공건축물현황(공공데이터포털 15114534)","asof":"2026-06-30","area":"100.46","acquired":"2013-10-31"},"geometry":{"type":"Point","coordinates":[126.917506,37.418989]}},{"type":"Feature","properties":{"kind":"public_building","name":"김중업관 부속동","address":"경기도 안양시 만안구 예술공원로103번길 4","source":"경기도 안양시_공공건축물현황(공공데이터포털 15114534)","asof":"2026-06-30","area":"43.3","acquired":"2013-10-31"},"geometry":{"type":"Point","coordinates":[126.917506,37.418989]}},{"type":"Feature","properties":{"kind":"public_building","name":"김중업관","address":"경기도 안양시 만안구 예술공원로103번길 4","source":"경기도 안양시_공공건축물현황(공공데이터포털 15114534)","asof":"2026-06-30","area":"593.72","acquired":"2013-10-31"},"geometry":{"type":"Point","coordinates":[126.917506,37.418989]}},{"type":"Feature","properties":{"kind":"public_building","name":"금정역2차에스케이브1타워","address":"경기도 안양시 동안구 호계동 555-2","source":"경기도 안양시_공공건축물현황(공공데이터포털 15114534)","asof":"2026-06-30","area":"72915.77","acquired":"2023-02-06"},"geometry":{"type":"Point","coordinates":[126.947661,37.373646]}},{"type":"Feature","properties":{"kind":"public_building","name":"근린생활시설","address":"경기도 안양시 만안구 양화로151번길 49","source":"경기도 안양시_공공건축물현황(공공데이터포털 15114534)","asof":"2026-06-30","area":"45","acquired":"1999-12-09"},"geometry":{"type":"Point","coordinates":[126.90665,37.406259]}},{"type":"Feature","properties":{"kind":"public_building","name":"귀인동주민센터 별관","address":"경기도 안양시 동안구 부림로 14","source":"경기도 안양시_공공건축물현황(공공데이터포털 15114534)","asof":"2026-06-30","area":"1198.44","acquired":"2018-01-01"},"geometry":{"type":"Point","coordinates":[126.969503,37.385274]}},{"type":"Feature","properties":{"kind":"public_building","name":"귀인동사무소","address":"경기도 안양시 동안구 부림로 16","source":"경기도 안양시_공공건축물현황(공공데이터포털 15114534)","asof":"2026-06-30","area":"940.07","acquired":"1994-04-09"},"geometry":{"type":"Point","coordinates":[126.969503,37.385516]}},{"type":"Feature","properties":{"kind":"public_building","name":"귀인경로당","address":"경기도 안양시 동안구 귀인로190번길 142","source":"경기도 안양시_공공건축물현황(공공데이터포털 15114534)","asof":"2026-06-30","area":"170.1","acquired":"1996-03-23"},"geometry":{"type":"Point","coordinates":[126.961859,37.384509]}},{"type":"Feature","properties":{"kind":"public_building","name":"구장터경로당","address":"경기도 안양시 동안구 흥안대로94번길 23","source":"경기도 안양시_공공건축물현황(공공데이터포털 15114534)","asof":"2026-06-30","area":"702.13","acquired":"1997-05-28"},"geometry":{"type":"Point","coordinates":[126.956056,37.368475]}},{"type":"Feature","properties":{"kind":"public_building","name":"관양어린이집","address":"경기도 안양시 동안구 일동로200번길 33","source":"경기도 안양시_공공건축물현황(공공데이터포털 15114534)","asof":"2026-06-30","area":"412.78","acquired":"1992-12-28"},"geometry":{"type":"Point","coordinates":[126.966407,37.405594]}},{"type":"Feature","properties":{"kind":"public_building","name":"관양시장 공중화장실","address":"경기도 안양시 동안구 관평로336번길 31","source":"경기도 안양시_공공건축물현황(공공데이터포털 15114534)","asof":"2026-06-30","area":"494.16","acquired":"2009-04-24"},"geometry":{"type":"Point","coordinates":[126.95931,37.405224]}},{"type":"Feature","properties":{"kind":"public_building","name":"관양배수지관리사택","address":"경기도 안양시 동안구 관양동 1757-1","source":"경기도 안양시_공공건축물현황(공공데이터포털 15114534)","asof":"2026-06-30","area":"44.37","acquired":"1994-07-30"},"geometry":{"type":"Point","coordinates":[126.954744,37.409419]}},{"type":"Feature","properties":{"kind":"public_building","name":"관양두산벤처다임","address":"경기도 안양시 동안구 학의로 250","source":"경기도 안양시_공공건축물현황(공공데이터포털 15114534)","asof":"2026-06-30","area":"519.95","acquired":"2007-12-28"},"geometry":{"type":"Point","coordinates":[126.966741,37.401898]}},{"type":"Feature","properties":{"kind":"public_building","name":"관양두산벤처다임","address":"경기도 안양시 동안구 학의로 250","source":"경기도 안양시_공공건축물현황(공공데이터포털 15114534)","asof":"2026-06-30","area":"519.95","acquired":"2007-12-28"},"geometry":{"type":"Point","coordinates":[126.966741,37.401898]}},{"type":"Feature","properties":{"kind":"public_building","name":"관양두산벤처다임","address":"경기도 안양시 동안구 학의로 250","source":"경기도 안양시_공공건축물현황(공공데이터포털 15114534)","asof":"2026-06-30","area":"477.69","acquired":"2007-12-28"},"geometry":{"type":"Point","coordinates":[126.966741,37.401898]}},{"type":"Feature","properties":{"kind":"public_building","name":"관양두산벤처다임","address":"경기도 안양시 동안구 학의로 250","source":"경기도 안양시_공공건축물현황(공공데이터포털 15114534)","asof":"2026-06-30","area":"477.69","acquired":"2007-12-28"},"geometry":{"type":"Point","coordinates":[126.966741,37.401898]}},{"type":"Feature","properties":{"kind":"public_building","name":"관양두산벤처다임","address":"경기도 안양시 동안구 학의로 250","source":"경기도 안양시_공공건축물현황(공공데이터포털 15114534)","asof":"2026-06-30","area":"244.19","acquired":"2007-12-28"},"geometry":{"type":"Point","coordinates":[126.966741,37.401898]}},{"type":"Feature","properties":{"kind":"public_building","name":"관양두산벤처다임","address":"경기도 안양시 동안구 학의로 250","source":"경기도 안양시_공공건축물현황(공공데이터포털 15114534)","asof":"2026-06-30","area":"244.19","acquired":"2007-12-28"},"geometry":{"type":"Point","coordinates":[126.966741,37.401898]}},{"type":"Feature","properties":{"kind":"public_building","name":"관양두산벤처다임","address":"경기도 안양시 동안구 학의로 250","source":"경기도 안양시_공공건축물현황(공공데이터포털 15114534)","asof":"2026-06-30","area":"244.19","acquired":"2007-12-28"},"geometry":{"type":"Point","coordinates":[126.966741,37.401898]}},{"type":"Feature","properties":{"kind":"public_building","name":"관양두산벤처다임","address":"경기도 안양시 동안구 학의로 250","source":"경기도 안양시_공공건축물현황(공공데이터포털 15114534)","asof":"2026-06-30","area":"244.19","acquired":"2007-12-28"},"geometry":{"type":"Point","coordinates":[126.966741,37.401898]}},{"type":"Feature","properties":{"kind":"public_building","name":"관양두산벤처다임","address":"경기도 안양시 동안구 학의로 250","source":"경기도 안양시_공공건축물현황(공공데이터포털 15114534)","asof":"2026-06-30","area":"232.81","acquired":"2007-12-28"},"geometry":{"type":"Point","coordinates":[126.966741,37.401898]}},{"type":"Feature","properties":{"kind":"public_building","name":"관양두산벤처다임","address":"경기도 안양시 동안구 학의로 250","source":"경기도 안양시_공공건축물현황(공공데이터포털 15114534)","asof":"2026-06-30","area":"232.81","acquired":"2007-12-28"},"geometry":{"type":"Point","coordinates":[126.966741,37.401898]}},{"type":"Feature","properties":{"kind":"public_building","name":"관양두산벤처다임","address":"경기도 안양시 동안구 학의로 250","source":"경기도 안양시_공공건축물현황(공공데이터포털 15114534)","asof":"2026-06-30","area":"232.81","acquired":"2007-12-28"},"geometry":{"type":"Point","coordinates":[126.966741,37.401898]}},{"type":"Feature","properties":{"kind":"public_building","name":"관양두산벤처다임","address":"경기도 안양시 동안구 학의로 250","source":"경기도 안양시_공공건축물현황(공공데이터포털 15114534)","asof":"2026-06-30","area":"232.81","acquired":"2007-12-28"},"geometry":{"type":"Point","coordinates":[126.966741,37.401898]}},{"type":"Feature","properties":{"kind":"public_building","name":"관양두산벤처다임","address":"경기도 안양시 동안구 학의로 250","source":"경기도 안양시_공공건축물현황(공공데이터포털 15114534)","asof":"2026-06-30","area":"232.81","acquired":"2007-12-28"},"geometry":{"type":"Point","coordinates":[126.966741,37.401898]}},{"type":"Feature","properties":{"kind":"public_building","name":"관양두산벤처다임","address":"경기도 안양시 동안구 학의로 250","source":"경기도 안양시_공공건축물현황(공공데이터포털 15114534)","asof":"2026-06-30","area":"232.81","acquired":"2007-12-28"},"geometry":{"type":"Point","coordinates":[126.966741,37.401898]}},{"type":"Feature","properties":{"kind":"public_building","name":"관양두산벤처다임","address":"경기도 안양시 동안구 학의로 250","source":"경기도 안양시_공공건축물현황(공공데이터포털 15114534)","asof":"2026-06-30","area":"232.81","acquired":"2007-12-28"},"geometry":{"type":"Point","coordinates":[126.966741,37.401898]}},{"type":"Feature","properties":{"kind":"public_building","name":"관양두산벤처다임","address":"경기도 안양시 동안구 학의로 250","source":"경기도 안양시_공공건축물현황(공공데이터포털 15114534)","asof":"2026-06-30","area":"232.81","acquired":"2007-12-28"},"geometry":{"type":"Point","coordinates":[126.966741,37.401898]}},{"type":"Feature","properties":{"kind":"public_building","name":"관양두산벤처다임","address":"경기도 안양시 동안구 학의로 250","source":"경기도 안양시_공공건축물현황(공공데이터포털 15114534)","asof":"2026-06-30","area":"232.81","acquired":"2007-12-28"},"geometry":{"type":"Point","coordinates":[126.966741,37.401898]}},{"type":"Feature","properties":{"kind":"public_building","name":"관양두산벤처다임","address":"경기도 안양시 동안구 학의로 250","source":"경기도 안양시_공공건축물현황(공공데이터포털 15114534)","asof":"2026-06-30","area":"232.81","acquired":"2007-12-28"},"geometry":{"type":"Point","coordinates":[126.966741,37.401898]}},{"type":"Feature","properties":{"kind":"public_building","name":"관양두산벤처다임","address":"경기도 안양시 동안구 학의로 250","source":"경기도 안양시_공공건축물현황(공공데이터포털 15114534)","asof":"2026-06-30","area":"232.81","acquired":"2007-12-28"},"geometry":{"type":"Point","coordinates":[126.966741,37.401898]}},{"type":"Feature","properties":{"kind":"public_building","name":"관양두산벤처다임","address":"경기도 안양시 동안구 학의로 250","source":"경기도 안양시_공공건축물현황(공공데이터포털 15114534)","asof":"2026-06-30","area":"232.81","acquired":"2007-12-28"},"geometry":{"type":"Point","coordinates":[126.966741,37.401898]}},{"type":"Feature","properties":{"kind":"public_building","name":"관양두산벤처다임","address":"경기도 안양시 동안구 학의로 250","source":"경기도 안양시_공공건축물현황(공공데이터포털 15114534)","asof":"2026-06-30","area":"232.81","acquired":"2007-12-28"},"geometry":{"type":"Point","coordinates":[126.966741,37.401898]}},{"type":"Feature","properties":{"kind":"public_building","name":"관양도서관","address":"경기도 안양시 동안구 동편로 124","source":"경기도 안양시_공공건축물현황(공공데이터포털 15114534)","asof":"2026-06-30","area":"3889.63","acquired":"2015-03-25"},"geometry":{"type":"Point","coordinates":[126.968055,37.41099]}},{"type":"Feature","properties":{"kind":"public_building","name":"관양가압장","address":"경기도 안양시 동안구 관양동 1790-1","source":"경기도 안양시_공공건축물현황(공공데이터포털 15114534)","asof":"2026-06-30","area":"786.31","acquired":"1993-07-25"},"geometry":{"type":"Point","coordinates":[126.974787,37.406031]}},{"type":"Feature","properties":{"kind":"public_building","name":"관양2동사무소","address":"경기도 안양시 동안구 관양로 215","source":"경기도 안양시_공공건축물현황(공공데이터포털 15114534)","asof":"2026-06-30","area":"1027.62","acquired":"1997-07-03"},"geometry":{"type":"Point","coordinates":[126.971145,37.402115]}},{"type":"Feature","properties":{"kind":"public_building","name":"관양2동 주차타워","address":"경기도 안양시 동안구 흥안대로507번길 23","source":"경기도 안양시_공공건축물현황(공공데이터포털 15114534)","asof":"2026-06-30","area":"5460","acquired":"2018-12-31"},"geometry":{"type":"Point","coordinates":[126.975155,37.398801]}},{"type":"Feature","properties":{"kind":"public_building","name":"관양2동 주민협의체(줌마맛반찬) 물품보관창고","address":"경기도 안양시 동안구 흥안대로507번길 23","source":"경기도 안양시_공공건축물현황(공공데이터포털 15114534)","asof":"2026-06-30","area":"37.06","acquired":"2020-05-14"},"geometry":{"type":"Point","coordinates":[126.975155,37.398801]}},{"type":"Feature","properties":{"kind":"public_building","name":"관양2동 다목적복지회관","address":"경기도 안양시 동안구 인덕원로24번길 60","source":"경기도 안양시_공공건축물현황(공공데이터포털 15114534)","asof":"2026-06-30","area":"1698.79","acquired":"1998-07-29"},"geometry":{"type":"Point","coordinates":[126.975154,37.399619]}},{"type":"Feature","properties":{"kind":"public_building","name":"관양1동행정복지센터","address":"경기도 안양시 동안구 관평로358번길 46","source":"경기도 안양시_공공건축물현황(공공데이터포털 15114534)","asof":"2026-06-30","area":"911.25","acquired":"2018-06-21"},"geometry":{"type":"Point","coordinates":[126.961464,37.406151]}},{"type":"Feature","properties":{"kind":"public_building","name":"관양1동 주차타워","address":"경기도 안양시 동안구 관평로358번길 30","source":"경기도 안양시_공공건축물현황(공공데이터포털 15114534)","asof":"2026-06-30","area":"5581","acquired":"2019-09-28"},"geometry":{"type":"Point","coordinates":[126.961089,37.406433]}},{"type":"Feature","properties":{"kind":"public_building","name":"관악장애인종합복지관","address":"경기도 안양시 만안구 경수대로 1132","source":"경기도 안양시_공공건축물현황(공공데이터포털 15114534)","asof":"2026-06-30","area":"3862.48","acquired":"1995-01-06"},"geometry":{"type":"Point","coordinates":[126.920889,37.412479]}},{"type":"Feature","properties":{"kind":"public_building","name":"관악장애인종합복지관","address":"경기도 안양시 만안구 경수대로 1132","source":"경기도 안양시_공공건축물현황(공공데이터포털 15114534)","asof":"2026-06-30","area":"588.47","acquired":"1999-01-21"},"geometry":{"type":"Point","coordinates":[126.920889,37.412479]}},{"type":"Feature","properties":{"kind":"public_building","name":"관악장애인공동생활가정","address":"경기도 안양시 만안구 안양동 32-1 삼성래미안(아) 104동 102호","source":"경기도 안양시_공공건축물현황(공공데이터포털 15114534)","asof":"2026-06-30","area":"110","acquired":"1994-12-08"},"geometry":{"type":"Point","coordinates":[126.915444,37.413241]}},{"type":"Feature","properties":{"kind":"public_building","name":"관악놀이터화장실","address":"경기도 안양시 동안구 비산동 1102-6","source":"경기도 안양시_공공건축물현황(공공데이터포털 15114534)","asof":"2026-06-30","area":"12.96","acquired":"1995-02-28"},"geometry":{"type":"Point","coordinates":[126.945646,37.394972]}},{"type":"Feature","properties":{"kind":"public_building","name":"관리(편익)동","address":"경기도 안양시 동안구 흥안대로 313","source":"경기도 안양시_공공건축물현황(공공데이터포털 15114534)","asof":"2026-06-30","area":"5477.07","acquired":"1997-03-25"},"geometry":{"type":"Point","coordinates":[126.967641,37.382009]}},{"type":"Feature","properties":{"kind":"public_building","name":"공중화장실(중앙시장)","address":"경기도 안양시 만안구 안양로291번길 34","source":"경기도 안양시_공공건축물현황(공공데이터포털 15114534)","asof":"2026-06-30","area":"27.26","acquired":"2000-11-08"},"geometry":{"type":"Point","coordinates":[126.919964,37.397944]}},{"type":"Feature","properties":{"kind":"public_building","name":"공중화장실(염불암 앞)","address":"경기도 안양시 만안구 예술공원로245번길 150","source":"경기도 안양시_공공건축물현황(공공데이터포털 15114534)","asof":"2026-06-30","area":"45.96","acquired":"1984-11-15"},"geometry":{"type":"Point","coordinates":[126.934812,37.428353]}},{"type":"Feature","properties":{"kind":"public_building","name":"공중화장실(삼막사 앞 )","address":"경기도 안양시 만안구 삼막로 584","source":"경기도 안양시_공공건축물현황(공공데이터포털 15114534)","asof":"2026-06-30","area":"40","acquired":"1983-02-23"},"geometry":{"type":"Point","coordinates":[126.939397,37.435835]}},{"type":"Feature","properties":{"kind":"public_building","name":"공중화장실(병목안 공터옆)","address":"경기도 안양시 만안구 병목안로 311","source":"경기도 안양시_공공건축물현황(공공데이터포털 15114534)","asof":"2026-06-30","area":"35.85","acquired":"1996-10-05"},"geometry":{"type":"Point","coordinates":[126.905116,37.378517]}},{"type":"Feature","properties":{"kind":"public_building","name":"공작놀이터화장실","address":"경기도 안양시 동안구 관양동 1587-1","source":"경기도 안양시_공공건축물현황(공공데이터포털 15114534)","asof":"2026-06-30","area":"12.96","acquired":"1995-02-28"},"geometry":{"type":"Point","coordinates":[126.958431,37.400336]}},{"type":"Feature","properties":{"kind":"public_building","name":"공원화장실","address":"경기도 안양시 동안구 호계동 1113-1","source":"경기도 안양시_공공건축물현황(공공데이터포털 15114534)","asof":"2026-06-30","area":"13","acquired":"1993-12-31"},"geometry":{"type":"Point","coordinates":[126.967942,37.380681]}},{"type":"Feature","properties":{"kind":"public_building","name":"공동구관리사무소","address":"경기도 안양시 동안구 관평로 213","source":"경기도 안양시_공공건축물현황(공공데이터포털 15114534)","asof":"2026-06-30","area":"490.47","acquired":"1999-03-05"},"geometry":{"type":"Point","coordinates":[126.957842,37.396102]}},{"type":"Feature","properties":{"kind":"public_building","name":"경비동","address":"경기도 안양시 동안구 흥안대로 313","source":"경기도 안양시_공공건축물현황(공공데이터포털 15114534)","asof":"2026-06-30","area":"65.04","acquired":"1997-03-25"},"geometry":{"type":"Point","coordinates":[126.967641,37.382009]}},{"type":"Feature","properties":{"kind":"public_building","name":"경기산업안양센타","address":"경기도 안양시 동안구 시민대로248번길 25","source":"경기도 안양시_공공건축물현황(공공데이터포털 15114534)","asof":"2026-06-30","area":"11552.53","acquired":"2003-03-31"},"geometry":{"type":"Point","coordinates":[126.958977,37.392163]}},{"type":"Feature","properties":{"kind":"public_building","name":"검정동물사","address":"경기도 안양시 만안구 안양로 175","source":"경기도 안양시_공공건축물현황(공공데이터포털 15114534)","asof":"2026-06-30","area":"187.5","acquired":"2018-01-31"},"geometry":{"type":"Point","coordinates":[126.927186,37.389905]}},{"type":"Feature","properties":{"kind":"public_building","name":"개나리놀이터지하주차장","address":"경기도 안양시 만안구 안양로343번길 57-7","source":"경기도 안양시_공공건축물현황(공공데이터포털 15114534)","asof":"2026-06-30","area":"2236.22","acquired":"2006-01-11"},"geometry":{"type":"Point","coordinates":[126.915321,37.401512]}},{"type":"Feature","properties":{"kind":"public_building","name":"감염연구실","address":"경기도 안양시 만안구 안양로 175","source":"경기도 안양시_공공건축물현황(공공데이터포털 15114534)","asof":"2026-06-30","area":"285","acquired":"2018-01-31"},"geometry":{"type":"Point","coordinates":[126.927186,37.389905]}},{"type":"Feature","properties":{"kind":"public_building","name":"감염연구동(B동)","address":"경기도 안양시 만안구 안양로 175","source":"경기도 안양시_공공건축물현황(공공데이터포털 15114534)","asof":"2026-06-30","area":"374.4","acquired":"2018-01-31"},"geometry":{"type":"Point","coordinates":[126.927186,37.389905]}},{"type":"Feature","properties":{"kind":"public_building","name":"감염연구동(A동)","address":"경기도 안양시 만안구 안양로 175","source":"경기도 안양시_공공건축물현황(공공데이터포털 15114534)","asof":"2026-06-30","area":"440","acquired":"2018-01-31"},"geometry":{"type":"Point","coordinates":[126.927186,37.389905]}},{"type":"Feature","properties":{"kind":"public_building","name":"갈산동 주민센터","address":"경기도 안양시 동안구 호계동 1118","source":"경기도 안양시_공공건축물현황(공공데이터포털 15114534)","asof":"2026-06-30","area":"1206.94","acquired":"2011-11-30"},"geometry":{"type":"Point","coordinates":[126.966133,37.376151]}},{"type":"Feature","properties":{"kind":"public_building","name":"갈산놀이터화장실","address":"경기도 안양시 동안구 호계동 1118-2","source":"경기도 안양시_공공건축물현황(공공데이터포털 15114534)","asof":"2026-06-30","area":"12.96","acquired":"1995-02-28"},"geometry":{"type":"Point","coordinates":[126.966506,37.376613]}},{"type":"Feature","properties":{"kind":"public_building","name":"간이화장실(병목안 주차장내)","address":"경기도 안양시 만안구 안양동 1152-10","source":"경기도 안양시_공공건축물현황(공공데이터포털 15114534)","asof":"2026-06-30","area":"16.2","acquired":"2007-07-25"},"geometry":{"type":"Point","coordinates":[126.904528,37.372288]}},{"type":"Feature","properties":{"kind":"public_building","name":"9호놀이터화장실","address":"경기도 안양시 동안구 호계동 1052-2","source":"경기도 안양시_공공건축물현황(공공데이터포털 15114534)","asof":"2026-06-30","area":"12.96","acquired":"1995-02-28"},"geometry":{"type":"Point","coordinates":[126.954671,37.38749]}},{"type":"Feature","properties":{"kind":"public_building","name":"7호놀이터화장실","address":"경기도 안양시 동안구 관양동 1588-4","source":"경기도 안양시_공공건축물현황(공공데이터포털 15114534)","asof":"2026-06-30","area":"12.96","acquired":"1995-02-28"},"geometry":{"type":"Point","coordinates":[126.960043,37.398414]}},{"type":"Feature","properties":{"kind":"public_building","name":"2단계최종침전지계단실상옥","address":"경기도 안양시 만안구 화창로 19","source":"경기도 안양시_공공건축물현황(공공데이터포털 15114534)","asof":"2026-06-30","area":"18","acquired":"2002-12-30"},"geometry":{"type":"Point","coordinates":[126.904891,37.414379]}},{"type":"Feature","properties":{"kind":"public_building","name":"2단계유입펌프장상옥","address":"경기도 안양시 만안구 화창로 19","source":"경기도 안양시_공공건축물현황(공공데이터포털 15114534)","asof":"2026-06-30","area":"640.83","acquired":"2002-12-30"},"geometry":{"type":"Point","coordinates":[126.904891,37.414379]}},{"type":"Feature","properties":{"kind":"public_building","name":"2단계송수가압장상옥","address":"경기도 안양시 만안구 화창로 19","source":"경기도 안양시_공공건축물현황(공공데이터포털 15114534)","asof":"2026-06-30","area":"170.14","acquired":"2002-12-30"},"geometry":{"type":"Point","coordinates":[126.904891,37.414379]}},{"type":"Feature","properties":{"kind":"public_building","name":"2단계농축분배조상옥","address":"경기도 안양시 만안구 화창로 19","source":"경기도 안양시_공공건축물현황(공공데이터포털 15114534)","asof":"2026-06-30","area":"66.05","acquired":"2002-12-30"},"geometry":{"type":"Point","coordinates":[126.904891,37.414379]}},{"type":"Feature","properties":{"kind":"public_building","name":"2단계관리동","address":"경기도 안양시 만안구 화창로 19","source":"경기도 안양시_공공건축물현황(공공데이터포털 15114534)","asof":"2026-06-30","area":"2647.31","acquired":"2002-12-30"},"geometry":{"type":"Point","coordinates":[126.904891,37.414379]}},{"type":"Feature","properties":{"kind":"public_building","name":"2단계공동구상옥동","address":"경기도 안양시 만안구 화창로 19","source":"경기도 안양시_공공건축물현황(공공데이터포털 15114534)","asof":"2026-06-30","area":"280.8","acquired":"2002-12-30"},"geometry":{"type":"Point","coordinates":[126.904891,37.414379]}},{"type":"Feature","properties":{"kind":"public_building","name":"2단계공기송풍기동","address":"경기도 안양시 만안구 화창로 19","source":"경기도 안양시_공공건축물현황(공공데이터포털 15114534)","asof":"2026-06-30","area":"486","acquired":"2002-12-30"},"geometry":{"type":"Point","coordinates":[126.904891,37.414379]}},{"type":"Feature","properties":{"kind":"public_building","name":"2단계UV소독조상옥","address":"경기도 안양시 만안구 화창로 19","source":"경기도 안양시_공공건축물현황(공공데이터포털 15114534)","asof":"2026-06-30","area":"29.92","acquired":"2002-12-30"},"geometry":{"type":"Point","coordinates":[126.904891,37.414379]}},{"type":"Feature","properties":{"kind":"shelter","name":"안양1동행정복지센터 지하","address":"경기도 안양시 만안구 장내로 170(안양동)","source":"경기도 안양시_비상대피시설 현황(공공데이터포털 3045138)","asof":"2025-12-26","area":"570","capacity":"690"},"geometry":{"type":"Point","coordinates":[126.925888,37.39911]}},{"type":"Feature","properties":{"kind":"shelter","name":"안양중앙지하상가","address":"경기도 안양시 만안구 안양로 지하301(안양동)","source":"경기도 안양시_비상대피시설 현황(공공데이터포털 3045138)","asof":"2025-12-26","area":"2310","capacity":"2800"},"geometry":{"type":"Point","coordinates":[126.921721,37.400474]}},{"type":"Feature","properties":{"kind":"shelter","name":"안양역전지하상가","address":"경기도 안양시 만안구 만안로 지하231(안양동)","source":"경기도 안양시_비상대피시설 현황(공공데이터포털 3045138)","asof":"2025-12-26","area":"15794","capacity":"19144"},"geometry":{"type":"Point","coordinates":[126.922213,37.400822]}},{"type":"Feature","properties":{"kind":"shelter","name":"주공뜨란채아파트","address":"경기도 안양시 만안구 안양천서로 289(안양동, 주공뜨란채)","source":"경기도 안양시_비상대피시설 현황(공공데이터포털 3045138)","asof":"2025-12-26","area":"17988","capacity":"21803"},"geometry":{"type":"Point","coordinates":[126.926462,37.40122]}},{"type":"Feature","properties":{"kind":"shelter","name":"만안초등학교 앞 지하도","address":"경기도 안양시 만안구 안양로384번길 13(안양동)","source":"경기도 안양시_비상대피시설 현황(공공데이터포털 3045138)","asof":"2025-12-26","area":"330","capacity":"400"},"geometry":{"type":"Point","coordinates":[126.915925,37.406026]}},{"type":"Feature","properties":{"kind":"shelter","name":"안양2동행정복지센터","address":"경기도 안양시 만안구 안양로384번길 50(안양동)","source":"경기도 안양시_비상대피시설 현황(공공데이터포털 3045138)","asof":"2025-12-26","area":"327","capacity":"396"},"geometry":{"type":"Point","coordinates":[126.917828,37.405082]}},{"type":"Feature","properties":{"kind":"shelter","name":"경남아너스빌아파트","address":"경기도 안양시 만안구 태평로 214(안양동, 안양동 경남아너스빌)","source":"경기도 안양시_비상대피시설 현황(공공데이터포털 3045138)","asof":"2025-12-26","area":"7244","capacity":"8780"},"geometry":{"type":"Point","coordinates":[126.91886,37.407342]}},{"type":"Feature","properties":{"kind":"shelter","name":"안양2동 삼성아파트","address":"경기도 안양시 만안구 예술공원로 57(안양동)","source":"경기도 안양시_비상대피시설 현황(공공데이터포털 3045138)","asof":"2025-12-26","area":"3181","capacity":"3855"},"geometry":{"type":"Point","coordinates":[126.916618,37.413308]}},{"type":"Feature","properties":{"kind":"shelter","name":"미래엠피아파트","address":"경기도 안양시 만안구 만안로 272(안양동, 안양 미래엠피아)","source":"경기도 안양시_비상대피시설 현황(공공데이터포털 3045138)","asof":"2025-12-26","area":"6460","capacity":"7830"},"geometry":{"type":"Point","coordinates":[126.920017,37.404252]}},{"type":"Feature","properties":{"kind":"shelter","name":"영화아이닉스아파트","address":"경기도 안양시 만안구 만안로 368(안양동, 영화아이닉스아파트)","source":"경기도 안양시_비상대피시설 현황(공공데이터포털 3045138)","asof":"2025-12-26","area":"2439","capacity":"2956"},"geometry":{"type":"Point","coordinates":[126.914375,37.410998]}},{"type":"Feature","properties":{"kind":"shelter","name":"안양3동정우아파트","address":"경기도 안양시 만안구 양화로 53(안양동, 정우아파트)","source":"경기도 안양시_비상대피시설 현황(공공데이터포털 3045138)","asof":"2025-12-26","area":"564","capacity":"683"},"geometry":{"type":"Point","coordinates":[126.912262,37.398119]}},{"type":"Feature","properties":{"kind":"shelter","name":"안양월드","address":"경기도 안양시 만안구 안양로329번길 108(안양동)","source":"경기도 안양시_비상대피시설 현황(공공데이터포털 3045138)","asof":"2025-12-26","area":"10124","capacity":"12271"},"geometry":{"type":"Point","coordinates":[126.913134,37.401296]}},{"type":"Feature","properties":{"kind":"shelter","name":"성원1차아파트","address":"경기도 안양시 만안구 병목안로 81(안양동, 성원1차아파트)","source":"경기도 안양시_비상대피시설 현황(공공데이터포털 3045138)","asof":"2025-12-26","area":"4049","capacity":"4907"},"geometry":{"type":"Point","coordinates":[126.914007,37.393828]}},{"type":"Feature","properties":{"kind":"shelter","name":"2001아울렛","address":"경기도 안양시 만안구 안양로 275(안양동)","source":"경기도 안양시_비상대피시설 현황(공공데이터포털 3045138)","asof":"2025-12-26","area":"4950","capacity":"6000"},"geometry":{"type":"Point","coordinates":[126.922715,37.396717]}},{"type":"Feature","properties":{"kind":"shelter","name":"중앙성당","address":"경기도 안양시 만안구 장내로 116(안양동)","source":"경기도 안양시_비상대피시설 현황(공공데이터포털 3045138)","asof":"2025-12-26","area":"3636","capacity":"4407"},"geometry":{"type":"Point","coordinates":[126.921486,37.396089]}},{"type":"Feature","properties":{"kind":"shelter","name":"서안양우체국 앞 지하도","address":"경기도 안양시 만안구 안양로 233(안양동)","source":"경기도 안양시_비상대피시설 현황(공공데이터포털 3045138)","asof":"2025-12-26","area":"149","capacity":"180"},"geometry":{"type":"Point","coordinates":[126.92504,37.393743]}},{"type":"Feature","properties":{"kind":"shelter","name":"근명고등학교(합주실)","address":"경기도 안양시 만안구 삼덕로 49(안양동)","source":"경기도 안양시_비상대피시설 현황(공공데이터포털 3045138)","asof":"2025-12-26","area":"165","capacity":"200"},"geometry":{"type":"Point","coordinates":[126.919631,37.392253]}},{"type":"Feature","properties":{"kind":"shelter","name":"안양대학교(대신관, 수리관)","address":"경기도 안양시 만안구 삼덕로37번길 22(안양동)","source":"경기도 안양시_비상대피시설 현황(공공데이터포털 3045138)","asof":"2025-12-26","area":"2033","capacity":"2464"},"geometry":{"type":"Point","coordinates":[126.920886,37.391505]}},{"type":"Feature","properties":{"kind":"shelter","name":"성원쌍떼빌아파트","address":"경기도 안양시 만안구 삼덕로63번길 32(안양동, 수리산성원상떼빌2차)","source":"경기도 안양시_비상대피시설 현황(공공데이터포털 3045138)","asof":"2025-12-26","area":"13386","capacity":"16225"},"geometry":{"type":"Point","coordinates":[126.918085,37.393048]}},{"type":"Feature","properties":{"kind":"shelter","name":"안양6동행정복지센터 지하","address":"경기도 안양시 만안구 안양로170번길 23(안양동)","source":"경기도 안양시_비상대피시설 현황(공공데이터포털 3045138)","asof":"2025-12-26","area":"274","capacity":"332"},"geometry":{"type":"Point","coordinates":[126.930569,37.390069]}},{"type":"Feature","properties":{"kind":"shelter","name":"안양세무서","address":"경기도 안양시 만안구 냉천로 83(안양동)","source":"경기도 안양시_비상대피시설 현황(공공데이터포털 3045138)","asof":"2025-12-26","area":"112","capacity":"135"},"geometry":{"type":"Point","coordinates":[126.925164,37.388612]}},{"type":"Feature","properties":{"kind":"shelter","name":"국립농산물품질관리원","address":"경기도 안양시 만안구 안양로 114(안양동)","source":"경기도 안양시_비상대피시설 현황(공공데이터포털 3045138)","asof":"2025-12-26","area":"116","capacity":"140"},"geometry":{"type":"Point","coordinates":[126.933274,37.385028]}},{"type":"Feature","properties":{"kind":"shelter","name":"만안구청","address":"경기도 안양시 만안구 안양로 128(안양동)","source":"경기도 안양시_비상대피시설 현황(공공데이터포털 3045138)","asof":"2025-12-26","area":"1096","capacity":"1328"},"geometry":{"type":"Point","coordinates":[126.932992,37.386718]}},{"type":"Feature","properties":{"kind":"shelter","name":"상공회의소","address":"경기도 안양시 만안구 안양로 133(안양동)","source":"경기도 안양시_비상대피시설 현황(공공데이터포털 3045138)","asof":"2025-12-26","area":"264","capacity":"320"},"geometry":{"type":"Point","coordinates":[126.931375,37.386347]}},{"type":"Feature","properties":{"kind":"shelter","name":"신성고등학교","address":"경기도 안양시 만안구 소곡로 93(안양동)","source":"경기도 안양시_비상대피시설 현황(공공데이터포털 3045138)","asof":"2025-12-26","area":"1247","capacity":"1511"},"geometry":{"type":"Point","coordinates":[126.921466,37.384971]}},{"type":"Feature","properties":{"kind":"shelter","name":"호정타워","address":"경기도 안양시 만안구 만안로 49(안양동)","source":"경기도 안양시_비상대피시설 현황(공공데이터포털 3045138)","asof":"2025-12-26","area":"4188","capacity":"5076"},"geometry":{"type":"Point","coordinates":[126.933526,37.387666]}},{"type":"Feature","properties":{"kind":"shelter","name":"명지캐럿162","address":"경기도 안양시 만안구 만안로 17(안양동, 명지캐럿162주상복합아파트)","source":"경기도 안양시_비상대피시설 현황(공공데이터포털 3045138)","asof":"2025-12-26","area":"8366","capacity":"10140"},"geometry":{"type":"Point","coordinates":[126.934583,37.38487]}},{"type":"Feature","properties":{"kind":"shelter","name":"안양씨엘포레자이","address":"경기도 안양시 만안구 소곡로 78(안양동, 안양씨엘포레자이)","source":"경기도 안양시_비상대피시설 현황(공공데이터포털 3045138)","asof":"2025-12-26","area":"6782","capacity":"8221"},"geometry":{"type":"Point","coordinates":[126.923657,37.3878]}},{"type":"Feature","properties":{"kind":"shelter","name":"유천팩토피아","address":"경기도 안양시 만안구 전파로 30(안양동)","source":"경기도 안양시_비상대피시설 현황(공공데이터포털 3045138)","asof":"2025-12-26","area":"6747","capacity":"8178"},"geometry":{"type":"Point","coordinates":[126.936203,37.390493]}},{"type":"Feature","properties":{"kind":"shelter","name":"레미안안양메가트리아","address":"경기도 안양시 만안구 안양천서로 177(안양동, 래미안 안양 메가트리아)","source":"경기도 안양시_비상대피시설 현황(공공데이터포털 3045138)","asof":"2025-12-26","area":"74159","capacity":"89889"},"geometry":{"type":"Point","coordinates":[126.932745,37.395858]}},{"type":"Feature","properties":{"kind":"shelter","name":"안양아트센터","address":"경기도 안양시 만안구 문예로36번길 16(안양동)","source":"경기도 안양시_비상대피시설 현황(공공데이터포털 3045138)","asof":"2025-12-26","area":"3185","capacity":"3860"},"geometry":{"type":"Point","coordinates":[126.931655,37.385116]}},{"type":"Feature","properties":{"kind":"shelter","name":"성결대학교","address":"경기도 안양시 만안구 성결대학로 53(안양동)","source":"경기도 안양시_비상대피시설 현황(공공데이터포털 3045138)","asof":"2025-12-26","area":"3680","capacity":"4460"},"geometry":{"type":"Point","coordinates":[126.928543,37.380692]}},{"type":"Feature","properties":{"kind":"shelter","name":"안양8동다목적복지관","address":"경기도 안양시 만안구 명학로5번길 12(안양동)","source":"경기도 안양시_비상대피시설 현황(공공데이터포털 3045138)","asof":"2025-12-26","area":"136","capacity":"164"},"geometry":{"type":"Point","coordinates":[126.938141,37.377843]}},{"type":"Feature","properties":{"kind":"shelter","name":"도정빌딩","address":"경기도 안양시 만안구 안양로 115(안양동)","source":"경기도 안양시_비상대피시설 현황(공공데이터포털 3045138)","asof":"2025-12-26","area":"5145","capacity":"6236"},"geometry":{"type":"Point","coordinates":[126.932522,37.384911]}},{"type":"Feature","properties":{"kind":"shelter","name":"안양8동행정복지센터","address":"경기도 안양시 만안구 안양로111번길 17(안양동)","source":"경기도 안양시_비상대피시설 현황(공공데이터포털 3045138)","asof":"2025-12-26","area":"987","capacity":"1196"},"geometry":{"type":"Point","coordinates":[126.932138,37.384194]}},{"type":"Feature","properties":{"kind":"shelter","name":"율목주공아파트","address":"경기도 안양시 만안구 병목안로110번길 12(안양동, 주공아파트)","source":"경기도 안양시_비상대피시설 현황(공공데이터포털 3045138)","asof":"2025-12-26","area":"5529","capacity":"6701"},"geometry":{"type":"Point","coordinates":[126.908831,37.39374]}},{"type":"Feature","properties":{"kind":"shelter","name":"효성화운트빌아파트","address":"경기도 안양시 만안구 병목안로130번길 83(안양동, 효성아파트)","source":"경기도 안양시_비상대피시설 현황(공공데이터포털 3045138)","asof":"2025-12-26","area":"1200","capacity":"1454"},"geometry":{"type":"Point","coordinates":[126.906062,37.392667]}},{"type":"Feature","properties":{"kind":"shelter","name":"신성미소지움아파트","address":"경기도 안양시 만안구 능곡로36번길 19(안양동, 신성안양미소지움)","source":"경기도 안양시_비상대피시설 현황(공공데이터포털 3045138)","asof":"2025-12-26","area":"3215","capacity":"3896"},"geometry":{"type":"Point","coordinates":[126.912338,37.392714]}},{"type":"Feature","properties":{"kind":"shelter","name":"수리산현대홈타운아파트","address":"경기도 안양시 만안구 창박로 17(안양동, 수리산 현대홈타운)","source":"경기도 안양시_비상대피시설 현황(공공데이터포털 3045138)","asof":"2025-12-26","area":"9672","capacity":"11723"},"geometry":{"type":"Point","coordinates":[126.905255,37.385062]}},{"type":"Feature","properties":{"kind":"shelter","name":"관악역지하보도","address":"경기도 안양시 만안구 경수대로1273번길 46(석수동)","source":"경기도 안양시_비상대피시설 현황(공공데이터포털 3045138)","asof":"2025-12-26","area":"149","capacity":"180"},"geometry":{"type":"Point","coordinates":[126.909115,37.418821]}},{"type":"Feature","properties":{"kind":"shelter","name":"예술공원사거리지하보도","address":"경기도 안양시 만안구 삼성산길 8(석수동, 석수역푸르지오아파트)","source":"경기도 안양시_비상대피시설 현황(공공데이터포털 3045138)","asof":"2025-12-26","area":"168","capacity":"203"},"geometry":{"type":"Point","coordinates":[126.903929,37.433394]}},{"type":"Feature","properties":{"kind":"shelter","name":"석수역푸르지오아파트","address":"경기도 안양시 만안구 삼성산길 8(석수동, 석수역푸르지오아파트)","source":"경기도 안양시_비상대피시설 현황(공공데이터포털 3045138)","asof":"2025-12-26","area":"21590","capacity":"26169"},"geometry":{"type":"Point","coordinates":[126.903929,37.433394]}},{"type":"Feature","properties":{"kind":"shelter","name":"석수2동행정복지센터","address":"경기도 안양시 만안구 안양로 496 (석수동)","source":"경기도 안양시_비상대피시설 현황(공공데이터포털 3045138)","asof":"2025-12-26","area":"1248","capacity":"1512"},"geometry":{"type":"Point","coordinates":[126.909397,37.413868]}},{"type":"Feature","properties":{"kind":"shelter","name":"석수엘지빌리지아파트","address":"경기도 안양시 만안구 연현로79번길 56(석수동, 석수 엘지 빌리지)","source":"경기도 안양시_비상대피시설 현황(공공데이터포털 3045138)","asof":"2025-12-26","area":"34337","capacity":"41620"},"geometry":{"type":"Point","coordinates":[126.900514,37.430344]}},{"type":"Feature","properties":{"kind":"shelter","name":"석수2동 현대아파트","address":"경기도 안양시 만안구 안양로532번길 12(석수동, 현대아파트)","source":"경기도 안양시_비상대피시설 현황(공공데이터포털 3045138)","asof":"2025-12-26","area":"32426","capacity":"39304"},"geometry":{"type":"Point","coordinates":[126.907754,37.416541]}},{"type":"Feature","properties":{"kind":"shelter","name":"충훈동 행정복지센터","address":"경기도 안양시 만안구 충훈로90번길 36(석수동)","source":"경기도 안양시_비상대피시설 현황(공공데이터포털 3045138)","asof":"2025-12-26","area":"1595","capacity":"1933"},"geometry":{"type":"Point","coordinates":[126.899449,37.409215]}},{"type":"Feature","properties":{"kind":"shelter","name":"석수현대아이파크아파트","address":"경기도 안양시 만안구 충훈로 71(석수동)","source":"경기도 안양시_비상대피시설 현황(공공데이터포털 3045138)","asof":"2025-12-26","area":"51674","capacity":"62635"},"geometry":{"type":"Point","coordinates":[126.900506,37.406962]}},{"type":"Feature","properties":{"kind":"shelter","name":"박달1동행복복지센터","address":"경기도 안양시 만안구 양화로127번길 9(박달동)","source":"경기도 안양시_비상대피시설 현황(공공데이터포털 3045138)","asof":"2025-12-26","area":"386","capacity":"467"},"geometry":{"type":"Point","coordinates":[126.909165,37.403667]}},{"type":"Feature","properties":{"kind":"shelter","name":"박달1동벽산아파트","address":"경기도 안양시 만안구 양화로135번길 45(박달동, 박달벽산아파트)","source":"경기도 안양시_비상대피시설 현황(공공데이터포털 3045138)","asof":"2025-12-26","area":"8161","capacity":"9892"},"geometry":{"type":"Point","coordinates":[126.906918,37.403943]}},{"type":"Feature","properties":{"kind":"shelter","name":"3차한신휴플러스아파트","address":"경기도 안양시 만안구 박달로497번길 57(박달동, 한신휴플러스타운)","source":"경기도 안양시_비상대피시설 현황(공공데이터포털 3045138)","asof":"2025-12-26","area":"13766","capacity":"16686"},"geometry":{"type":"Point","coordinates":[126.906648,37.404386]}},{"type":"Feature","properties":{"kind":"shelter","name":"세창짜임아파트","address":"경기도 안양시 만안구 박달로525번길 20-13(박달동, 짜임아파트)","source":"경기도 안양시_비상대피시설 현황(공공데이터포털 3045138)","asof":"2025-12-26","area":"2123","capacity":"2573"},"geometry":{"type":"Point","coordinates":[126.91103,37.403864]}},{"type":"Feature","properties":{"kind":"shelter","name":"한라비발디아파트","address":"경기도 안양시 만안구 박달로 453(박달동, 한라비발디아파트)","source":"경기도 안양시_비상대피시설 현황(공공데이터포털 3045138)","asof":"2025-12-26","area":"33000","capacity":"40000"},"geometry":{"type":"Point","coordinates":[126.901042,37.402642]}},{"type":"Feature","properties":{"kind":"shelter","name":"박달2동금호아파트","address":"경기도 안양시 만안구 삼봉로 61(박달동, 금호타운)","source":"경기도 안양시_비상대피시설 현황(공공데이터포털 3045138)","asof":"2025-12-26","area":"2158","capacity":"2615"},"geometry":{"type":"Point","coordinates":[126.901353,37.399841]}},{"type":"Feature","properties":{"kind":"shelter","name":"대림한숲타운","address":"경기도 안양시 만안구 박달로 344(박달동, 대림한숲타운아파트)","source":"경기도 안양시_비상대피시설 현황(공공데이터포털 3045138)","asof":"2025-12-26","area":"11570","capacity":"14024"},"geometry":{"type":"Point","coordinates":[126.894269,37.403516]}},{"type":"Feature","properties":{"kind":"shelter","name":"박달2동행정복지센터 지하 민방위대피시설","address":"경기도 안양시 만안구 박달로 470(박달동)","source":"경기도 안양시_비상대피시설 현황(공공데이터포털 3045138)","asof":"2025-12-26","area":"4426","capacity":"5365"},"geometry":{"type":"Point","coordinates":[126.904712,37.40197]}},{"type":"Feature","properties":{"kind":"shelter","name":"대림대학앞 지하보도","address":"경기도 안양시 동안구 경수대로 980(비산동)","source":"경기도 안양시_비상대피시설 현황(공공데이터포털 3045138)","asof":"2025-12-26","area":"331","capacity":"401"},"geometry":{"type":"Point","coordinates":[126.929306,37.401235]}},{"type":"Feature","properties":{"kind":"shelter","name":"삼성래미안아파트136동지하1층주차장","address":"경기도 안양시 동안구 관악대로 135(비산동, 비산 삼성 래미안)","source":"경기도 안양시_비상대피시설 현황(공공데이터포털 3045138)","asof":"2025-12-26","area":"4007","capacity":"4856"},"geometry":{"type":"Point","coordinates":[126.938777,37.402183]}},{"type":"Feature","properties":{"kind":"shelter","name":"삼성래미안아파트111동지하1층주차장","address":"경기도 안양시 동안구 관악대로 121(비산동, 비산 삼성 래미안)","source":"경기도 안양시_비상대피시설 현황(공공데이터포털 3045138)","asof":"2025-12-26","area":"13022","capacity":"15784"},"geometry":{"type":"Point","coordinates":[126.936806,37.400878]}},{"type":"Feature","properties":{"kind":"shelter","name":"삼성래미안아파트128동지하1층주차장","address":"경기도 안양시 동안구 관악대로 135(비산동, 비산 삼성 래미안)","source":"경기도 안양시_비상대피시설 현황(공공데이터포털 3045138)","asof":"2025-12-26","area":"4007","capacity":"4856"},"geometry":{"type":"Point","coordinates":[126.938777,37.402183]}},{"type":"Feature","properties":{"kind":"shelter","name":"더 포레스트 힐 아파트 101,102동지하주차장","address":"경기도 안양시 동안구 임곡로 43(비산동, 더 포레스트 힐)","source":"경기도 안양시_비상대피시설 현황(공공데이터포털 3045138)","asof":"2025-12-26","area":"800","capacity":"969"},"geometry":{"type":"Point","coordinates":[126.932678,37.40561]}},{"type":"Feature","properties":{"kind":"shelter","name":"더 포레스트 힐 아파트 105동지하1층주차장","address":"경기도 안양시 동안구 임곡로 43(비산동, 더 포레스트 힐)","source":"경기도 안양시_비상대피시설 현황(공공데이터포털 3045138)","asof":"2025-12-26","area":"400","capacity":"484"},"geometry":{"type":"Point","coordinates":[126.932678,37.40561]}},{"type":"Feature","properties":{"kind":"shelter","name":"비산1동화성파크드림아파트지하주차장","address":"경기도 안양시 동안구 경수대로 947(비산동)","source":"경기도 안양시_비상대피시설 현황(공공데이터포털 3045138)","asof":"2025-12-26","area":"2429","capacity":"2944"},"geometry":{"type":"Point","coordinates":[126.931847,37.398809]}},{"type":"Feature","properties":{"kind":"shelter","name":"비산1동행정복지센터 지하","address":"경기도 안양시 동안구 비산로 12(비산동)","source":"경기도 안양시_비상대피시설 현황(공공데이터포털 3045138)","asof":"2025-12-26","area":"867","capacity":"1050"},"geometry":{"type":"Point","coordinates":[126.933738,37.399786]}},{"type":"Feature","properties":{"kind":"shelter","name":"힐스테이트 비산 파크뷰 지하주차장(지하 1~2층)","address":"경기도 안양시 동안구 임곡로 70 (비산동, 힐스테이트 비산 파크뷰)","source":"경기도 안양시_비상대피시설 현황(공공데이터포털 3045138)","asof":"2025-12-26","area":"14340","capacity":"17382"},"geometry":{"type":"Point","coordinates":[126.933982,37.405273]}},{"type":"Feature","properties":{"kind":"shelter","name":"비산2동 행정복지센터 지하주차장","address":"경기도 안양시 동안구 관악대로106번길 70(비산동)","source":"경기도 안양시_비상대피시설 현황(공공데이터포털 3045138)","asof":"2025-12-26","area":"1027","capacity":"1245"},"geometry":{"type":"Point","coordinates":[126.93884,37.397942]}},{"type":"Feature","properties":{"kind":"shelter","name":"중앙초교 지하보도","address":"경기도 안양시 동안구 경수대로883번길 11(비산동)","source":"경기도 안양시_비상대피시설 현황(공공데이터포털 3045138)","asof":"2025-12-26","area":"162","capacity":"196"},"geometry":{"type":"Point","coordinates":[126.937801,37.395515]}},{"type":"Feature","properties":{"kind":"shelter","name":"롯데캐슬아파트 지하주차장","address":"경기도 안양시 동안구 관악대로106번길 29(비산동, 비산롯데캐슬)","source":"경기도 안양시_비상대피시설 현황(공공데이터포털 3045138)","asof":"2025-12-26","area":"10603","capacity":"12852"},"geometry":{"type":"Point","coordinates":[126.936881,37.398229]}},{"type":"Feature","properties":{"kind":"shelter","name":"비산e편한세상아파트 지하주차장","address":"경기도 안양시 동안구 관악대로 171(비산동, 비산 이-편한세상)","source":"경기도 안양시_비상대피시설 현황(공공데이터포털 3045138)","asof":"2025-12-26","area":"14105","capacity":"17096"},"geometry":{"type":"Point","coordinates":[126.942867,37.399659]}},{"type":"Feature","properties":{"kind":"shelter","name":"비산힐스테이트아파트 지하주차장","address":"경기도 안양시 동안구 안양천동로 162(비산동, 비산힐스테이트아파트)","source":"경기도 안양시_비상대피시설 현황(공공데이터포털 3045138)","asof":"2025-12-26","area":"15325","capacity":"18575"},"geometry":{"type":"Point","coordinates":[126.940472,37.39394]}},{"type":"Feature","properties":{"kind":"shelter","name":"비산한화꿈에그린아파트 지하주차장","address":"경기도 안양시 동안구 경수대로883번길 33(비산동, 비산한화꿈에그린아파트)","source":"경기도 안양시_비상대피시설 현황(공공데이터포털 3045138)","asof":"2025-12-26","area":"42921","capacity":"52025"},"geometry":{"type":"Point","coordinates":[126.93394,37.397027]}},{"type":"Feature","properties":{"kind":"shelter","name":"평촌래미안푸르지오 아파트 지하주차장","address":"경기도 안양시 동안구 경수대로884번길 12(비산동, 평촌래미안푸르지오)","source":"경기도 안양시_비상대피시설 현황(공공데이터포털 3045138)","asof":"2025-12-26","area":"55574","capacity":"67362"},"geometry":{"type":"Point","coordinates":[126.937696,37.397662]}},{"type":"Feature","properties":{"kind":"shelter","name":"동양월드아파트 지하주차장","address":"경기도 안양시 동안구 관악대로 183(비산동, 동양월드타워)","source":"경기도 안양시_비상대피시설 현황(공공데이터포털 3045138)","asof":"2025-12-26","area":"5850","capacity":"7090"},"geometry":{"type":"Point","coordinates":[126.944735,37.399453]}},{"type":"Feature","properties":{"kind":"shelter","name":"종합운동장 빙상장 지하주차장","address":"경기도 안양시 동안구 평촌대로 389(비산동)","source":"경기도 안양시_비상대피시설 현황(공공데이터포털 3045138)","asof":"2025-12-26","area":"5850","capacity":"7090"},"geometry":{"type":"Point","coordinates":[126.948489,37.404175]}},{"type":"Feature","properties":{"kind":"shelter","name":"비산중학교 지하주차장","address":"경기도 안양시 동안구 평촌대로427번길 42(비산동)","source":"경기도 안양시_비상대피시설 현황(공공데이터포털 3045138)","asof":"2025-12-26","area":"169","capacity":"204"},"geometry":{"type":"Point","coordinates":[126.947926,37.409382]}},{"type":"Feature","properties":{"kind":"shelter","name":"비산3동행정복지센터 지하주차장","address":"경기도 안양시 동안구 운곡로 34(비산동)","source":"경기도 안양시_비상대피시설 현황(공공데이터포털 3045138)","asof":"2025-12-26","area":"703","capacity":"852"},"geometry":{"type":"Point","coordinates":[126.945567,37.404063]}},{"type":"Feature","properties":{"kind":"shelter","name":"부영아파트 지하주차장","address":"경기도 안양시 동안구 학의로 46(비산동, 관악부영아파트)","source":"경기도 안양시_비상대피시설 현황(공공데이터포털 3045138)","asof":"2025-12-26","area":"9100","capacity":"11030"},"geometry":{"type":"Point","coordinates":[126.94452,37.395975]}},{"type":"Feature","properties":{"kind":"shelter","name":"관악타운아파트 118동","address":"경기도 안양시 동안구 학의로 20(비산동, 관악아파트)","source":"경기도 안양시_비상대피시설 현황(공공데이터포털 3045138)","asof":"2025-12-26","area":"6017","capacity":"7293"},"geometry":{"type":"Point","coordinates":[126.942796,37.395425]}},{"type":"Feature","properties":{"kind":"shelter","name":"관악타운아파트 127동","address":"경기도 안양시 동안구 학의로 20(비산동, 관악아파트)","source":"경기도 안양시_비상대피시설 현황(공공데이터포털 3045138)","asof":"2025-12-26","area":"7481","capacity":"9067"},"geometry":{"type":"Point","coordinates":[126.942796,37.395425]}},{"type":"Feature","properties":{"kind":"shelter","name":"관악타운아파트 136동","address":"경기도 안양시 동안구 학의로 20(비산동, 관악아파트)","source":"경기도 안양시_비상대피시설 현황(공공데이터포털 3045138)","asof":"2025-12-26","area":"5461","capacity":"6619"},"geometry":{"type":"Point","coordinates":[126.942796,37.395425]}},{"type":"Feature","properties":{"kind":"shelter","name":"은하수벽산 지하주차장","address":"경기도 안양시 동안구 시민대로159번길 62(비산동, 은하수벽산아파트)","source":"경기도 안양시_비상대피시설 현황(공공데이터포털 3045138)","asof":"2025-12-26","area":"6799","capacity":"8241"},"geometry":{"type":"Point","coordinates":[126.947432,37.39308]}},{"type":"Feature","properties":{"kind":"shelter","name":"은하수신성아파트 지하주차장","address":"경기도 안양시 동안구 달안로 40(비산동, 은하수신성아파트)","source":"경기도 안양시_비상대피시설 현황(공공데이터포털 3045138)","asof":"2025-12-26","area":"6617","capacity":"8020"},"geometry":{"type":"Point","coordinates":[126.94818,37.393399]}},{"type":"Feature","properties":{"kind":"shelter","name":"은하수청구아파트 지하주차장","address":"경기도 안양시 동안구 시민대로159번길 41(비산동, 은하수청구아파트)","source":"경기도 안양시_비상대피시설 현황(공공데이터포털 3045138)","asof":"2025-12-26","area":"7509","capacity":"9101"},"geometry":{"type":"Point","coordinates":[126.947288,37.391277]}},{"type":"Feature","properties":{"kind":"shelter","name":"은하수한양아파트 지하주차장","address":"경기도 안양시 동안구 동안로159번길 14(비산동, 은하수한양아파트)","source":"경기도 안양시_비상대피시설 현황(공공데이터포털 3045138)","asof":"2025-12-26","area":"1957","capacity":"2372"},"geometry":{"type":"Point","coordinates":[126.949349,37.392513]}},{"type":"Feature","properties":{"kind":"shelter","name":"샛별아파트1차 지하주차장","address":"경기도 안양시 동안구 달안로 62(비산동, 샛별한양아파트)","source":"경기도 안양시_비상대피시설 현황(공공데이터포털 3045138)","asof":"2025-12-26","area":"4194","capacity":"5083"},"geometry":{"type":"Point","coordinates":[126.949501,37.394795]}},{"type":"Feature","properties":{"kind":"shelter","name":"샛별아파트4-1차 지하주차장","address":"경기도 안양시 동안구 동안로 194(비산동)","source":"경기도 안양시_비상대피시설 현황(공공데이터포털 3045138)","asof":"2025-12-26","area":"4994","capacity":"6053"},"geometry":{"type":"Point","coordinates":[126.94958,37.395867]}},{"type":"Feature","properties":{"kind":"shelter","name":"샛별아파트4-2,3차 지하주차장","address":"경기도 안양시 동안구 달안로 75(비산동, 샛별한양아파트)","source":"경기도 안양시_비상대피시설 현황(공공데이터포털 3045138)","asof":"2025-12-26","area":"15386","capacity":"18649"},"geometry":{"type":"Point","coordinates":[126.950843,37.396784]}},{"type":"Feature","properties":{"kind":"shelter","name":"홈플러스 평촌점","address":"경기도 안양시 동안구 평촌대로253번길 48(비산동, 샛별한양아파트)","source":"경기도 안양시_비상대피시설 현황(공공데이터포털 3045138)","asof":"2025-12-26","area":"9620","capacity":"11660"},"geometry":{"type":"Point","coordinates":[126.951689,37.393316]}},{"type":"Feature","properties":{"kind":"shelter","name":"농협중앙회 안양시지부","address":"경기도 안양시 동안구 시민대로 197(비산동)","source":"경기도 안양시_비상대피시설 현황(공공데이터포털 3045138)","asof":"2025-12-26","area":"992","capacity":"1202"},"geometry":{"type":"Point","coordinates":[126.952632,37.392012]}},{"type":"Feature","properties":{"kind":"shelter","name":"달안동 행정복지센터 지하","address":"경기도 안양시 동안구 달안로 65(비산동)","source":"경기도 안양시_비상대피시설 현황(공공데이터포털 3045138)","asof":"2025-12-26","area":"248","capacity":"300"},"geometry":{"type":"Point","coordinates":[126.950184,37.396094]}},{"type":"Feature","properties":{"kind":"shelter","name":"안양우체국","address":"경기도 안양시 동안구 평촌대로253번길 25(비산동)","source":"경기도 안양시_비상대피시설 현황(공공데이터포털 3045138)","asof":"2025-12-26","area":"142","capacity":"172"},"geometry":{"type":"Point","coordinates":[126.952599,37.392925]}},{"type":"Feature","properties":{"kind":"shelter","name":"KT안양지사","address":"경기도 안양시 동안구 평촌대로 243(비산동)","source":"경기도 안양시_비상대피시설 현황(공공데이터포털 3045138)","asof":"2025-12-26","area":"727","capacity":"881"},"geometry":{"type":"Point","coordinates":[126.953334,37.393598]}},{"type":"Feature","properties":{"kind":"shelter","name":"동안구청","address":"경기도 안양시 동안구 동안로 158(비산동)","source":"경기도 안양시_비상대피시설 현황(공공데이터포털 3045138)","asof":"2025-12-26","area":"3759","capacity":"4556"},"geometry":{"type":"Point","coordinates":[126.952045,37.392531]}},{"type":"Feature","properties":{"kind":"shelter","name":"동안구보건소","address":"경기도 안양시 동안구 평촌대로253번길 41(비산동)","source":"경기도 안양시_비상대피시설 현황(공공데이터포털 3045138)","asof":"2025-12-26","area":"307","capacity":"372"},"geometry":{"type":"Point","coordinates":[126.952115,37.393202]}},{"type":"Feature","properties":{"kind":"shelter","name":"농협앞 지하보도","address":"경기도 안양시 동안구 시민대로 199(비산동)","source":"경기도 안양시_비상대피시설 현황(공공데이터포털 3045138)","asof":"2025-12-26","area":"231","capacity":"280"},"geometry":{"type":"Point","coordinates":[126.953075,37.392229]}},{"type":"Feature","properties":{"kind":"shelter","name":"동호빌딩 지하","address":"경기도 안양시 동안구 관악대로 353(관양동)","source":"경기도 안양시_비상대피시설 현황(공공데이터포털 3045138)","asof":"2025-12-26","area":"165","capacity":"200"},"geometry":{"type":"Point","coordinates":[126.962061,37.404328]}},{"type":"Feature","properties":{"kind":"shelter","name":"해동놀이터 지하주차장","address":"경기도 안양시 동안구 관악대로287번길 104-22(관양동)","source":"경기도 안양시_비상대피시설 현황(공공데이터포털 3045138)","asof":"2025-12-26","area":"2619","capacity":"3174"},"geometry":{"type":"Point","coordinates":[126.95613,37.407419]}},{"type":"Feature","properties":{"kind":"shelter","name":"이너스내안에아파트 지하주차장","address":"경기도 안양시 동안구 관악대로318번길 8(관양동, 이너스내안에아파트)","source":"경기도 안양시_비상대피시설 현황(공공데이터포털 3045138)","asof":"2025-12-26","area":"1845","capacity":"2236"},"geometry":{"type":"Point","coordinates":[126.958118,37.402535]}},{"type":"Feature","properties":{"kind":"shelter","name":"신일해피트리아파트 지하주차장","address":"경기도 안양시 동안구 관악대로360번길 29-10(관양동, 신일해피트리)","source":"경기도 안양시_비상대피시설 현황(공공데이터포털 3045138)","asof":"2025-12-26","area":"1789","capacity":"2168"},"geometry":{"type":"Point","coordinates":[126.964053,37.402422]}},{"type":"Feature","properties":{"kind":"shelter","name":"동편마을4단지아파트 지하주차장","address":"경기도 안양시 동안구 동편로 135(관양동, 동편마을)","source":"경기도 안양시_비상대피시설 현황(공공데이터포털 3045138)","asof":"2025-12-26","area":"36927","capacity":"44760"},"geometry":{"type":"Point","coordinates":[126.96785,37.40982]}},{"type":"Feature","properties":{"kind":"shelter","name":"동편마을 공영주차장","address":"경기도 안양시 동안구 동편로39번길 20-5(관양동)","source":"경기도 안양시_비상대피시설 현황(공공데이터포털 3045138)","asof":"2025-12-26","area":"5289","capacity":"6410"},"geometry":{"type":"Point","coordinates":[126.972261,37.408406]}},{"type":"Feature","properties":{"kind":"shelter","name":"석영빌딩","address":"경기도 안양시 동안구 관악대로 430(관양동)","source":"경기도 안양시_비상대피시설 현황(공공데이터포털 3045138)","asof":"2025-12-26","area":"1359","capacity":"1647"},"geometry":{"type":"Point","coordinates":[126.970657,37.404536]}},{"type":"Feature","properties":{"kind":"shelter","name":"인덕원 지하철역 지하","address":"경기도 안양시 동안구 흥안대로 지하529(관양동)","source":"경기도 안양시_비상대피시설 현황(공공데이터포털 3045138)","asof":"2025-12-26","area":"2248","capacity":"2724"},"geometry":{"type":"Point","coordinates":[126.956112,37.369545]}},{"type":"Feature","properties":{"kind":"shelter","name":"비해빌딩","address":"경기도 안양시 동안구 흥안대로 493(관양동)","source":"경기도 안양시_비상대피시설 현황(공공데이터포털 3045138)","asof":"2025-12-26","area":"430","capacity":"521"},"geometry":{"type":"Point","coordinates":[126.976475,37.397982]}},{"type":"Feature","properties":{"kind":"shelter","name":"다목적 복지회관 지하","address":"경기도 안양시 동안구 인덕원로24번길 60(관양동)","source":"경기도 안양시_비상대피시설 현황(공공데이터포털 3045138)","asof":"2025-12-26","area":"185","capacity":"224"},"geometry":{"type":"Point","coordinates":[126.975154,37.399619]}},{"type":"Feature","properties":{"kind":"shelter","name":"인덕원마을삼성아파트 지하주차장","address":"경기도 안양시 동안구 안양판교로 42(관양동, 인덕원마을삼성아파트)","source":"경기도 안양시_비상대피시설 현황(공공데이터포털 3045138)","asof":"2025-12-26","area":"29277","capacity":"35487"},"geometry":{"type":"Point","coordinates":[126.978167,37.398419]}},{"type":"Feature","properties":{"kind":"shelter","name":"평촌더샵 센트럴시티 지하주차장","address":"경기도 안양시 동안구 시민대로327번길 55(관양동, 평촌더샵센트럴시티)","source":"경기도 안양시_비상대피시설 현황(공공데이터포털 3045138)","asof":"2025-12-26","area":"59904","capacity":"72610"},"geometry":{"type":"Point","coordinates":[126.963402,37.398926]}},{"type":"Feature","properties":{"kind":"shelter","name":"평촌오비즈타워 지하주차장(지하1~3층)","address":"경기도 안양시 동안구 관양동 1802 평촌 오비즈타워","source":"경기도 안양시_비상대피시설 현황(공공데이터포털 3045138)","asof":"2025-12-26","area":"26985","capacity":"32710"},"geometry":{"type":"Point","coordinates":[126.970072,37.39981]}},{"type":"Feature","properties":{"kind":"shelter","name":"성일아파트 지하주차장","address":"경기도 안양시 동안구 달안로 153(관양동, 공작성일아파트)","source":"경기도 안양시_비상대피시설 현황(공공데이터포털 3045138)","asof":"2025-12-26","area":"8555","capacity":"10369"},"geometry":{"type":"Point","coordinates":[126.958939,37.399936]}},{"type":"Feature","properties":{"kind":"shelter","name":"럭키아파트 지하주차장","address":"경기도 안양시 동안구 학의로 168(관양동, 공작럭키아파트)","source":"경기도 안양시_비상대피시설 현황(공공데이터포털 3045138)","asof":"2025-12-26","area":"2853","capacity":"3458"},"geometry":{"type":"Point","coordinates":[126.957563,37.400871]}},{"type":"Feature","properties":{"kind":"shelter","name":"두산아파트 지하주차장","address":"경기도 안양시 동안구 달안로 125(관양동, 한가람두산아파트)","source":"경기도 안양시_비상대피시설 현황(공공데이터포털 3045138)","asof":"2025-12-26","area":"4661","capacity":"5649"},"geometry":{"type":"Point","coordinates":[126.956842,37.398468]}},{"type":"Feature","properties":{"kind":"shelter","name":"삼성아파트 지하주차장","address":"경기도 안양시 동안구 학의로 146(관양동, 한가람삼성아파트)","source":"경기도 안양시_비상대피시설 현황(공공데이터포털 3045138)","asof":"2025-12-26","area":"8020","capacity":"9721"},"geometry":{"type":"Point","coordinates":[126.955921,37.400761]}},{"type":"Feature","properties":{"kind":"shelter","name":"한양아파트 지하주차장","address":"경기도 안양시 동안구 학의로 120(관양동, 한가람한양아파트)","source":"경기도 안양시_비상대피시설 현황(공공데이터포털 3045138)","asof":"2025-12-26","area":"8301","capacity":"10061"},"geometry":{"type":"Point","coordinates":[126.953699,37.399856]}},{"type":"Feature","properties":{"kind":"shelter","name":"평촌지하공영주차장","address":"경기도 안양시 동안구 관양동 1591-5","source":"경기도 안양시_비상대피시설 현황(공공데이터포털 3045138)","asof":"2025-12-26","area":"33808","capacity":"40979"},"geometry":{"type":"Point","coordinates":[126.958114,37.392131]}},{"type":"Feature","properties":{"kind":"shelter","name":"안양시청지하주차장","address":"경기도 안양시 동안구 시민대로 235(관양동)","source":"경기도 안양시_비상대피시설 현황(공공데이터포털 3045138)","asof":"2025-12-26","area":"11240","capacity":"13624"},"geometry":{"type":"Point","coordinates":[126.956833,37.394295]}},{"type":"Feature","properties":{"kind":"shelter","name":"부림동행정복지센터","address":"경기도 안양시 동안구 달안로 154(관양동)","source":"경기도 안양시_비상대피시설 현황(공공데이터포털 3045138)","asof":"2025-12-26","area":"198","capacity":"240"},"geometry":{"type":"Point","coordinates":[126.959461,37.398733]}},{"type":"Feature","properties":{"kind":"shelter","name":"KEB하나은행앞 지하보도","address":"경기도 안양시 동안구 시민대로 286(관양동)","source":"경기도 안양시_비상대피시설 현황(공공데이터포털 3045138)","asof":"2025-12-26","area":"198","capacity":"240"},"geometry":{"type":"Point","coordinates":[126.962274,37.394564]}},{"type":"Feature","properties":{"kind":"shelter","name":"조선일보앞 지하보도","address":"경기도 안양시 동안구 관평로 175(관양동)","source":"경기도 안양시_비상대피시설 현황(공공데이터포털 3045138)","asof":"2025-12-26","area":"202","capacity":"244"},"geometry":{"type":"Point","coordinates":[126.959457,37.392294]}},{"type":"Feature","properties":{"kind":"shelter","name":"한양아파트 앞 지하보도","address":"경기도 안양시 동안구 달안로 95(관양동)","source":"경기도 안양시_비상대피시설 현황(공공데이터포털 3045138)","asof":"2025-12-26","area":"198","capacity":"240"},"geometry":{"type":"Point","coordinates":[126.953354,37.398075]}},{"type":"Feature","properties":{"kind":"shelter","name":"시청앞 지하보도","address":"경기도 안양시 동안구 시민대로 235(관양동)","source":"경기도 안양시_비상대피시설 현황(공공데이터포털 3045138)","asof":"2025-12-26","area":"793","capacity":"961"},"geometry":{"type":"Point","coordinates":[126.956833,37.394295]}},{"type":"Feature","properties":{"kind":"shelter","name":"평촌지하철역 지하","address":"경기도 안양시 동안구 관양동 1608-1 평촌역","source":"경기도 안양시_비상대피시설 현황(공공데이터포털 3045138)","asof":"2025-12-26","area":"8529","capacity":"10338"},"geometry":{"type":"Point","coordinates":[126.963707,37.394219]}},{"type":"Feature","properties":{"kind":"shelter","name":"인덕원 대우아파트 지하주차장","address":"경기도 안양시 동안구 학의로 390(평촌동, 인덕원대우아파트푸른마을)","source":"경기도 안양시_비상대피시설 현황(공공데이터포털 3045138)","asof":"2025-12-26","area":"52172","capacity":"63238"},"geometry":{"type":"Point","coordinates":[126.979279,37.395163]}},{"type":"Feature","properties":{"kind":"shelter","name":"한일미래아파트 지하주차장","address":"경기도 안양시 동안구 흥안대로456번길 40(평촌동, 한일미래아파트)","source":"경기도 안양시_비상대피시설 현황(공공데이터포털 3045138)","asof":"2025-12-26","area":"4152","capacity":"5032"},"geometry":{"type":"Point","coordinates":[126.977456,37.393818]}},{"type":"Feature","properties":{"kind":"shelter","name":"인덕원대림아파트 지하주차장","address":"경기도 안양시 동안구 흥안대로 446-20(평촌동, 인덕원대림아파트)","source":"경기도 안양시_비상대피시설 현황(공공데이터포털 3045138)","asof":"2025-12-26","area":"4212","capacity":"5105"},"geometry":{"type":"Point","coordinates":[126.976066,37.39358]}},{"type":"Feature","properties":{"kind":"shelter","name":"영풍아파트 지하주차장","address":"경기도 안양시 동안구 흥안대로414번길 20(평촌동, 영풍아파트)","source":"경기도 안양시_비상대피시설 현황(공공데이터포털 3045138)","asof":"2025-12-26","area":"6136","capacity":"7437"},"geometry":{"type":"Point","coordinates":[126.974984,37.390533]}},{"type":"Feature","properties":{"kind":"shelter","name":"삼성래미안아파트 지하주차장","address":"경기도 안양시 동안구 흥안대로456번길 66(평촌동, 삼성래미안 아파트)","source":"경기도 안양시_비상대피시설 현황(공공데이터포털 3045138)","asof":"2025-12-26","area":"10549","capacity":"12786"},"geometry":{"type":"Point","coordinates":[126.978893,37.39303]}},{"type":"Feature","properties":{"kind":"shelter","name":"인덕원대림2차아파트 지하주차장","address":"경기도 안양시 동안구 흥안대로414번길 39(평촌동, 인덕원 대림2차 아파트)","source":"경기도 안양시_비상대피시설 현황(공공데이터포털 3045138)","asof":"2025-12-26","area":"19301","capacity":"23395"},"geometry":{"type":"Point","coordinates":[126.976988,37.390824]}},{"type":"Feature","properties":{"kind":"shelter","name":"평촌e-편한세상아파트 지하주차장","address":"경기도 안양시 동안구 흥안대로456번길 17(평촌동, 평촌 이편한세상)","source":"경기도 안양시_비상대피시설 현황(공공데이터포털 3045138)","asof":"2025-12-26","area":"17753","capacity":"21518"},"geometry":{"type":"Point","coordinates":[126.977224,37.39509]}},{"type":"Feature","properties":{"kind":"shelter","name":"평촌동 행정복지센터 지하","address":"경기도 안양시 동안구 흥안대로456번길 21(평촌동)","source":"경기도 안양시_비상대피시설 현황(공공데이터포털 3045138)","asof":"2025-12-26","area":"705","capacity":"854"},"geometry":{"type":"Point","coordinates":[126.97714,37.394676]}},{"type":"Feature","properties":{"kind":"shelter","name":"세경아파트 지하주차장","address":"경기도 안양시 동안구 관평로138번길 13(평촌동, 초원세경아파트)","source":"경기도 안양시_비상대피시설 현황(공공데이터포털 3045138)","asof":"2025-12-26","area":"5052","capacity":"6123"},"geometry":{"type":"Point","coordinates":[126.96271,37.390204]}},{"type":"Feature","properties":{"kind":"shelter","name":"한양아파트 지하주차장","address":"경기도 안양시 동안구 부림로 80(평촌동, 초원한양아파트)","source":"경기도 안양시_비상대피시설 현황(공공데이터포털 3045138)","asof":"2025-12-26","area":"12082","capacity":"14644"},"geometry":{"type":"Point","coordinates":[126.968287,37.391191]}},{"type":"Feature","properties":{"kind":"shelter","name":"LG아파트 지하주차장","address":"경기도 안양시 동안구 부림로 52(평촌동, 초원럭키아파트)","source":"경기도 안양시_비상대피시설 현황(공공데이터포털 3045138)","asof":"2025-12-26","area":"7448","capacity":"9027"},"geometry":{"type":"Point","coordinates":[126.968859,37.390195]}},{"type":"Feature","properties":{"kind":"shelter","name":"성원아파트 지하주차장","address":"경기도 안양시 동안구 관평로138번길 12(평촌동, 초원성원아파트)","source":"경기도 안양시_비상대피시설 현황(공공데이터포털 3045138)","asof":"2025-12-26","area":"3270","capacity":"3963"},"geometry":{"type":"Point","coordinates":[126.963128,37.3892]}},{"type":"Feature","properties":{"kind":"shelter","name":"대림아파트 지하주차장","address":"경기도 안양시 동안구 귀인로 237(평촌동, 초원대림아파트)","source":"경기도 안양시_비상대피시설 현황(공공데이터포털 3045138)","asof":"2025-12-26","area":"9712","capacity":"11772"},"geometry":{"type":"Point","coordinates":[126.964966,37.388868]}},{"type":"Feature","properties":{"kind":"shelter","name":"대원아파트 지하주차장","address":"경기도 안양시 동안구 부림로 55(평촌동, 초원대원아파트)","source":"경기도 안양시_비상대피시설 현황(공공데이터포털 3045138)","asof":"2025-12-26","area":"7655","capacity":"9278"},"geometry":{"type":"Point","coordinates":[126.967681,37.388751]}},{"type":"Feature","properties":{"kind":"shelter","name":"롯데아파트 지하주차장","address":"경기도 안양시 동안구 평촌대로180번길 28(평촌동, 향촌롯데아파트)","source":"경기도 안양시_비상대피시설 현황(공공데이터포털 3045138)","asof":"2025-12-26","area":"8349","capacity":"10120"},"geometry":{"type":"Point","coordinates":[126.958255,37.387702]}},{"type":"Feature","properties":{"kind":"shelter","name":"현대4차아파트 지하주차장","address":"경기도 안양시 동안구 귀인로 193(평촌동, 향촌현대4차아파트)","source":"경기도 안양시_비상대피시설 현황(공공데이터포털 3045138)","asof":"2025-12-26","area":"4199","capacity":"5089"},"geometry":{"type":"Point","coordinates":[126.96004,37.386179]}},{"type":"Feature","properties":{"kind":"shelter","name":"현대5차아파트 지하주차장","address":"경기도 안양시 동안구 귀인로 213(평촌동, 향촌현대5차아파트)","source":"경기도 안양시_비상대피시설 현황(공공데이터포털 3045138)","asof":"2025-12-26","area":"7970","capacity":"9660"},"geometry":{"type":"Point","coordinates":[126.962645,37.386326]}},{"type":"Feature","properties":{"kind":"shelter","name":"평안동행정복지센터 지하","address":"경기도 안양시 동안구 관평로138번길 39(평촌동)","source":"경기도 안양시_비상대피시설 현황(공공데이터포털 3045138)","asof":"2025-12-26","area":"147","capacity":"178"},"geometry":{"type":"Point","coordinates":[126.96427,37.390397]}},{"type":"Feature","properties":{"kind":"shelter","name":"꿈마을 라이프아파트 지하주차장","address":"경기도 안양시 동안구 귀인로 258(평촌동, 꿈마을라이프아파트)","source":"경기도 안양시_비상대피시설 현황(공공데이터포털 3045138)","asof":"2025-12-26","area":"6526","capacity":"7910"},"geometry":{"type":"Point","coordinates":[126.967458,37.387432]}},{"type":"Feature","properties":{"kind":"shelter","name":"꿈마을 금호아파트 지하주차장","address":"경기도 안양시 동안구 관평로 88(평촌동, 꿈마을금호아파트)","source":"경기도 안양시_비상대피시설 현황(공공데이터포털 3045138)","asof":"2025-12-26","area":"7590","capacity":"9200"},"geometry":{"type":"Point","coordinates":[126.96643,37.385925]}},{"type":"Feature","properties":{"kind":"shelter","name":"꿈마을 한신아파트 지하주차장","address":"경기도 안양시 동안구 관평로 68(평촌동, 꿈마을한신아파트)","source":"경기도 안양시_비상대피시설 현황(공공데이터포털 3045138)","asof":"2025-12-26","area":"10169","capacity":"12326"},"geometry":{"type":"Point","coordinates":[126.96631,37.38337]}},{"type":"Feature","properties":{"kind":"shelter","name":"꿈마을 현대아파트 지하주차장","address":"경기도 안양시 동안구 부림로 13(평촌동, 꿈마을현대아파트)","source":"경기도 안양시_비상대피시설 현황(공공데이터포털 3045138)","asof":"2025-12-26","area":"8056","capacity":"9764"},"geometry":{"type":"Point","coordinates":[126.967601,37.384399]}},{"type":"Feature","properties":{"kind":"shelter","name":"꿈마을 우성아파트 지하주차장","address":"경기도 안양시 동안구 부림로 34(평촌동, 꿈마을우성아파트)","source":"경기도 안양시_비상대피시설 현황(공공데이터포털 3045138)","asof":"2025-12-26","area":"6526","capacity":"7910"},"geometry":{"type":"Point","coordinates":[126.970754,37.386915]}},{"type":"Feature","properties":{"kind":"shelter","name":"꿈마을 건영2차아파트 지하주차장","address":"경기도 안양시 동안구 부림로 10(평촌동, 꿈마을건영아파트)","source":"경기도 안양시_비상대피시설 현황(공공데이터포털 3045138)","asof":"2025-12-26","area":"4063","capacity":"4924"},"geometry":{"type":"Point","coordinates":[126.970545,37.384628]}},{"type":"Feature","properties":{"kind":"shelter","name":"꿈마을 건영3차아파트 지하주차장","address":"경기도 안양시 동안구 귀인로 294(평촌동, 꿈마을동아아파트)","source":"경기도 안양시_비상대피시설 현황(공공데이터포털 3045138)","asof":"2025-12-26","area":"4069","capacity":"4932"},"geometry":{"type":"Point","coordinates":[126.971095,37.386713]}},{"type":"Feature","properties":{"kind":"shelter","name":"꿈마을 동아아파트 지하주차장","address":"경기도 안양시 동안구 귀인로 294(평촌동, 꿈마을동아아파트)","source":"경기도 안양시_비상대피시설 현황(공공데이터포털 3045138)","asof":"2025-12-26","area":"8182","capacity":"9917"},"geometry":{"type":"Point","coordinates":[126.971095,37.386713]}},{"type":"Feature","properties":{"kind":"shelter","name":"꿈마을 라이프아파트 101동","address":"경기도 안양시 동안구 귀인로 258(평촌동, 꿈마을라이프아파트)","source":"경기도 안양시_비상대피시설 현황(공공데이터포털 3045138)","asof":"2025-12-26","area":"747","capacity":"905"},"geometry":{"type":"Point","coordinates":[126.967458,37.387432]}},{"type":"Feature","properties":{"kind":"shelter","name":"꿈마을한신아파트 703동","address":"경기도 안양시 동안구 관평로 68(평촌동, 꿈마을한신아파트)","source":"경기도 안양시_비상대피시설 현황(공공데이터포털 3045138)","asof":"2025-12-26","area":"747","capacity":"905"},"geometry":{"type":"Point","coordinates":[126.96631,37.38337]}},{"type":"Feature","properties":{"kind":"shelter","name":"꿈마을 우성아파트 203동","address":"경기도 안양시 동안구 부림로 34(평촌동, 꿈마을우성아파트)","source":"경기도 안양시_비상대피시설 현황(공공데이터포털 3045138)","asof":"2025-12-26","area":"684","capacity":"829"},"geometry":{"type":"Point","coordinates":[126.970754,37.386915]}},{"type":"Feature","properties":{"kind":"shelter","name":"귀인마을 현대홈타운 101동 지하주차장","address":"경기도 안양시 동안구 귀인로 208(평촌동, 귀인마을현대홈타운)","source":"경기도 안양시_비상대피시설 현황(공공데이터포털 3045138)","asof":"2025-12-26","area":"7009","capacity":"8481"},"geometry":{"type":"Point","coordinates":[126.962316,37.385347]}},{"type":"Feature","properties":{"kind":"shelter","name":"귀인마을 현대홈타운 203동 지하주차장","address":"경기도 안양시 동안구 귀인로 210(평촌동, 귀인마을현대홈타운)","source":"경기도 안양시_비상대피시설 현황(공공데이터포털 3045138)","asof":"2025-12-26","area":"7556","capacity":"9143"},"geometry":{"type":"Point","coordinates":[126.962624,37.385504]}},{"type":"Feature","properties":{"kind":"shelter","name":"귀인동 행정복지센터 지하","address":"경기도 안양시 동안구 부림로 16(평촌동)","source":"경기도 안양시_비상대피시설 현황(공공데이터포털 3045138)","asof":"2025-12-26","area":"198","capacity":"240"},"geometry":{"type":"Point","coordinates":[126.969503,37.385516]}},{"type":"Feature","properties":{"kind":"shelter","name":"농수산물도매시장 지하주차장","address":"경기도 안양시 동안구 흥안대로 313(평촌동)","source":"경기도 안양시_비상대피시설 현황(공공데이터포털 3045138)","asof":"2025-12-26","area":"13760","capacity":"16678"},"geometry":{"type":"Point","coordinates":[126.967641,37.382009]}},{"type":"Feature","properties":{"kind":"shelter","name":"봉성빌딩","address":"경기도 안양시 동안구 경수대로 606(호계동)","source":"경기도 안양시_비상대피시설 현황(공공데이터포털 3045138)","asof":"2025-12-26","area":"265","capacity":"321"},"geometry":{"type":"Point","coordinates":[126.956302,37.376778]}},{"type":"Feature","properties":{"kind":"shelter","name":"양의문교회","address":"경기도 안양시 동안구 경수대로596번길 8(호계동)","source":"경기도 안양시_비상대피시설 현황(공공데이터포털 3045138)","asof":"2025-12-26","area":"331","capacity":"401"},"geometry":{"type":"Point","coordinates":[126.957188,37.375807]}},{"type":"Feature","properties":{"kind":"shelter","name":"삼성홈플러스(호계점)국제유통단지 지하주차장","address":"경기도 안양시 동안구 엘에스로 92(호계동)","source":"경기도 안양시_비상대피시설 현황(공공데이터포털 3045138)","asof":"2025-12-26","area":"142811","capacity":"173104"},"geometry":{"type":"Point","coordinates":[126.95088,37.372051]}},{"type":"Feature","properties":{"kind":"shelter","name":"대은빌딩","address":"경기도 안양시 동안구 엘에스로91번길 45(호계동)","source":"경기도 안양시_비상대피시설 현황(공공데이터포털 3045138)","asof":"2025-12-26","area":"357","capacity":"432"},"geometry":{"type":"Point","coordinates":[126.9499,37.368704]}},{"type":"Feature","properties":{"kind":"shelter","name":"호계1동 행정복지센터 지하","address":"경기도 안양시 동안구 경수대로 538(호계동)","source":"경기도 안양시_비상대피시설 현황(공공데이터포털 3045138)","asof":"2025-12-26","area":"231","capacity":"280"},"geometry":{"type":"Point","coordinates":[126.958308,37.370881]}},{"type":"Feature","properties":{"kind":"shelter","name":"평촌어바인퍼스트 1단지 지하주차장","address":"경기도 안양시 동안구 경수대로 581(호계동, 평촌 어바인 퍼스트)","source":"경기도 안양시_비상대피시설 현황(공공데이터포털 3045138)","asof":"2025-12-26","area":"108365","capacity":"131351"},"geometry":{"type":"Point","coordinates":[126.956203,37.374037]}},{"type":"Feature","properties":{"kind":"shelter","name":"평촌어바인퍼스트 1단지 지하주차장","address":"경기도 안양시 동안구 경수대로 583(호계동, 평촌 어바인 퍼스트)","source":"경기도 안양시_비상대피시설 현황(공공데이터포털 3045138)","asof":"2025-12-26","area":"54022","capacity":"65481"},"geometry":{"type":"Point","coordinates":[126.956027,37.37488]}},{"type":"Feature","properties":{"kind":"shelter","name":"럭키아파트 101동 지하주차장","address":"경기도 안양시 동안구 경수대로623번길 46(호계동, 럭키호계아파트)","source":"경기도 안양시_비상대피시설 현황(공공데이터포털 3045138)","asof":"2025-12-26","area":"5678","capacity":"6682"},"geometry":{"type":"Point","coordinates":[126.951407,37.376425]}},{"type":"Feature","properties":{"kind":"shelter","name":"LD범계마을아파트 지하주차장","address":"경기도 안양시 동안구 귀인로79번길 12(호계동, LD범계마을아파트)","source":"경기도 안양시_비상대피시설 현황(공공데이터포털 3045138)","asof":"2025-12-26","area":"2933","capacity":"3555"},"geometry":{"type":"Point","coordinates":[126.949218,37.382746]}},{"type":"Feature","properties":{"kind":"shelter","name":"호산아파트 지하주차장","address":"경기도 안양시 동안구 경수대로721번길 44-28(호계동, 호산아파트)","source":"경기도 안양시_비상대피시설 현황(공공데이터포털 3045138)","asof":"2025-12-26","area":"3256","capacity":"3946"},"geometry":{"type":"Point","coordinates":[126.947353,37.385975]}},{"type":"Feature","properties":{"kind":"shelter","name":"흥화아파트 지하주차장","address":"경기도 안양시 동안구 귀인로98번길 13(호계동, 흥화아파트)","source":"경기도 안양시_비상대피시설 현황(공공데이터포털 3045138)","asof":"2025-12-26","area":"7891","capacity":"9564"},"geometry":{"type":"Point","coordinates":[126.950923,37.381481]}},{"type":"Feature","properties":{"kind":"shelter","name":"금호아파트 지하주차장","address":"경기도 안양시 동안구 귀인로80번길 5(호계동, 호계동 금호아파트)","source":"경기도 안양시_비상대피시설 현황(공공데이터포털 3045138)","asof":"2025-12-26","area":"4056","capacity":"4916"},"geometry":{"type":"Point","coordinates":[126.948274,37.381477]}},{"type":"Feature","properties":{"kind":"shelter","name":"효성아파트 지하주차장","address":"경기도 안양시 동안구 시민대로110번길 43(호계동, 호계동 효성아파트)","source":"경기도 안양시_비상대피시설 현황(공공데이터포털 3045138)","asof":"2025-12-26","area":"7233","capacity":"8767"},"geometry":{"type":"Point","coordinates":[126.947885,37.38503]}},{"type":"Feature","properties":{"kind":"shelter","name":"한마음아파트 지하주차장","address":"경기도 안양시 동안구 경수대로797번길 5(호계동, 한마음아파트)","source":"경기도 안양시_비상대피시설 현황(공공데이터포털 3045138)","asof":"2025-12-26","area":"19729","capacity":"23913"},"geometry":{"type":"Point","coordinates":[126.945413,37.389681]}},{"type":"Feature","properties":{"kind":"shelter","name":"푸른마을삼성아파트 지하주차장","address":"경기도 안양시 동안구 귀인로82번길 54(호계동, 푸른마을삼성아파트)","source":"경기도 안양시_비상대피시설 현황(공공데이터포털 3045138)","asof":"2025-12-26","area":"1990","capacity":"23913"},"geometry":{"type":"Point","coordinates":[126.950877,37.380573]}},{"type":"Feature","properties":{"kind":"shelter","name":"일신아파트 지하주차장","address":"경기도 안양시 동안구 경수대로707번길 52(호계동, 일신아파트)","source":"경기도 안양시_비상대피시설 현황(공공데이터포털 3045138)","asof":"2025-12-26","area":"1385","capacity":"1678"},"geometry":{"type":"Point","coordinates":[126.948625,37.384114]}},{"type":"Feature","properties":{"kind":"shelter","name":"흥화2차아파트 지하주차장","address":"경기도 안양시 동안구 경수대로623번길 60(호계동, 흥화브라운빌아파트)","source":"경기도 안양시_비상대피시설 현황(공공데이터포털 3045138)","asof":"2025-12-26","area":"3141","capacity":"1678"},"geometry":{"type":"Point","coordinates":[126.952406,37.376652]}},{"type":"Feature","properties":{"kind":"shelter","name":"흥화3차아파트 지하주차장","address":"경기도 안양시 동안구 경수대로609번길 26(호계동, 에이치에이치아이 브라운빌 3차)","source":"경기도 안양시_비상대피시설 현황(공공데이터포털 3045138)","asof":"2025-12-26","area":"3943","capacity":"4779"},"geometry":{"type":"Point","coordinates":[126.953983,37.376748]}},{"type":"Feature","properties":{"kind":"shelter","name":"현대홈타운아파트","address":"경기도 안양시 동안구 경수대로733번길 23(호계동, 호계1차 현대홈타운)","source":"경기도 안양시_비상대피시설 현황(공공데이터포털 3045138)","asof":"2025-12-26","area":"15095","capacity":"18296"},"geometry":{"type":"Point","coordinates":[126.948489,37.385802]}},{"type":"Feature","properties":{"kind":"shelter","name":"신성미소지움아파트","address":"경기도 안양시 동안구 경수대로707번길 39(호계동, 신성호계미소지움아파트)","source":"경기도 안양시_비상대피시설 현황(공공데이터포털 3045138)","asof":"2025-12-26","area":"9310","capacity":"11284"},"geometry":{"type":"Point","coordinates":[126.949298,37.383414]}},{"type":"Feature","properties":{"kind":"shelter","name":"호계현대아파트 지하주차장","address":"경기도 안양시 동안구 포도원로27번길 44(호계동, 현대아파트)","source":"경기도 안양시_비상대피시설 현황(공공데이터포털 3045138)","asof":"2025-12-26","area":"1493","capacity":"1809"},"geometry":{"type":"Point","coordinates":[126.964281,37.364083]}},{"type":"Feature","properties":{"kind":"shelter","name":"일신건영아파트 지하주차장","address":"경기도 안양시 동안구 호성로 37(호계동)","source":"경기도 안양시_비상대피시설 현황(공공데이터포털 3045138)","asof":"2025-12-26","area":"5220","capacity":"6327"},"geometry":{"type":"Point","coordinates":[126.964179,37.365147]}},{"type":"Feature","properties":{"kind":"shelter","name":"삼익아파트 지하주차장","address":"경기도 안양시 동안구 경수대로 480(호계동, 삼익아파트)","source":"경기도 안양시_비상대피시설 현황(공공데이터포털 3045138)","asof":"2025-12-26","area":"5815","capacity":"7048"},"geometry":{"type":"Point","coordinates":[126.958735,37.365949]}},{"type":"Feature","properties":{"kind":"shelter","name":"KT전화국 지하","address":"경기도 안양시 동안구 경수대로 507(호계동)","source":"경기도 안양시_비상대피시설 현황(공공데이터포털 3045138)","asof":"2025-12-26","area":"1511","capacity":"1831"},"geometry":{"type":"Point","coordinates":[126.957374,37.36732]}},{"type":"Feature","properties":{"kind":"shelter","name":"우양빌딩","address":"경기도 안양시 동안구 경수대로 527(호계동)","source":"경기도 안양시_비상대피시설 현황(공공데이터포털 3045138)","asof":"2025-12-26","area":"624","capacity":"756"},"geometry":{"type":"Point","coordinates":[126.957529,37.369827]}},{"type":"Feature","properties":{"kind":"shelter","name":"삼호우주아파트 지하주차장","address":"경기도 안양시 동안구 경수대로 492(호계동, 삼호우주아파트)","source":"경기도 안양시_비상대피시설 현황(공공데이터포털 3045138)","asof":"2025-12-26","area":"1649","capacity":"1998"},"geometry":{"type":"Point","coordinates":[126.958979,37.366592]}},{"type":"Feature","properties":{"kind":"shelter","name":"호계2차현대홈타운아파트 지하주차장","address":"경기도 안양시 동안구 경수대로 462(호계동, 호계2차현대홈타운)","source":"경기도 안양시_비상대피시설 현황(공공데이터포털 3045138)","asof":"2025-12-26","area":"84882","capacity":"102887"},"geometry":{"type":"Point","coordinates":[126.960342,37.36502]}},{"type":"Feature","properties":{"kind":"shelter","name":"호계아크로리버아파트 지하주차장","address":"경기도 안양시 동안구 엘에스로 35(호계동, 호계아크로리버)","source":"경기도 안양시_비상대피시설 현황(공공데이터포털 3045138)","asof":"2025-12-26","area":"14750","capacity":"17878"},"geometry":{"type":"Point","coordinates":[126.955556,37.366673]}},{"type":"Feature","properties":{"kind":"shelter","name":"호계e편한세상아파트 지하주차장","address":"경기도 안양시 동안구 경수대로 430(호계동, 호계 e-편한세상아파트)","source":"경기도 안양시_비상대피시설 현황(공공데이터포털 3045138)","asof":"2025-12-26","area":"78235","capacity":"94830"},"geometry":{"type":"Point","coordinates":[126.963364,37.363485]}},{"type":"Feature","properties":{"kind":"shelter","name":"호계복합청사","address":"경기도 안양시 동안구 경수대로 504(호계동)","source":"경기도 안양시_비상대피시설 현황(공공데이터포털 3045138)","asof":"2025-12-26","area":"2089","capacity":"2532"},"geometry":{"type":"Point","coordinates":[126.958661,37.36751]}},{"type":"Feature","properties":{"kind":"shelter","name":"목련아파트1단지 지하주차장","address":"경기도 안양시 동안구 동안로 101(호계동, 목련선경아파트)","source":"경기도 안양시_비상대피시설 현황(공공데이터포털 3045138)","asof":"2025-12-26","area":"10331","capacity":"12522"},"geometry":{"type":"Point","coordinates":[126.951327,37.387236]}},{"type":"Feature","properties":{"kind":"shelter","name":"목련아파트3단지 지하주차장","address":"경기도 안양시 동안구 평촌대로211번길 21(호계동, 목련우성아파트)","source":"경기도 안양시_비상대피시설 현황(공공데이터포털 3045138)","asof":"2025-12-26","area":"780","capacity":"945"},"geometry":{"type":"Point","coordinates":[126.955953,37.388639]}},{"type":"Feature","properties":{"kind":"shelter","name":"목련아파트5단지 지하주차장","address":"경기도 안양시 동안구 평촌대로179번길 30(호계동, 목련우성아파트)","source":"경기도 안양시_비상대피시설 현황(공공데이터포털 3045138)","asof":"2025-12-26","area":"732","capacity":"887"},"geometry":{"type":"Point","coordinates":[126.95519,37.387956]}},{"type":"Feature","properties":{"kind":"shelter","name":"목련아파트6단지 지하주차장","address":"경기도 안양시 동안구 평촌대로179번길 27(호계동, 목련두산아파트)","source":"경기도 안양시_비상대피시설 현황(공공데이터포털 3045138)","asof":"2025-12-26","area":"8368","capacity":"10143"},"geometry":{"type":"Point","coordinates":[126.956487,37.385957]}},{"type":"Feature","properties":{"kind":"shelter","name":"목련아파트7단지 지하주차장","address":"경기도 안양시 동안구 귀인로 157(호계동, 목련우성7차아파트)","source":"경기도 안양시_비상대피시설 현황(공공데이터포털 3045138)","asof":"2025-12-26","area":"8336","capacity":"10104"},"geometry":{"type":"Point","coordinates":[126.95606,37.384958]}},{"type":"Feature","properties":{"kind":"shelter","name":"목련아파트8단지 지하주차장","address":"경기도 안양시 동안구 동안로 57(호계동, 목련 동아,경남아파트)","source":"경기도 안양시_비상대피시설 현황(공공데이터포털 3045138)","asof":"2025-12-26","area":"9534","capacity":"11556"},"geometry":{"type":"Point","coordinates":[126.953243,37.384484]}},{"type":"Feature","properties":{"kind":"shelter","name":"목련아파트9단지 지하주차장","address":"경기도 안양시 동안구 동안로 75(호계동, 목련신동아아파트)","source":"경기도 안양시_비상대피시설 현황(공공데이터포털 3045138)","asof":"2025-12-26","area":"9534","capacity":"14144"},"geometry":{"type":"Point","coordinates":[126.95175,37.385793]}},{"type":"Feature","properties":{"kind":"shelter","name":"뉴코아아울렛 지하주차장","address":"경기도 안양시 동안구 동안로 119(호계동)","source":"경기도 안양시_비상대피시설 현황(공공데이터포털 3045138)","asof":"2025-12-26","area":"23131","capacity":"28037"},"geometry":{"type":"Point","coordinates":[126.950493,37.389173]}},{"type":"Feature","properties":{"kind":"shelter","name":"범계지하철역 지하","address":"경기도 안양시 동안구 호계동 1039-2 범계역","source":"경기도 안양시_비상대피시설 현황(공공데이터포털 3045138)","asof":"2025-12-26","area":"4304","capacity":"5216"},"geometry":{"type":"Point","coordinates":[126.951078,37.389746]}},{"type":"Feature","properties":{"kind":"shelter","name":"금호아파트(전동 지하) 지하주차장","address":"경기도 안양시 동안구 동안로 40(호계동, 무궁화금호아파트)","source":"경기도 안양시_비상대피시설 현황(공공데이터포털 3045138)","asof":"2025-12-26","area":"3603","capacity":"4367"},"geometry":{"type":"Point","coordinates":[126.956484,37.38231]}},{"type":"Feature","properties":{"kind":"shelter","name":"건영아파트(전동지하) 지하주차장","address":"경기도 안양시 동안구 동안로 11(호계동, 무궁화코오롱,건영아파트)","source":"경기도 안양시_비상대피시설 현황(공공데이터포털 3045138)","asof":"2025-12-26","area":"2893","capacity":"3506"},"geometry":{"type":"Point","coordinates":[126.956016,37.380455]}},{"type":"Feature","properties":{"kind":"shelter","name":"코오롱아파트(전동지하) 지하주차장","address":"경기도 안양시 동안구 동안로 11(호계동, 무궁화코오롱,건영아파트)","source":"경기도 안양시_비상대피시설 현황(공공데이터포털 3045138)","asof":"2025-12-26","area":"1851","capacity":"2243"},"geometry":{"type":"Point","coordinates":[126.956016,37.380455]}},{"type":"Feature","properties":{"kind":"shelter","name":"진흥아파트(전동 지하) 지하주차장","address":"경기도 안양시 동안구 동안로 6(호계동, 무궁화진흥아파트)","source":"경기도 안양시_비상대피시설 현황(공공데이터포털 3045138)","asof":"2025-12-26","area":"2615","capacity":"3169"},"geometry":{"type":"Point","coordinates":[126.957168,37.380222]}},{"type":"Feature","properties":{"kind":"shelter","name":"한양 효성아파트(전동 지하) 지하주차장","address":"경기도 안양시 동안구 동안로 35(호계동, 무궁화 효성,한양아파트)","source":"경기도 안양시_비상대피시설 현황(공공데이터포털 3045138)","asof":"2025-12-26","area":"3045","capacity":"3690"},"geometry":{"type":"Point","coordinates":[126.954014,37.381406]}},{"type":"Feature","properties":{"kind":"shelter","name":"경남아파트(전동 지하) 지하주차장","address":"경기도 안양시 동안구 귀인로172번길 22(호계동, 무궁화경남아파트)","source":"경기도 안양시_비상대피시설 현황(공공데이터포털 3045138)","asof":"2025-12-26","area":"8777","capacity":"10638"},"geometry":{"type":"Point","coordinates":[126.958539,37.383832]}},{"type":"Feature","properties":{"kind":"shelter","name":"태영아파트(전동 지하) 지하주차장","address":"경기도 안양시 동안구 동안로 28(호계동)","source":"경기도 안양시_비상대피시설 현황(공공데이터포털 3045138)","asof":"2025-12-26","area":"10338","capacity":"12530"},"geometry":{"type":"Point","coordinates":[126.956347,37.381801]}},{"type":"Feature","properties":{"kind":"shelter","name":"신촌동 행정복지센터 지하","address":"경기도 안양시 동안구 동안로 28(호계동)","source":"경기도 안양시_비상대피시설 현황(공공데이터포털 3045138)","asof":"2025-12-26","area":"847","capacity":"1026"},"geometry":{"type":"Point","coordinates":[126.956347,37.381801]}},{"type":"Feature","properties":{"kind":"shelter","name":"먹자골목 지하보도","address":"경기도 안양시 동안구 평촌대로 127(호계동)","source":"경기도 안양시_비상대피시설 현황(공공데이터포털 3045138)","asof":"2025-12-26","area":"602","capacity":"729"},"geometry":{"type":"Point","coordinates":[126.959543,37.383265]}},{"type":"Feature","properties":{"kind":"shelter","name":"신기중학교 지하보도","address":"경기도 안양시 동안구 갈산로 86(호계동)","source":"경기도 안양시_비상대피시설 현황(공공데이터포털 3045138)","asof":"2025-12-26","area":"321","capacity":"389"},"geometry":{"type":"Point","coordinates":[126.959577,37.379418]}},{"type":"Feature","properties":{"kind":"shelter","name":"갈산동행정복지센터 지하","address":"경기도 안양시 동안구 흥안대로223번길 30(호계동)","source":"경기도 안양시_비상대피시설 현황(공공데이터포털 3045138)","asof":"2025-12-26","area":"215","capacity":"260"},"geometry":{"type":"Point","coordinates":[126.966054,37.376242]}},{"type":"Feature","properties":{"kind":"shelter","name":"쌍용아파트 지하주차장(3개소통합)","address":"경기도 안양시 동안구 흥안대로223번길 16(호계동, 샘마을)","source":"경기도 안양시_비상대피시설 현황(공공데이터포털 3045138)","asof":"2025-12-26","area":"7276","capacity":"8819"},"geometry":{"type":"Point","coordinates":[126.968174,37.377554]}},{"type":"Feature","properties":{"kind":"shelter","name":"우방아파트 지하주차장(3개소통합)","address":"경기도 안양시 동안구 흥안대로249번길 18(호계동, 샘마을아파트)","source":"경기도 안양시_비상대피시설 현황(공공데이터포털 3045138)","asof":"2025-12-26","area":"6363","capacity":"7712"},"geometry":{"type":"Point","coordinates":[126.967547,37.378458]}},{"type":"Feature","properties":{"kind":"shelter","name":"임광아파트 지하주차장(3개소통합)","address":"경기도 안양시 동안구 평촌대로40번길 100(호계동, 샘마을아파트)","source":"경기도 안양시_비상대피시설 현황(공공데이터포털 3045138)","asof":"2025-12-26","area":"10862","capacity":"13166"},"geometry":{"type":"Point","coordinates":[126.967401,37.378723]}},{"type":"Feature","properties":{"kind":"shelter","name":"대우,한양아파트 지하주차장(5개소통합)","address":"경기도 안양시 동안구 흥안대로223번길 47(호계동, 샘마을대우,한양아파트)","source":"경기도 안양시_비상대피시설 현황(공공데이터포털 3045138)","asof":"2025-12-26","area":"12884","capacity":"15616"},"geometry":{"type":"Point","coordinates":[126.965329,37.37491]}},{"type":"Feature","properties":{"kind":"shelter","name":"한양아파트 지하주차장(3개소통합)","address":"경기도 안양시 동안구 흥안대로223번길 47(호계동, 샘마을대우,한양아파트)","source":"경기도 안양시_비상대피시설 현황(공공데이터포털 3045138)","asof":"2025-12-26","area":"3304","capacity":"4004"},"geometry":{"type":"Point","coordinates":[126.965329,37.37491]}},{"type":"Feature","properties":{"kind":"shelter","name":"호계시장 앞 지하보도(지하 1층)","address":"경기도 안양시 동안구 경수대로 562 (호계동)","source":"경기도 안양시_비상대피시설 현황(공공데이터포털 3045138)","asof":"2025-12-26","area":"276","capacity":"334"},"geometry":{"type":"Point","coordinates":[126.958254,37.372999]}},{"type":"Feature","properties":{"kind":"shelter","name":"우편집중국 앞 지하보도(지하 1층)","address":"경기도 안양시 동안구 평촌대로 223 (호계동)","source":"경기도 안양시_비상대피시설 현황(공공데이터포털 3045138)","asof":"2025-12-26","area":"375","capacity":"454"},"geometry":{"type":"Point","coordinates":[126.95493,37.391554]}},{"type":"Feature","properties":{"kind":"shelter","name":"호계2동 행정복지센터 지하","address":"경기도 안양시 동안구 경수대로 657 (호계동)","source":"경기도 안양시_비상대피시설 현황(공공데이터포털 3045138)","asof":"2025-12-26","area":"788","capacity":"955"},"geometry":{"type":"Point","coordinates":[126.953275,37.38064]}},{"type":"Feature","properties":{"kind":"shelter","name":"부흥동 행정복지센터 지하","address":"경기도 안양시 동안구 달안로 28(비산동)","source":"경기도 안양시_비상대피시설 현황(공공데이터포털 3045138)","asof":"2025-12-26","area":"122","capacity":"147"},"geometry":{"type":"Point","coordinates":[126.947191,37.39375]}},{"type":"Feature","properties":{"kind":"shelter","name":"만안평생교육센터","address":"경기도 안양시 만안구 냉천로 39(안양동)","source":"경기도 안양시_비상대피시설 현황(공공데이터포털 3045138)","asof":"2025-12-26","area":"5931","capacity":"7189"},"geometry":{"type":"Point","coordinates":[126.926998,37.384947]}},{"type":"Feature","properties":{"kind":"water","name":"범계초등학교 민방위 비상급수시설","address":"경기도 안양시 동안구 동안로 90(호계동)","source":"경기도 안양시_민방위 급수시설 현황(공공데이터포털 3045178)","asof":"2026-03-07","use":"음용수","capacity":"508"},"geometry":{"type":"Point","coordinates":[126.953834,37.387532]}},{"type":"Feature","properties":{"kind":"water","name":"천지유황탕 민방위 비상급수시설","address":"경기도 안양시 동안구 경수대로 619(호계동)","source":"경기도 안양시_민방위 급수시설 현황(공공데이터포털 3045178)","asof":"2026-03-07","use":"생활용수","capacity":"650"},"geometry":{"type":"Point","coordinates":[126.954954,37.377695]}},{"type":"Feature","properties":{"kind":"water","name":"아시아시멘트 민방위 비상급수시설","address":"경기도 안양시 동안구 안양천동로 108(호계동)","source":"경기도 안양시_민방위 급수시설 현황(공공데이터포털 3045178)","asof":"2026-03-07","use":"생활용수","capacity":"370"},"geometry":{"type":"Point","coordinates":[126.941894,37.388878]}},{"type":"Feature","properties":{"kind":"water","name":"호계초등학교 민방위 비상급수시설","address":"경기도 안양시 동안구 경수대로707번길 27(호계동)","source":"경기도 안양시_민방위 급수시설 현황(공공데이터포털 3045178)","asof":"2026-03-07","use":"생활용수","capacity":"268"},"geometry":{"type":"Point","coordinates":[126.950448,37.383557]}},{"type":"Feature","properties":{"kind":"water","name":"호계평촌더샵아이파크아파트 민방위 비상급수시설","address":"경기도 안양시 동안구 경수대로610번길 36(호계동, 평촌더샵 아이파크)","source":"경기도 안양시_민방위 급수시설 현황(공공데이터포털 3045178)","asof":"2026-03-07","use":"생활용수","capacity":"164"},"geometry":{"type":"Point","coordinates":[126.957185,37.376972]}},{"type":"Feature","properties":{"kind":"water","name":"민백어린이공원 민방위 비상급수시설","address":"경기도 안양시 동안구 부림로 22(평촌동)","source":"경기도 안양시_민방위 급수시설 현황(공공데이터포털 3045178)","asof":"2026-03-07","use":"음용수","capacity":"130"},"geometry":{"type":"Point","coordinates":[126.969374,37.385969]}},{"type":"Feature","properties":{"kind":"water","name":"평촌중학교 민방위 비상급수시설","address":"경기도 안양시 동안구 관평로 127(평촌동)","source":"경기도 안양시_민방위 급수시설 현황(공공데이터포털 3045178)","asof":"2026-03-07","use":"생활용수","capacity":"260"},"geometry":{"type":"Point","coordinates":[126.961686,37.387957]}},{"type":"Feature","properties":{"kind":"water","name":"한림대성심병원 민방위 비상급수시설","address":"경기도 안양시 동안구 관평로170번길 22(평촌동)","source":"경기도 안양시_민방위 급수시설 현황(공공데이터포털 3045178)","asof":"2026-03-07","use":"생활용수","capacity":"500"},"geometry":{"type":"Point","coordinates":[126.961589,37.391263]}},{"type":"Feature","properties":{"kind":"water","name":"평촌본사우나","address":"경기도 안양시 동안구 흥안대로456번길 11(평촌동)","source":"경기도 안양시_민방위 급수시설 현황(공공데이터포털 3045178)","asof":"2026-03-07","use":"생활용수","capacity":"250"},"geometry":{"type":"Point","coordinates":[126.976469,37.394763]}},{"type":"Feature","properties":{"kind":"water","name":"부안초등학교 민방위 비상급수시설","address":"경기도 안양시 동안구 달안로 113(관양동)","source":"경기도 안양시_민방위 급수시설 현황(공공데이터포털 3045178)","asof":"2026-03-07","use":"생활용수","capacity":"200"},"geometry":{"type":"Point","coordinates":[126.954402,37.397441]}},{"type":"Feature","properties":{"kind":"water","name":"한가람신라아파트 민방위 비상급수시설","address":"경기도 안양시 동안구 달안로 124(관양동, 한가람신라아파트)","source":"경기도 안양시_민방위 급수시설 현황(공공데이터포털 3045178)","asof":"2026-03-07","use":"생활용수","capacity":"100"},"geometry":{"type":"Point","coordinates":[126.956511,37.397855]}},{"type":"Feature","properties":{"kind":"water","name":"훼미리사우나 민방위 비상급수시설","address":"경기도 안양시 동안구 관평로170번길 43(관양동)","source":"경기도 안양시_민방위 급수시설 현황(공공데이터포털 3045178)","asof":"2026-03-07","use":"생활용수","capacity":"280"},"geometry":{"type":"Point","coordinates":[126.963171,37.393319]}},{"type":"Feature","properties":{"kind":"water","name":"인덕원역 민방위 비상급수시설(유출지하수)","address":"경기도 안양시 동안구 관양동 903-2","source":"경기도 안양시_민방위 급수시설 현황(공공데이터포털 3045178)","asof":"2026-03-07","use":"생활용수","capacity":"872"},"geometry":{"type":"Point","coordinates":[126.972979,37.397236]}},{"type":"Feature","properties":{"kind":"water","name":"인덕원초등학교 민방위 비상급수시설","address":"경기도 안양시 동안구 관양로 311(관양동)","source":"경기도 안양시_민방위 급수시설 현황(공공데이터포털 3045178)","asof":"2026-03-07","use":"음용수","capacity":"262"},"geometry":{"type":"Point","coordinates":[126.979583,37.397271]}},{"type":"Feature","properties":{"kind":"water","name":"힐스테이트 인덕원베르텍스 아파트 민방위 비상급수시설","address":"경기도 안양시 동안구 평촌동 41-23","source":"경기도 안양시_민방위 급수시설 현황(공공데이터포털 3045178)","asof":"2026-03-07","use":"음용수","capacity":"219"},"geometry":{"type":"Point","coordinates":[126.978243,37.392561]}},{"type":"Feature","properties":{"kind":"water","name":"달안초등학교 민방위 비상급수시설","address":"경기도 안양시 동안구 동안로 178(비산동)","source":"경기도 안양시_민방위 급수시설 현황(공공데이터포털 3045178)","asof":"2026-03-07","use":"음용수","capacity":"284"},"geometry":{"type":"Point","coordinates":[126.950152,37.394605]}},{"type":"Feature","properties":{"kind":"water","name":"한양스포츠센터 민방위 비상급수시설","address":"경기도 안양시 동안구 동안로 194(비산동)","source":"경기도 안양시_민방위 급수시설 현황(공공데이터포털 3045178)","asof":"2026-03-07","use":"생활용수","capacity":"200"},"geometry":{"type":"Point","coordinates":[126.94958,37.395867]}},{"type":"Feature","properties":{"kind":"water","name":"은하수벽산아파트 민방위 비상급수시설","address":"경기도 안양시 동안구 시민대로159번길 62(비산동, 은하수벽산아파트)","source":"경기도 안양시_민방위 급수시설 현황(공공데이터포털 3045178)","asof":"2026-03-07","use":"음용수","capacity":"350"},"geometry":{"type":"Point","coordinates":[126.947432,37.39308]}},{"type":"Feature","properties":{"kind":"water","name":"은하수청구아파트 민방위 비상급수시설","address":"경기도 안양시 동안구 시민대로159번길 59(비산동, 은하수청구아파트)","source":"경기도 안양시_민방위 급수시설 현황(공공데이터포털 3045178)","asof":"2026-03-07","use":"생활용수","capacity":"100"},"geometry":{"type":"Point","coordinates":[126.946604,37.391818]}},{"type":"Feature","properties":{"kind":"water","name":"관악부영아파트 민방위 비상급수시설","address":"경기도 안양시 동안구 학의로 46(비산동, 관악부영아파트)","source":"경기도 안양시_민방위 급수시설 현황(공공데이터포털 3045178)","asof":"2026-03-07","use":"생활용수","capacity":"200"},"geometry":{"type":"Point","coordinates":[126.94452,37.395975]}},{"type":"Feature","properties":{"kind":"water","name":"비산양묘장 민방위 비상급수시설","address":"경기도 안양시 동안구 평촌대로427번길 60-58(비산동)","source":"경기도 안양시_민방위 급수시설 현황(공공데이터포털 3045178)","asof":"2026-03-07","use":"음용수","capacity":"191"},"geometry":{"type":"Point","coordinates":[126.948868,37.411052]}},{"type":"Feature","properties":{"kind":"water","name":"안양종합운동장(수영장) 민방위 비상급수시설","address":"경기도 안양시 동안구 평촌대로 389(비산동)","source":"경기도 안양시_민방위 급수시설 현황(공공데이터포털 3045178)","asof":"2026-03-07","use":"생활용수","capacity":"219"},"geometry":{"type":"Point","coordinates":[126.948489,37.404175]}},{"type":"Feature","properties":{"kind":"water","name":"미륭체육공원 민방위 비상급수시설","address":"경기도 안양시 동안구 관악대로 164(비산동, 미륭아파트)","source":"경기도 안양시_민방위 급수시설 현황(공공데이터포털 3045178)","asof":"2026-03-07","use":"음용수","capacity":"117"},"geometry":{"type":"Point","coordinates":[126.943392,37.398069]}},{"type":"Feature","properties":{"kind":"water","name":"박달2동행정복지센터 민방위 비상급수시설(유출지하수)","address":"경기도 안양시 만안구 박달로 470(박달동)","source":"경기도 안양시_민방위 급수시설 현황(공공데이터포털 3045178)","asof":"2026-03-07","use":"생활용수","capacity":"180"},"geometry":{"type":"Point","coordinates":[126.904712,37.40197]}},{"type":"Feature","properties":{"kind":"water","name":"호현마을 민방위 비상급수시설","address":"경기도 안양시 만안구 박달로 287(박달동)","source":"경기도 안양시_민방위 급수시설 현황(공공데이터포털 3045178)","asof":"2026-03-07","use":"음용수","capacity":"100"},"geometry":{"type":"Point","coordinates":[126.886314,37.404942]}},{"type":"Feature","properties":{"kind":"water","name":"박달초등학교 민방위 비상급수시설","address":"경기도 안양시 만안구 삼봉로 38(박달동)","source":"경기도 안양시_민방위 급수시설 현황(공공데이터포털 3045178)","asof":"2026-03-07","use":"음용수","capacity":"250"},"geometry":{"type":"Point","coordinates":[126.902003,37.400875]}},{"type":"Feature","properties":{"kind":"water","name":"(주)노루페인트 민방위 비상급수시설","address":"경기도 안양시 만안구 박달로 351(박달동)","source":"경기도 안양시_민방위 급수시설 현황(공공데이터포털 3045178)","asof":"2026-03-07","use":"생활용수","capacity":"600"},"geometry":{"type":"Point","coordinates":[126.890353,37.408404]}},{"type":"Feature","properties":{"kind":"water","name":"충훈약수터 민방위 비상급수시설","address":"경기도 안양시 만안구 석수로212번길 31(석수동)","source":"경기도 안양시_민방위 급수시설 현황(공공데이터포털 3045178)","asof":"2026-03-07","use":"음용수","capacity":"100"},"geometry":{"type":"Point","coordinates":[126.89546,37.408833]}},{"type":"Feature","properties":{"kind":"water","name":"SK안양충전소 민방위 비상급수시설","address":"경기도 안양시 만안구 안양로 575(석수동)","source":"경기도 안양시_민방위 급수시설 현황(공공데이터포털 3045178)","asof":"2026-03-07","use":"생활용수","capacity":"100"},"geometry":{"type":"Point","coordinates":[126.906622,37.420543]}},{"type":"Feature","properties":{"kind":"water","name":"수리산 천주교 성지 민방위 비상급수시설","address":"경기도 안양시 만안구 병목안로 394(안양동)","source":"경기도 안양시_민방위 급수시설 현황(공공데이터포털 3045178)","asof":"2026-03-07","use":"생활용수","capacity":"300"},"geometry":{"type":"Point","coordinates":[126.904592,37.371468]}},{"type":"Feature","properties":{"kind":"water","name":"양지초등학교 민방위 비상급수시설","address":"경기도 안양시 만안구 병목안로130번길 69(안양동)","source":"경기도 안양시_민방위 급수시설 현황(공공데이터포털 3045178)","asof":"2026-03-07","use":"생활용수","capacity":"110"},"geometry":{"type":"Point","coordinates":[126.904601,37.392233]}},{"type":"Feature","properties":{"kind":"water","name":"신안중학교 민방위 비상급수시설","address":"경기도 안양시 만안구 능곡로 78(안양동)","source":"경기도 안양시_민방위 급수시설 현황(공공데이터포털 3045178)","asof":"2026-03-07","use":"음용수","capacity":"432"},"geometry":{"type":"Point","coordinates":[126.914872,37.389206]}},{"type":"Feature","properties":{"kind":"water","name":"신안초등학교 민방위 비상급수시설","address":"경기도 안양시 만안구 능곡로 52(안양동)","source":"경기도 안양시_민방위 급수시설 현황(공공데이터포털 3045178)","asof":"2026-03-07","use":"생활용수","capacity":"277"},"geometry":{"type":"Point","coordinates":[126.914865,37.389604]}},{"type":"Feature","properties":{"kind":"water","name":"삼표산업 민방위 비상급수시설","address":"경기도 안양시 만안구 안양천서로 45(안양동)","source":"경기도 안양시_민방위 급수시설 현황(공공데이터포털 3045178)","asof":"2026-03-07","use":"생활용수","capacity":"166"},"geometry":{"type":"Point","coordinates":[126.939365,37.384329]}},{"type":"Feature","properties":{"kind":"water","name":"신성고등학교 민방위 비상급수시설(5)","address":"경기도 안양시 만안구 소곡로 93(안양동)","source":"경기도 안양시_민방위 급수시설 현황(공공데이터포털 3045178)","asof":"2026-03-07","use":"음용수","capacity":"519"},"geometry":{"type":"Point","coordinates":[126.921466,37.384971]}},{"type":"Feature","properties":{"kind":"water","name":"신성고등학교 민방위 비상급수시설(4)","address":"경기도 안양시 만안구 소곡로 93(안양동)","source":"경기도 안양시_민방위 급수시설 현황(공공데이터포털 3045178)","asof":"2026-03-07","use":"음용수","capacity":"519"},"geometry":{"type":"Point","coordinates":[126.921466,37.384971]}},{"type":"Feature","properties":{"kind":"water","name":"신성고등학교 민방위 비상급수시설(3)","address":"경기도 안양시 만안구 소곡로 93(안양동)","source":"경기도 안양시_민방위 급수시설 현황(공공데이터포털 3045178)","asof":"2026-03-07","use":"음용수","capacity":"370"},"geometry":{"type":"Point","coordinates":[126.921466,37.384971]}},{"type":"Feature","properties":{"kind":"water","name":"신성고등학교 민방위 비상급수시설(2)","address":"경기도 안양시 만안구 소곡로 93(안양동)","source":"경기도 안양시_민방위 급수시설 현황(공공데이터포털 3045178)","asof":"2026-03-07","use":"음용수","capacity":"370"},"geometry":{"type":"Point","coordinates":[126.921466,37.384971]}},{"type":"Feature","properties":{"kind":"water","name":"신성고등학교 민방위 비상급수시설(1)","address":"경기도 안양시 만안구 소곡로 93(안양동)","source":"경기도 안양시_민방위 급수시설 현황(공공데이터포털 3045178)","asof":"2026-03-07","use":"음용수","capacity":"370"},"geometry":{"type":"Point","coordinates":[126.921466,37.384971]}},{"type":"Feature","properties":{"kind":"water","name":"안양소방서(119안전센터) 민방위 비상급수시설","address":"경기도 안양시 만안구 현충로 55(안양동)","source":"경기도 안양시_민방위 급수시설 현황(공공데이터포털 3045178)","asof":"2026-03-07","use":"생활용수","capacity":"156"},"geometry":{"type":"Point","coordinates":[126.925553,37.39015]}},{"type":"Feature","properties":{"kind":"water","name":"샘안양병원 민방위 비상급수시설","address":"경기도 안양시 만안구 삼덕로 9(안양동)","source":"경기도 안양시_민방위 급수시설 현황(공공데이터포털 3045178)","asof":"2026-03-07","use":"생활용수","capacity":"260"},"geometry":{"type":"Point","coordinates":[126.924803,37.392878]}},{"type":"Feature","properties":{"kind":"water","name":"2001아웃렛 민방위 비상급수시설","address":"경기도 안양시 만안구 안양동 627-287 2001아울렛","source":"경기도 안양시_민방위 급수시설 현황(공공데이터포털 3045178)","asof":"2026-03-07","use":"생활용수","capacity":"200"},"geometry":{"type":"Point","coordinates":[126.922801,37.396616]}},{"type":"Feature","properties":{"kind":"water","name":"안양서초등학교 민방위 비상급수시설","address":"경기도 안양시 만안구 양화로37번길 32(안양동)","source":"경기도 안양시_민방위 급수시설 현황(공공데이터포털 3045178)","asof":"2026-03-07","use":"음용수","capacity":"273"},"geometry":{"type":"Point","coordinates":[126.910504,37.396478]}},{"type":"Feature","properties":{"kind":"water","name":"엔터식스 안양역점(유출지하수)","address":"경기도 안양시 만안구 만안로 232(안양동)","source":"경기도 안양시_민방위 급수시설 현황(공공데이터포털 3045178)","asof":"2026-03-07","use":"생활용수","capacity":"82"},"geometry":{"type":"Point","coordinates":[126.923565,37.400715]}},{"type":"Feature","properties":{"kind":"water","name":"삼원프라자호텔 민방위 비상급수시설","address":"경기도 안양시 만안구 장내로139번길 7(안양동)","source":"경기도 안양시_민방위 급수시설 현황(공공데이터포털 3045178)","asof":"2026-03-07","use":"생활용수","capacity":"288"},"geometry":{"type":"Point","coordinates":[126.922641,37.398141]}}]}