id,pnu,dong,jibun,use,year,fl_up,fl_dn,score,grade,f_nbv,f_age,lon,lat
2820,4117110300100230006,박달동,23-6,제1종근린생활시설,1980.0,2.0,1.0,0.7402,A,0.153,46.0,126.909096,37.406034
2465,4117110300100150006,박달동,15-6,제1종근린생활시설,1990.0,5.0,1.0,0.7015,A,0.184,36.0,126.90894,37.404767
44524,4117110100108340038,안양동,834-38,공동주택,2014.0,5.0,0.0,0.6966,A,0.118,12.0,126.914502,37.405134
6730,4117310200114200037,관양동,1420-37,제1종근린생활시설,1991.0,4.0,1.0,0.6569,A,0.114,35.0,126.961135,37.404361
2958,4117110300100220037,박달동,22-37,제1종근린생활시설,1983.0,3.0,1.0,0.6013,A,0.152,43.0,126.908875,37.405546
10669,4117110100107110235,안양동,711-235,제1종근린생활시설,1991.0,3.0,1.0,0.6008,A,0.073,35.0,126.918499,37.395502
5064,4117310200114910037,관양동,1491-37,제1종근린생활시설,1987.0,3.0,1.0,0.6005,A,0.177,39.0,126.974658,37.400117
3002,4117110300100170003,박달동,17-3,제2종근린생활시설,1979.0,3.0,1.0,0.5901,A,0.174,47.0,126.90949,37.403867
812,4117110200107850023,석수동,785-23,제2종근린생활시설,1988.0,4.0,1.0,0.5825,A,0.222,38.0,126.898304,37.407152
44809,4117110100109460036,안양동,946-36,공동주택,2016.0,5.0,0.0,0.5744,A,0.051,10.0,126.914896,37.397987
32992,4117310100100390001,비산동,39-1,제2종근린생활시설,2010.0,3.0,0.0,0.5724,A,0.348,16.0,126.952159,37.414499
44507,4117110100108300010,안양동,830-10,공동주택,2014.0,5.0,0.0,0.5695,A,0.144,12.0,126.914412,37.403239
3145,4117110200108250000,석수동,825,제2종근린생활시설,2006.0,3.0,0.0,0.5681,A,0.25,20.0,126.923198,37.419397
811,4117110200107850012,석수동,785-12,제2종근린생활시설,1989.0,3.0,1.0,0.5669,A,0.2,37.0,126.898057,37.407097
840,4117110200107850008,석수동,785-8,제2종근린생활시설,1988.0,4.0,1.0,0.5663,A,0.188,38.0,126.897794,37.407208
3397,4117110100109000006,안양동,900-6,제1종근린생활시설,1991.0,4.0,1.0,0.5651,A,0.143,35.0,126.912719,37.401431
10956,4117110100107190001,안양동,719-1,제1종근린생활시설,1980.0,2.0,1.0,0.5563,A,0.054,46.0,126.91441,37.393587
21773,4117310300109180009,평촌동,918-9,단독주택,1994.0,3.0,1.0,0.5549,A,0.211,32.0,126.961776,37.383335
5461,4117110200102690016,석수동,269-16,제2종근린생활시설,1984.0,3.0,1.0,0.5525,A,0.051,42.0,126.910506,37.416388
44810,4117110100109460036,안양동,946-36,공동주택,2016.0,5.0,0.0,0.548,A,0.052,10.0,126.914975,37.398182
2941,4117110300100160019,박달동,16-19,제2종근린생활시설,1991.0,5.0,1.0,0.5456,A,0.217,35.0,126.909101,37.404575
44504,4117110100108250005,안양동,825-5,공동주택,2015.0,5.0,0.0,0.5436,A,0.094,11.0,126.913572,37.404617
814,4117110200107850022,석수동,785-22,제2종근린생활시설,1992.0,4.0,1.0,0.5389,A,0.264,34.0,126.898269,37.40735
1943,4117110200103230013,석수동,323-13,제2종근린생활시설,1990.0,4.0,1.0,0.5369,A,0.067,36.0,126.911117,37.412876
21445,4117310300109000009,평촌동,900-9,제2종근린생활시설,2000.0,7.0,2.0,0.5366,A,0.348,26.0,126.960448,37.383941
13970,4117310100105540007,비산동,554-7,제2종근린생활시설,1983.0,2.0,1.0,0.5351,A,0.024,43.0,126.932862,37.399647
5460,4117110200102690028,석수동,269-28,제2종근린생활시설,1984.0,3.0,1.0,0.5347,A,0.103,42.0,126.91058,37.416317
49298,4117110200103230003,석수동,323-3,공동주택,2017.0,5.0,0.0,0.5316,A,0.043,9.0,126.911788,37.412516
21763,4117310300109170001,평촌동,917-1,제1종근린생활시설,1994.0,3.0,1.0,0.5309,A,0.274,32.0,126.961433,37.383459
10841,4117310200113900005,관양동,1390-5,제1종근린생활시설,1986.0,3.0,1.0,0.5285,A,0.071,40.0,126.955383,37.405411
3354,4117110100109000018,안양동,900-18,단독주택,1990.0,4.0,1.0,0.5239,A,0.13,36.0,126.913469,37.401582
19582,4117310300109000001,평촌동,900-1,제2종근린생활시설,1995.0,7.0,4.0,0.5231,A,0.462,31.0,126.959883,37.385001
2990,4117110300100160010,박달동,16-10,제1종근린생활시설,1980.0,3.0,1.0,0.5199,A,0.2,46.0,126.909199,37.404408
22330,4117310400110670004,호계동,1067-4,단독주택,1994.0,3.0,1.0,0.5198,A,0.123,32.0,126.958776,37.382048
26291,4117310400107050006,호계동,705-6,제2종근린생활시설,1979.0,3.0,1.0,0.5196,A,0.096,47.0,126.954083,37.368244
2883,4117110300108380028,박달동,838-28,제1종근린생활시설,1987.0,3.0,1.0,0.5186,A,0.083,39.0,126.904301,37.404596
19542,4117310300109180011,평촌동,918-11,단독주택,1994.0,3.0,1.0,0.5176,A,0.239,32.0,126.961653,37.383571
3792,4117110200103090005,석수동,309-5,공동주택,2013.0,5.0,0.0,0.5167,A,0.1,13.0,126.909803,37.410829
1933,4117110100108170033,안양동,817-33,제2종근린생활시설,1984.0,4.0,1.0,0.5158,A,0.119,42.0,126.913753,37.410486
24314,4117310300109200011,평촌동,920-11,제1종근린생활시설,1994.0,3.0,1.0,0.5142,A,0.229,32.0,126.962598,37.382985
42888,4117110200103130001,석수동,313-1,공동주택,2014.0,5.0,0.0,0.5097,A,0.114,12.0,126.910856,37.409526
44190,4117110100105540010,안양동,554-10,공동주택,2014.0,5.0,0.0,0.5085,A,0.059,12.0,126.929868,37.383785
5628,4117310100110260011,비산동,1026-11,제2종근린생활시설,1985.0,3.0,1.0,0.5072,A,0.227,41.0,126.948777,37.403862
2559,4117110100106950043,안양동,695-43,제1종근린생활시설,1978.0,4.0,1.0,0.5057,A,0.25,48.0,126.919075,37.400358
28904,4117110300100300010,박달동,30-10,공동주택,2013.0,5.0,0.0,0.5051,A,0.058,13.0,126.910843,37.406664
27340,4117110100113550005,안양동,1355-5,제2종근린생활시설,2007.0,3.0,1.0,0.5051,A,0.333,19.0,126.926991,37.419954
19574,4117310300109200010,평촌동,920-10,제1종근린생활시설,1996.0,3.0,1.0,0.5042,A,0.258,30.0,126.962431,37.38293
27594,4117310200115020006,관양동,1502-6,제2종근린생활시설,2008.0,14.0,7.0,0.5032,A,0.257,18.0,126.976148,37.400334
21762,4117310300109170002,평촌동,917-2,단독주택,1994.0,3.0,1.0,0.4916,A,0.254,32.0,126.961515,37.383318
12199,4117310200113920004,관양동,1392-4,단독주택,1986.0,3.0,1.0,0.4906,A,0.063,40.0,126.95557,37.407006
19529,4117310300109180006,평촌동,918-6,단독주택,1994.0,3.0,1.0,0.4882,A,0.218,32.0,126.961979,37.38297
17094,4117110100107110056,안양동,711-56,제2종근린생활시설,1989.0,3.0,1.0,0.4821,A,0.118,37.0,126.919956,37.396519
21708,4117310300109290008,평촌동,929-8,제1종근린생활시설,1996.0,3.0,1.0,0.4797,A,0.211,30.0,126.964668,37.382881
44189,4117110100105520019,안양동,552-19,공동주택,2014.0,5.0,0.0,0.4774,A,0.036,12.0,126.930541,37.383758
44806,4117110100109080068,안양동,908-68,공동주택,2015.0,5.0,1.0,0.4774,A,0.062,11.0,126.911797,37.399442
21706,4117310300109280009,평촌동,928-9,제1종근린생활시설,1995.0,3.0,1.0,0.474,A,0.163,31.0,126.964742,37.38332
19227,4117310300109280014,평촌동,928-14,단독주택,1996.0,3.0,1.0,0.4727,A,0.216,30.0,126.964099,37.383089
21771,4117310300109170005,평촌동,917-5,단독주택,1995.0,3.0,1.0,0.4722,A,0.247,31.0,126.961738,37.382904
44506,4117110100108300001,안양동,830-1,공동주택,2015.0,5.0,0.0,0.4688,A,0.087,11.0,126.913485,37.403379
33940,4117310200114880036,관양동,1488-36,제1종근린생활시설,1985.0,6.0,1.0,0.4678,A,0.281,41.0,126.976215,37.401434
17099,4117110100107110273,안양동,711-273,제1종근린생활시설,1980.0,2.0,1.0,0.4661,A,0.106,46.0,126.919583,37.396935
19530,4117310300109190005,평촌동,919-5,단독주택,1995.0,3.0,1.0,0.4653,A,0.264,31.0,126.962331,37.383101
21779,4117310300109180003,평촌동,918-3,단독주택,1995.0,3.0,0.0,0.4649,A,0.184,31.0,126.96196,37.383316
21775,4117310300109170010,평촌동,917-10,단독주택,1994.0,3.0,1.0,0.4631,A,0.304,32.0,126.961339,37.383326
17060,4117110100104140007,안양동,414-7,제2종근린생활시설,1984.0,4.0,1.0,0.4628,A,0.033,42.0,126.927351,37.392132
28004,4117110300100150002,박달동,15-2,제1종근린생활시설,2007.0,3.0,0.0,0.4625,A,0.212,19.0,126.908759,37.405123
19549,4117310300109180010,평촌동,918-10,단독주택,1995.0,3.0,1.0,0.4619,A,0.224,31.0,126.961709,37.383452
22035,4117310300109190004,평촌동,919-4,단독주택,1995.0,3.0,1.0,0.4619,A,0.253,31.0,126.962479,37.383156
24709,4117310300109280012,평촌동,928-12,단독주택,2001.0,3.0,1.0,0.4609,A,0.196,25.0,126.964363,37.383166
3431,4117110100108730170,안양동,873-170,제1종근린생활시설,1992.0,3.0,1.0,0.4607,A,0.269,34.0,126.917415,37.400782
19233,4117310300109280006,평촌동,928-6,단독주택,1995.0,3.0,1.0,0.4601,A,0.148,31.0,126.964416,37.383391
34892,4117310200115060027,관양동,1506-27,제2종근린생활시설,2005.0,11.0,2.0,0.4539,A,0.171,21.0,126.977439,37.399738
2389,4117110200101030005,석수동,103-5,제2종근린생활시설,1994.0,4.0,1.0,0.4494,A,0.286,32.0,126.909174,37.419913
5629,4117310100110260010,비산동,1026-10,제1종근린생활시설,1992.0,3.0,1.0,0.4479,A,0.261,34.0,126.948566,37.40386
2937,4117110300100170004,박달동,17-4,제1종근린생활시설,1990.0,4.0,1.0,0.4479,A,0.18,36.0,126.909565,37.403772
12247,4117110100108300029,안양동,830-29,공동주택,2013.0,5.0,0.0,0.4438,A,0.16,13.0,126.9141,37.403251
13440,4117310100104190020,비산동,419-20,제1종근린생활시설,1979.0,3.0,1.0,0.4428,A,0.037,47.0,126.938948,37.397303
44226,4117110100105710003,안양동,571-3,공동주택,2014.0,5.0,0.0,0.4422,A,0.053,12.0,126.931954,37.383379
43550,4117110100105430005,안양동,543-5,공동주택,2014.0,5.0,0.0,0.4418,A,0.084,12.0,126.929261,37.384654
45165,4117110100109730119,안양동,973-119,공동주택,2014.0,5.0,0.0,0.4412,A,0.05,12.0,126.907602,37.393444
2893,4117110300100540001,박달동,54-1,제1종근린생활시설,1980.0,3.0,1.0,0.4406,A,0.097,46.0,126.910688,37.40638
23755,4117310200115060008,관양동,1506-8,단독주택,1999.0,3.0,0.0,0.44,A,0.179,27.0,126.977817,37.399216
21738,4117310300109280008,평촌동,928-8,단독주택,1994.0,3.0,1.0,0.4396,A,0.154,32.0,126.96466,37.38348
38539,4117110200100720006,석수동,72-6,공동주택,2015.0,4.0,0.0,0.4385,A,0.233,11.0,126.911662,37.423485
21749,4117310300109180004,평촌동,918-4,단독주택,1994.0,3.0,1.0,0.4383,A,0.241,32.0,126.96203,37.383178
19249,4117310300109200004,평촌동,920-4,단독주택,1996.0,3.0,1.0,0.4381,A,0.159,30.0,126.962937,37.38311
19550,4117310300109190009,평촌동,919-9,단독주택,1995.0,3.0,1.0,0.4381,A,0.189,31.0,126.962052,37.383623
2563,4117110100106890112,안양동,689-112,제2종근린생활시설,1985.0,5.0,1.0,0.4368,A,0.174,41.0,126.919598,37.4014
21746,4117310300109190006,평촌동,919-6,단독주택,1994.0,3.0,1.0,0.4349,A,0.256,32.0,126.962257,37.383241
21769,4117310300109170004,평촌동,917-4,단독주택,1994.0,3.0,1.0,0.4348,A,0.286,32.0,126.961657,37.383051
17322,4117110100110880011,안양동,1088-11,공동주택,2003.0,4.0,1.0,0.4347,A,0.182,23.0,126.901033,37.383073
48369,4117310200114650022,관양동,1465-22,공동주택,2017.0,5.0,0.0,0.4323,A,0.127,9.0,126.966325,37.403846
838,4117110200107590003,석수동,759-3,제1종근린생활시설,1989.0,3.0,1.0,0.4293,A,0.143,37.0,126.897488,37.407131
22336,4117310400110670008,호계동,1067-8,공동주택,1996.0,3.0,1.0,0.4281,A,0.125,30.0,126.959147,37.382079
2730,4117110100106740039,안양동,674-39,제1종근린생활시설,1979.0,4.0,1.0,0.426,A,0.069,47.0,126.921381,37.400114
23246,4117310400110440007,호계동,1044-7,제2종근린생활시설,2003.0,5.0,1.0,0.425,A,0.533,23.0,126.954852,37.391426
14063,4117110100104930011,안양동,493-11,공동주택,2013.0,5.0,0.0,0.4238,A,0.085,13.0,126.929341,37.386993
45127,4117110100108730015,안양동,873-15,공동주택,2014.0,5.0,0.0,0.4231,A,0.126,12.0,126.914181,37.401591
5551,4117110100106950169,안양동,695-169,단독주택,1993.0,3.0,1.0,0.4223,A,0.325,33.0,126.918511,37.400619
2481,4117110300100170006,박달동,17-6,제1종근린생활시설,1988.0,5.0,1.0,0.4213,A,0.147,38.0,126.909628,37.403657
21750,4117310300109190008,평촌동,919-8,단독주택,1995.0,3.0,1.0,0.4205,A,0.188,31.0,126.962117,37.383493
12095,4117310100110380018,비산동,1038-18,제2종근린생활시설,1989.0,4.0,1.0,0.4196,A,0.051,37.0,126.950717,37.404039
14709,4117110100102280006,안양동,228-6,제2종근린생활시설,1986.0,3.0,1.0,0.4195,A,0.091,40.0,126.935141,37.387081
14069,4117310100104220000,비산동,422,제2종근린생활시설,1980.0,3.0,1.0,0.4175,A,0.042,46.0,126.938775,37.397116
28185,4117310100101680002,비산동,168-2,제2종근린생활시설,2012.0,3.0,0.0,0.4172,A,0.5,14.0,126.950924,37.409549
28496,4117110100105330006,안양동,533-6,공동주택,2009.0,20.0,5.0,0.4162,A,0.188,17.0,126.934071,37.386414
44194,4117110100105180046,안양동,518-46,공동주택,2015.0,5.0,0.0,0.4157,A,0.055,11.0,126.932206,37.388259
22034,4117310300109200012,평촌동,920-12,단독주택,1995.0,3.0,1.0,0.4155,A,0.176,31.0,126.962778,37.383056
25450,4117310400111090009,호계동,1109-9,단독주택,2002.0,3.0,1.0,0.4136,A,0.085,24.0,126.963267,37.373064
18585,4117310300101380014,평촌동,138-14,제2종근린생활시설,1991.0,5.0,1.0,0.4124,A,0.056,35.0,126.973042,37.38684
24217,4117310300109300006,평촌동,930-6,단독주택,1995.0,3.0,1.0,0.4105,A,0.219,31.0,126.96521,37.383003
13743,4117310400108920001,호계동,892-1,제2종근린생활시설,1983.0,1.0,0.0,0.41,A,0.067,43.0,126.942228,37.390916
19532,4117310300109180001,평촌동,918-1,단독주택,1994.0,3.0,1.0,0.4099,A,0.23,32.0,126.961825,37.383593
20375,4117110100108300020,안양동,830-20,공동주택,2013.0,5.0,0.0,0.4099,A,0.118,13.0,126.914447,37.40302
3472,4117110100106950188,안양동,695-188,제1종근린생활시설,1987.0,3.0,1.0,0.4094,A,0.234,39.0,126.918619,37.400216
19575,4117310300109200000,평촌동,920,단독주택,1995.0,3.0,1.0,0.4087,A,0.216,31.0,126.962609,37.383422
7348,4117310100110310011,비산동,1031-11,제1종근린생활시설,1983.0,3.0,1.0,0.4083,A,0.082,43.0,126.949918,37.40464
17321,4117110100110880012,안양동,1088-12,공동주택,2003.0,4.0,1.0,0.4082,A,0.211,23.0,126.90089,37.382948
19223,4117310300109280010,평촌동,928-10,단독주택,1995.0,3.0,1.0,0.408,A,0.167,31.0,126.964626,37.383275
21711,4117310300109280005,평촌동,928-5,단독주택,1996.0,3.0,1.0,0.4077,A,0.167,30.0,126.964293,37.383342
28763,4117110100107110104,안양동,711-104,공동주택,2013.0,5.0,0.0,0.4068,A,0.03,13.0,126.917466,37.397538
21723,4117310300109200005,평촌동,920-5,단독주택,1993.0,3.0,1.0,0.4065,A,0.164,33.0,126.963022,37.382978
18511,4117110100104350009,안양동,435-9,공동주택,2008.0,20.0,4.0,0.4043,A,0.147,18.0,126.931504,37.391232
815,4117110200107850028,석수동,785-28,제1종근린생활시설,1990.0,4.0,1.0,0.4038,A,0.212,36.0,126.89858,37.406978
46444,4117110100108730147,안양동,873-147,공동주택,2017.0,5.0,0.0,0.4022,A,0.149,9.0,126.91515,37.400581
45138,4117110100108590015,안양동,859-15,공동주택,2014.0,5.0,0.0,0.4016,A,0.109,12.0,126.916732,37.408377
3380,4117110100106950001,안양동,695-1,제2종근린생활시설,1989.0,4.0,1.0,0.4005,A,0.141,37.0,126.913479,37.402469
10712,4117110100107110185,안양동,711-185,제1종근린생활시설,1986.0,2.0,1.0,0.4,A,0.066,40.0,126.917759,37.395567
38166,4117110300100250014,박달동,25-14,공동주택,2015.0,5.0,0.0,0.3997,A,0.101,11.0,126.909,37.40697
12136,4117310100110380017,비산동,1038-17,제1종근린생활시설,1989.0,4.0,1.0,0.3988,A,0.048,37.0,126.95083,37.404035
27348,4117110100113270008,안양동,1327-8,제1종근린생활시설,2008.0,3.0,0.0,0.3988,A,0.28,18.0,126.922453,37.418661
2978,4117110300100220020,박달동,22-20,제1종근린생활시설,1986.0,4.0,1.0,0.3987,A,0.232,40.0,126.909561,37.404986
2599,4117110100106950175,안양동,695-175,제2종근린생활시설,1980.0,2.0,2.0,0.3987,A,0.358,46.0,126.919057,37.400888
19537,4117310300109200008,평촌동,920-8,제1종근린생활시설,1999.0,2.0,0.0,0.3986,A,0.256,27.0,126.962633,37.382835
3376,4117110100106950057,안양동,695-57,제2종근린생활시설,1992.0,5.0,1.0,0.3972,A,0.133,34.0,126.913683,37.401965
43542,4117110100104960001,안양동,496-1,공동주택,2014.0,5.0,0.0,0.3968,A,0.062,12.0,126.927696,37.387121
28194,4117310200113810008,관양동,1381-8,제2종근린생활시설,2013.0,1.0,0.0,0.3963,A,0.133,13.0,126.953968,37.40367
19521,4117310300109280007,평촌동,928-7,공동주택,1995.0,3.0,1.0,0.3947,A,0.151,31.0,126.964538,37.383439
42859,4117110200102920012,석수동,292-12,공동주택,2014.0,5.0,0.0,0.3924,A,0.091,12.0,126.906641,37.412244
10713,4117110100107110183,안양동,711-183,제1종근린생활시설,1988.0,3.0,1.0,0.3923,A,0.073,38.0,126.917687,37.395651
2680,4117110100106950052,안양동,695-52,제2종근린생활시설,1990.0,4.0,1.0,0.3921,A,0.146,36.0,126.913654,37.402472
14002,4117110100105100014,안양동,510-14,제2종근린생활시설,1990.0,4.0,1.0,0.3921,A,0.182,36.0,126.93076,37.388577
16728,4117110100108970020,안양동,897-20,공동주택,2012.0,5.0,0.0,0.391,A,0.171,14.0,126.913581,37.40037
836,4117110200107590005,석수동,759-5,업무시설,1988.0,3.0,1.0,0.3901,A,0.146,38.0,126.897575,37.406901
2579,4117110100106740029,안양동,674-29,제2종근린생활시설,1980.0,3.0,1.0,0.39,A,0.081,46.0,126.921665,37.40025
28641,4117110200108200006,석수동,820-6,제2종근린생활시설,2010.0,1.0,0.0,0.389,A,0.333,16.0,126.922374,37.41936
6033,4117310200114090001,관양동,1409-1,제2종근린생활시설,1991.0,5.0,1.0,0.3872,A,0.0,35.0,126.958749,37.406377
21744,4117310300109190002,평촌동,919-2,단독주택,1995.0,3.0,1.0,0.387,A,0.215,31.0,126.962335,37.383415
10154,4117110100106270209,안양동,627-209,제2종근린생활시설,1981.0,2.0,1.0,0.3858,A,0.045,45.0,126.924053,37.393667
5903,4117110200103510005,석수동,351-5,제1종근린생활시설,2006.0,3.0,1.0,0.385,A,0.167,20.0,126.904442,37.413917
8196,4117110300100150015,박달동,15-15,제1종근린생활시설,1992.0,6.0,1.0,0.3848,A,0.188,34.0,126.908873,37.404921
21739,4117310300109190003,평촌동,919-3,단독주택,1994.0,3.0,1.0,0.3836,A,0.265,32.0,126.962396,37.383291
42866,4117110200102920001,석수동,292-1,공동주택,2014.0,7.0,0.0,0.3832,A,0.087,12.0,126.906526,37.412939
5347,4117310200114840021,관양동,1484-21,제1종근린생활시설,1989.0,3.0,1.0,0.3821,A,0.121,37.0,126.973591,37.40114
15993,4117110100104320002,안양동,432-2,제2종근린생활시설,1990.0,5.0,1.0,0.3818,A,0.091,36.0,126.93046,37.391276
38504,4117110300101000002,박달동,100-2,공동주택,2015.0,5.0,0.0,0.3808,A,0.11,11.0,126.908535,37.402762
19577,4117310300109180005,평촌동,918-5,단독주택,1994.0,3.0,1.0,0.3803,A,0.25,32.0,126.962117,37.383042
12702,4117310200114890014,관양동,1489-14,제1종근린생활시설,1990.0,4.0,1.0,0.3801,A,0.172,36.0,126.975607,37.401351
11665,4117310200114500000,관양동,1450,제1종근린생활시설,1984.0,4.0,1.0,0.3793,A,0.208,42.0,126.961218,37.403458
19528,4117310300109190007,평촌동,919-7,단독주택,1994.0,3.0,1.0,0.3789,A,0.203,32.0,126.962187,37.383362
19576,4117310300109200014,평촌동,920-14,단독주택,1996.0,3.0,1.0,0.3784,A,0.195,30.0,126.962659,37.383304
42845,4117110200102890004,석수동,289-4,공동주택,2014.0,6.0,0.0,0.3782,A,0.101,12.0,126.908362,37.412753
4986,4117110200101040188,석수동,104-188,제2종근린생활시설,1995.0,5.0,1.0,0.3777,A,0.25,31.0,126.909461,37.419215
5552,4117110100106950183,안양동,695-183,단독주택,1997.0,3.0,1.0,0.3774,A,0.291,29.0,126.918279,37.400433
51219,4117110300100560014,박달동,56-14,공동주택,2018.0,5.0,0.0,0.3773,A,0.131,8.0,126.9105,37.405583
9223,4117110300101000009,박달동,100-9,제2종근린생활시설,1994.0,5.0,1.0,0.3762,A,0.105,32.0,126.908655,37.402945
27597,4117310200115040003,관양동,1504-3,제2종근린생활시설,1992.0,2.0,1.0,0.3759,A,0.229,34.0,126.976407,37.398796
44500,4117110100107710001,안양동,771-1,공동주택,2015.0,5.0,0.0,0.3757,A,0.051,11.0,126.914614,37.393816
28302,4117110200101040301,석수동,104-301,제2종근린생활시설,2009.0,2.0,0.0,0.3752,A,0.273,17.0,126.909358,37.419342
24626,4117310300109280011,평촌동,928-11,단독주택,1996.0,3.0,0.0,0.3747,A,0.16,30.0,126.964484,37.383232
45141,4117110100108730007,안양동,873-7,공동주택,2014.0,5.0,0.0,0.3743,A,0.144,12.0,126.913843,37.401587
8566,4117110100108340005,안양동,834-5,단독주택,1991.0,4.0,1.0,0.3741,A,0.129,35.0,126.914625,37.405827
24195,4117310400110480003,호계동,1048-3,업무시설,2004.0,15.0,5.0,0.3732,A,0.6,22.0,126.95548,37.390663
2562,4117110100106890117,안양동,689-117,제2종근린생활시설,1980.0,3.0,2.0,0.3728,A,0.225,46.0,126.919824,37.401112
6321,4117110100113610000,안양동,1361,제2종근린생활시설,2006.0,3.0,0.0,0.3695,A,0.231,20.0,126.927588,37.419714
44234,4117110100107070283,안양동,707-283,공동주택,2015.0,5.0,0.0,0.3691,A,0.04,11.0,126.921614,37.394328
828,4117110200107850025,석수동,785-25,제1종근린생활시설,1988.0,4.0,1.0,0.3688,A,0.246,38.0,126.898639,37.407155
42843,4117110200102910010,석수동,291-10,공동주택,2014.0,6.0,0.0,0.3683,A,0.114,12.0,126.907342,37.412619
8296,4117110100108730252,안양동,873-252,단독주택,2001.0,3.0,1.0,0.3682,A,0.158,25.0,126.916809,37.400262
5899,4117110200101620002,석수동,162-2,단독주택,2003.0,2.0,0.0,0.3679,A,0.15,23.0,126.913061,37.423034
2954,4117110300100800020,박달동,80-20,제1종근린생활시설,1991.0,4.0,1.0,0.3673,A,0.107,35.0,126.909154,37.403195
8273,4117110100108730014,안양동,873-14,공동주택,2001.0,4.0,1.0,0.3665,A,0.112,25.0,126.914308,37.401617
18702,4117110300100940091,박달동,94-91,공동주택,2013.0,5.0,0.0,0.3659,A,0.125,13.0,126.910369,37.401603
42844,4117110200102840011,석수동,284-11,공동주택,2014.0,7.0,0.0,0.363,A,0.101,12.0,126.906796,37.413267
8590,4117110100106950108,안양동,695-108,공동주택,2013.0,4.0,0.0,0.3604,A,0.057,13.0,126.916706,37.402
51546,4117110100108220059,안양동,822-59,공동주택,2017.0,5.0,0.0,0.3601,A,0.121,9.0,126.913019,37.406654
45201,4117110100109910127,안양동,991-127,공동주택,2014.0,5.0,0.0,0.3592,A,0.047,12.0,126.907283,37.39189
44228,4117110100106270268,안양동,627-268,공동주택,2015.0,5.0,0.0,0.3589,A,0.045,11.0,126.921716,37.395088
51202,4117110300100940062,박달동,94-62,공동주택,2017.0,5.0,0.0,0.3584,A,0.116,9.0,126.908651,37.401597
44237,4117110100107110211,안양동,711-211,공동주택,2015.0,5.0,0.0,0.3584,A,0.074,11.0,126.918027,37.397527
3300,4117110200103240031,석수동,324-31,제2종근린생활시설,1989.0,4.0,1.0,0.3584,A,0.017,37.0,126.912515,37.412131
4905,4117110100108730010,안양동,873-10,단독주택,2001.0,3.0,0.0,0.3562,A,0.129,25.0,126.913972,37.401466
48003,4117110200102590031,석수동,259-31,공동주택,2017.0,5.0,0.0,0.3558,A,0.122,9.0,126.907733,37.419079
12442,4117110200103510014,석수동,351-14,공동주택,2012.0,5.0,0.0,0.3554,A,0.139,14.0,126.905239,37.413927
12495,4117110100106220310,안양동,622-310,공동주택,2013.0,7.0,1.0,0.3543,A,0.068,13.0,126.926926,37.395631
3031,4117110300100210001,박달동,21-1,제1종근린생활시설,2005.0,6.0,0.0,0.3537,A,0.213,21.0,126.909391,37.40472
3268,4117110200103040002,석수동,304-2,제1종근린생활시설,1981.0,3.0,1.0,0.3523,A,0.076,45.0,126.907549,37.41162
10227,4117310200117250004,관양동,1725-4,제2종근린생활시설,2013.0,7.0,2.0,0.3518,A,0.091,13.0,126.972153,37.405352
34894,4117310200114050017,관양동,1405-17,단독주택,2015.0,4.0,0.0,0.3511,A,0.086,11.0,126.959277,37.404473
11713,4117310200114610020,관양동,1461-20,제1종근린생활시설,1986.0,3.0,1.0,0.3504,A,0.093,40.0,126.964907,37.403038
10266,4117110100108730251,안양동,873-251,공동주택,2013.0,4.0,0.0,0.3498,A,0.206,13.0,126.916977,37.400398
329,4117310200114620000,관양동,1462,공동주택,2013.0,5.0,0.0,0.3496,A,0.092,13.0,126.964964,37.40278
48019,4117110100106890083,안양동,689-83,공동주택,2014.0,5.0,0.0,0.3494,A,0.076,12.0,126.919504,37.402245
20169,4117110100106040003,안양동,604-3,제2종근린생활시설,1973.0,4.0,1.0,0.3492,A,0.037,53.0,126.930436,37.39372
15677,4117110100105100000,안양동,510,제2종근린생활시설,1988.0,5.0,1.0,0.3484,A,0.194,38.0,126.93043,37.388409
14321,4117110100105340020,안양동,534-20,제2종근린생활시설,1988.0,5.0,1.0,0.3482,A,0.176,38.0,126.93451,37.384569
3281,4117110200102510009,석수동,251-9,제2종근린생활시설,1977.0,1.0,0.0,0.3462,A,0.2,49.0,126.906278,37.421348
11709,4117310200114560000,관양동,1456,제1종근린생활시설,1986.0,3.0,1.0,0.3462,A,0.09,40.0,126.963291,37.402946
13493,4117110100106760047,안양동,676-47,제1종근린생활시설,1972.0,3.0,1.0,0.346,A,0.122,54.0,126.919703,37.39843
6316,4117110200108390006,석수동,839-6,제2종근린생활시설,2005.0,3.0,0.0,0.3449,A,0.357,21.0,126.932266,37.418703
21718,4117310300109200003,평촌동,920-3,제1종근린생활시설,1994.0,3.0,1.0,0.3446,A,0.159,32.0,126.962883,37.383235
44499,4117110100107620008,안양동,762-8,공동주택,2015.0,5.0,0.0,0.3444,A,0.025,11.0,126.910799,37.392796
42856,4117110200102890019,석수동,289-19,공동주택,2014.0,7.0,1.0,0.3444,A,0.096,12.0,126.908301,37.412448
42858,4117110200102890002,석수동,289-2,공동주택,2014.0,7.0,1.0,0.3444,A,0.104,12.0,126.908145,37.412636
10908,4117110100111950007,안양동,1195-7,제1종근린생활시설,1991.0,4.0,1.0,0.3434,A,0.158,35.0,126.916505,37.39873
13101,4117110100103950011,안양동,395-11,제2종근린생활시설,1978.0,3.0,0.0,0.3428,A,0.012,48.0,126.929903,37.39308
19571,4117310300109200013,평촌동,920-13,단독주택,1995.0,3.0,1.0,0.3425,A,0.178,31.0,126.962726,37.383188
6315,4117110200108390005,석수동,839-5,제2종근린생활시설,2007.0,3.0,0.0,0.3422,A,0.4,19.0,126.932123,37.418781
615,4117110200107630009,석수동,763-9,제2종근린생활시설,1988.0,3.0,1.0,0.342,A,0.08,38.0,126.897177,37.40672
27984,4117310400110430001,호계동,1043-1,업무시설,2003.0,11.0,2.0,0.3412,A,0.4,23.0,126.954801,37.39193
28301,4117110200101040240,석수동,104-240,운수시설,1974.0,2.0,0.0,0.3411,A,0.167,52.0,126.909331,37.418918
38506,4117110300101390021,박달동,139-21,공동주택,2015.0,5.0,0.0,0.3406,A,0.091,11.0,126.905616,37.401508
3507,4117110300100740019,박달동,74-19,제2종근린생활시설,1990.0,4.0,1.0,0.3397,A,0.113,36.0,126.911516,37.40277
51533,4117110100108730178,안양동,873-178,공동주택,2017.0,5.0,0.0,0.3391,A,0.177,9.0,126.913864,37.4002
12561,4117110100108210015,안양동,821-15,공동주택,2012.0,5.0,0.0,0.3378,A,0.064,14.0,126.911761,37.407515
20434,4117110100103740003,안양동,374-3,단독주택,1971.0,1.0,0.0,0.3378,A,0.114,55.0,126.935992,37.382429
42830,4117110200102900008,석수동,290-8,제2종근린생활시설,2014.0,3.0,0.0,0.3376,A,0.085,12.0,126.907024,37.41171
9617,4117110100111950042,안양동,1195-42,제1종근린생활시설,1978.0,3.0,1.0,0.3374,A,0.167,48.0,126.920264,37.400684
27329,4117110100113650001,안양동,1365-1,제2종근린생활시설,2008.0,3.0,,0.3366,A,0.2,18.0,126.931474,37.418201
2012,4117110200102900014,석수동,290-14,제1종근린생활시설,1983.0,3.0,1.0,0.3364,A,0.125,43.0,126.907685,37.412426
43214,4117110100103700001,안양동,370-1,공동주택,2014.0,5.0,0.0,0.3364,A,0.044,12.0,126.936911,37.37957
5364,4117310200114840022,관양동,1484-22,제1종근린생활시설,1987.0,3.0,1.0,0.3364,A,0.133,39.0,126.973501,37.40098
11421,4117110100107590051,안양동,759-51,제2종근린생활시설,1989.0,3.0,1.0,0.3364,A,0.064,37.0,126.910054,37.393016
3127,4117110200100730001,석수동,73-1,제2종근린생활시설,2006.0,3.0,0.0,0.3359,A,0.194,20.0,126.911875,37.423292
17675,4117110100104280033,안양동,428-33,제2종근린생활시설,1991.0,4.0,1.0,0.3355,A,0.081,35.0,126.928841,37.391077
45146,4117110100108730189,안양동,873-189,공동주택,2014.0,5.0,0.0,0.3355,A,0.146,12.0,126.914342,37.400238
44803,4117110100108370012,안양동,837-12,공동주택,2016.0,5.0,0.0,0.3347,A,0.07,10.0,126.914613,37.406204
5523,4117110100108730274,안양동,873-274,단독주택,2002.0,3.0,0.0,0.3346,A,0.253,24.0,126.917591,37.400303
3609,4117110300100850013,박달동,85-13,제2종근린생활시설,1989.0,4.0,1.0,0.3327,A,0.097,37.0,126.908904,37.402432
28803,4117110200108140005,석수동,814-5,제2종근린생활시설,2012.0,3.0,1.0,0.3325,A,0.273,14.0,126.922365,37.419547
46446,4117110100108730261,안양동,873-261,공동주택,2016.0,5.0,0.0,0.3322,A,0.228,10.0,126.917374,37.400413
6342,4117310200114200040,관양동,1420-40,제2종근린생활시설,1981.0,3.0,1.0,0.3318,A,0.133,45.0,126.961014,37.404116
22087,4117110300100680082,박달동,68-82,공동주택,2013.0,5.0,0.0,0.3317,A,0.121,13.0,126.911717,37.401858
44236,4117110100107110127,안양동,711-127,공동주택,2016.0,5.0,0.0,0.3316,A,0.079,10.0,126.917838,37.395907
821,4117110200107800001,석수동,780-1,제2종근린생활시설,1987.0,3.0,1.0,0.3314,A,0.148,39.0,126.898184,37.406742
28824,4117110100106950082,안양동,695-82,공동주택,2012.0,5.0,0.0,0.3306,A,0.082,14.0,126.91676,37.402304
1925,4117110200102900015,석수동,290-15,제1종근린생활시설,1992.0,5.0,1.0,0.3306,A,0.1,34.0,126.907773,37.412297
15425,4117110200108430001,석수동,843-1,제2종근린생활시설,2010.0,3.0,0.0,0.3304,A,0.5,16.0,126.932874,37.418652
14977,4117110100101950014,안양동,195-14,단독주택,1992.0,4.0,1.0,0.3302,A,0.061,34.0,126.934703,37.389167
44518,4117110100108240027,안양동,824-27,공동주택,2014.0,4.0,0.0,0.3299,A,0.121,12.0,126.914091,37.404974
44238,4117110100107110347,안양동,711-347,단독주택,2014.0,5.0,0.0,0.3289,A,0.043,12.0,126.917856,37.397968
19217,4117310300109000002,평촌동,900-2,교육연구시설,1997.0,7.0,3.0,0.3279,A,0.5,29.0,126.959984,37.384755
22955,4117110100105340005,안양동,534-5,공동주택,2006.0,20.0,4.0,0.3279,A,0.136,20.0,126.934561,37.384854
13191,4117110100106760043,안양동,676-43,제1종근린생활시설,1980.0,3.0,1.0,0.3279,A,0.145,46.0,126.919522,37.397909
644,4117110200107590001,석수동,759-1,제1종근린생활시설,1987.0,3.0,1.0,0.3277,A,0.129,39.0,126.897409,37.407372
12256,4117310100110310004,비산동,1031-4,제1종근린생활시설,1985.0,3.0,1.0,0.3274,A,0.071,41.0,126.950152,37.404363
51549,4117110100108880005,안양동,888-5,공동주택,2017.0,5.0,0.0,0.3269,A,0.079,9.0,126.913915,37.398399
28731,4117110100108300036,안양동,830-36,공동주택,2013.0,5.0,0.0,0.3268,A,0.118,13.0,126.914278,37.403011
42840,4117110200102620027,석수동,262-27,공동주택,2014.0,5.0,0.0,0.3268,A,0.111,12.0,126.90836,37.41832
44177,4117110100104920003,안양동,492-3,단독주택,2015.0,5.0,0.0,0.3266,A,0.136,11.0,126.929159,37.387726
22046,4117110200103510014,석수동,351-14,공동주택,2012.0,4.0,1.0,0.3264,A,0.147,14.0,126.905385,37.413987
19558,4117310300109000004,평촌동,900-4,교육연구시설,2001.0,6.0,5.0,0.3257,A,0.429,25.0,126.960154,37.384447
13444,4117310400108980012,호계동,898-12,공장,1971.0,2.0,0.0,0.3251,A,0.208,55.0,126.943255,37.387669
6627,4117310100110260008,비산동,1026-8,제1종근린생활시설,1987.0,4.0,1.0,0.3249,A,0.231,39.0,126.948495,37.403554
25935,4117310400111100002,호계동,1110-2,단독주택,2000.0,3.0,1.0,0.3247,A,0.116,26.0,126.963734,37.373006
24961,4117310300109280015,평촌동,928-15,단독주택,1997.0,3.0,1.0,0.3246,A,0.22,29.0,126.963978,37.383034
45128,4117110100108730019,안양동,873-19,공동주택,2016.0,5.0,0.0,0.3245,A,0.15,10.0,126.914182,37.401359
21774,4117310300109170009,평촌동,917-9,단독주택,1994.0,3.0,1.0,0.3238,A,0.259,32.0,126.9614,37.383206
805,4117110200107850013,석수동,785-13,제2종근린생활시설,1989.0,4.0,1.0,0.3235,A,0.208,37.0,126.898006,37.407256
2358,4117110100108370021,안양동,837-21,단독주택,1991.0,5.0,1.0,0.3233,A,0.106,35.0,126.915241,37.405802
21400,4117310400109370008,호계동,937-8,제2종근린생활시설,1990.0,3.0,1.0,0.323,A,0.054,36.0,126.954494,37.37868
46099,4117310200114460014,관양동,1446-14,공동주택,2017.0,5.0,0.0,0.3229,A,0.055,9.0,126.959923,37.40301
48001,4117110300100680140,박달동,68-140,공동주택,2017.0,5.0,0.0,0.3228,A,0.189,9.0,126.91273,37.402303
13769,4117310100104140007,비산동,414-7,제1종근린생활시설,1981.0,2.0,1.0,0.3225,A,0.02,45.0,126.938674,37.397475
11739,4117310200114200044,관양동,1420-44,제1종근린생활시설,1982.0,2.0,1.0,0.3222,A,0.158,44.0,126.960502,37.404174
17093,4117110100107110223,안양동,711-223,단독주택,1986.0,3.0,1.0,0.322,A,0.134,40.0,126.91978,37.396432
20242,4117310400110560006,호계동,1056-6,제2종근린생활시설,1992.0,2.0,0.0,0.3215,A,0.0,34.0,126.957324,37.379817
24523,4117310200115060013,관양동,1506-13,제1종근린생활시설,1999.0,5.0,1.0,0.3209,A,0.176,27.0,126.977869,37.39879
19219,4117310300109290007,평촌동,929-7,단독주택,1995.0,3.0,1.0,0.3203,A,0.211,31.0,126.964809,37.382926
18041,4117110100104920001,안양동,492-1,제2종근린생활시설,1983.0,3.0,1.0,0.3196,A,0.134,43.0,126.929449,37.387893
24223,4117310400110490000,호계동,1049,제1종근린생활시설,2003.0,7.0,2.0,0.3193,A,0.474,23.0,126.954113,37.390331
12589,4117310200107360003,관양동,736-3,제2종근린생활시설,2005.0,1.0,0.0,0.3192,A,0.222,21.0,126.960729,37.401274
20827,4117110100103700000,안양동,370,단독주택,1992.0,4.0,1.0,0.3188,A,0.048,34.0,126.937012,37.379663
11687,4117310200114040016,관양동,1404-16,제1종근린생활시설,1983.0,2.0,1.0,0.3187,A,0.1,43.0,126.95822,37.404355
26652,4117310400109470004,호계동,947-4,제1종근린생활시설,1992.0,4.0,1.0,0.3182,A,0.0,34.0,126.956513,37.374859
22085,4117110300100620038,박달동,62-38,공동주택,2013.0,5.0,0.0,0.3177,A,0.032,13.0,126.912748,37.405081
6300,4117110100113550000,안양동,1355,제2종근린생활시설,1970.0,1.0,0.0,0.3172,A,0.4,56.0,126.926102,37.419856
13415,4117110100108250002,안양동,825-2,공동주택,2012.0,5.0,0.0,0.3165,A,0.087,14.0,126.91351,37.404768
27710,4117110100110880028,안양동,1088-28,공동주택,2008.0,4.0,1.0,0.3163,A,0.308,18.0,126.900865,37.381927
24222,4117310400110490003,호계동,1049-3,의료시설,1998.0,10.0,3.0,0.316,A,0.4,28.0,126.9545,37.390227
2031,4117110200103030015,석수동,303-15,제2종근린생활시설,1991.0,5.0,1.0,0.3153,A,0.093,35.0,126.908348,37.41159
2991,4117110300100790004,박달동,79-4,제1종근린생활시설,1990.0,3.0,1.0,0.315,A,0.08,36.0,126.908721,37.403521
45185,4117110100109910122,안양동,991-122,공동주택,2014.0,5.0,0.0,0.315,A,0.061,12.0,126.907678,37.391799
21704,4117310300109300005,평촌동,930-5,단독주택,1995.0,3.0,1.0,0.3146,A,0.206,31.0,126.965156,37.383102
21707,4117310300109300004,평촌동,930-4,단독주택,1995.0,3.0,1.0,0.3146,A,0.216,31.0,126.965107,37.383201
27112,4117310200115050020,관양동,1505-20,제1종근린생활시설,1985.0,0.0,1.0,0.3144,A,0.114,41.0,126.977766,37.399959
20771,4117310200114950008,관양동,1495-8,단독주택,1989.0,4.0,1.0,0.314,A,0.195,37.0,126.974564,37.399286
16409,4117110100106270108,안양동,627-108,제1종근린생활시설,1977.0,2.0,1.0,0.3136,A,0.079,49.0,126.922734,37.394842
49300,4117110100109910084,안양동,991-84,공동주택,2017.0,5.0,0.0,0.3129,A,0.06,9.0,126.90595,37.391823
2033,4117110200102860021,석수동,286-21,단독주택,1991.0,4.0,1.0,0.3127,A,0.089,35.0,126.907153,37.413577
43219,4117110200108500004,석수동,850-4,제2종근린생활시설,2014.0,3.0,0.0,0.3127,A,0.182,12.0,126.931352,37.418673
45125,4117110100108710012,안양동,871-12,공동주택,2014.0,5.0,0.0,0.3126,A,0.17,12.0,126.913629,37.401279
44248,4117110100106890088,안양동,689-88,공동주택,2015.0,4.0,0.0,0.3125,A,0.125,11.0,126.920218,37.402639
6301,4117110100113550003,안양동,1355-3,제2종근린생활시설,2006.0,3.0,1.0,0.3125,A,0.333,20.0,126.926792,37.419984
45129,4117110100108730215,안양동,873-215,단독주택,2014.0,4.0,0.0,0.3121,A,0.079,12.0,126.915508,37.400081
5226,4117110100110880082,안양동,1088-82,단독주택,2009.0,3.0,1.0,0.3119,A,0.15,17.0,126.901895,37.383114
11887,4117310200114910009,관양동,1491-9,제2종근린생활시설,1981.0,2.0,1.0,0.3119,A,0.163,45.0,126.975112,37.400281
26965,4117310100110310010,비산동,1031-10,제1종근린생활시설,1991.0,5.0,1.0,0.3111,A,0.075,35.0,126.949917,37.404513
2060,4117110200103480036,석수동,348-36,종교시설,1986.0,2.0,1.0,0.311,A,0.012,40.0,126.905388,37.412317
827,4117110200107850024,석수동,785-24,단독주택,1988.0,4.0,1.0,0.3107,A,0.241,38.0,126.898482,37.407162
6595,4117310100101130000,비산동,113,제2종근린생활시설,2007.0,3.0,1.0,0.3106,A,0.0,19.0,126.9477,37.409651
50882,4117110300100560014,박달동,56-14,공동주택,2018.0,5.0,0.0,0.3105,A,0.124,8.0,126.910424,37.405711
21768,4117310300109170003,평촌동,917-3,단독주택,1994.0,3.0,1.0,0.3103,A,0.242,32.0,126.961583,37.383183
24708,4117310300109280013,평촌동,928-13,단독주택,2001.0,3.0,1.0,0.3095,A,0.2,25.0,126.964237,37.383114
11910,4117310200113870015,관양동,1387-15,제1종근린생활시설,1989.0,3.0,1.0,0.3095,A,0.081,37.0,126.955368,37.403968
13793,4117110100106270044,안양동,627-44,제1종근린생활시설,1973.0,1.0,0.0,0.3094,A,0.097,53.0,126.922853,37.39547
45188,4117110100105700004,안양동,570-4,공동주택,2016.0,5.0,0.0,0.3092,A,0.075,10.0,126.931706,37.383242
23409,4117310300109290003,평촌동,929-3,단독주택,2001.0,3.0,1.0,0.3091,A,0.182,25.0,126.96459,37.383013
19216,4117310300109220004,평촌동,922-4,공동주택,1996.0,7.0,3.0,0.309,A,0.242,30.0,126.960861,37.383126
44484,4117110100107720000,안양동,772,공동주택,2015.0,5.0,0.0,0.3089,A,0.053,11.0,126.914862,37.393854
26121,4117310400106650004,호계동,665-4,제1종근린생활시설,1985.0,2.0,1.0,0.3086,A,0.014,41.0,126.953694,37.367405
23355,4117310200115060002,관양동,1506-2,단독주택,1999.0,4.0,1.0,0.3083,A,0.146,27.0,126.977808,37.39966
3471,4117110100106950170,안양동,695-170,제2종근린생활시설,1979.0,4.0,1.0,0.3077,A,0.358,47.0,126.918677,37.40076
25334,4117310400109660003,호계동,966-3,제2종근린생활시설,1979.0,3.0,1.0,0.3071,A,0.143,47.0,126.954434,37.369119
8619,4117110100106950181,안양동,695-181,단독주택,2001.0,4.0,0.0,0.3059,A,0.301,25.0,126.918116,37.400433
2731,4117110100106740031,안양동,674-31,제2종근린생활시설,1976.0,2.0,1.0,0.3055,A,0.077,50.0,126.921467,37.400416
19252,4117310300109200006,평촌동,920-6,단독주택,1997.0,3.0,1.0,0.3054,A,0.194,29.0,126.962889,37.382938
13192,4117110100106760177,안양동,676-177,제1종근린생활시설,1977.0,2.0,1.0,0.3052,A,0.157,49.0,126.919251,37.397826
20792,4117310200114950034,관양동,1495-34,근린생활시설,1991.0,3.0,1.0,0.3045,A,0.169,35.0,126.974229,37.398583
49306,4117110100105080001,안양동,508-1,공동주택,2015.0,5.0,0.0,0.3043,A,0.074,11.0,126.930877,37.389647
50897,4117110300100540009,박달동,54-9,공동주택,2017.0,5.0,0.0,0.3041,A,0.051,9.0,126.911057,37.406501
2479,4117110300100600003,박달동,60-3,제1종근린생활시설,1992.0,5.0,1.0,0.3041,A,0.202,34.0,126.910346,37.4044
16673,4117110100105390001,안양동,539-1,제2종근린생활시설,1991.0,4.0,1.0,0.304,A,0.055,35.0,126.929061,37.385591
14980,4117110100101940025,안양동,194-25,제1종근린생활시설,1991.0,4.0,1.0,0.3036,A,0.044,35.0,126.93511,37.390376
2321,4117110100108380003,안양동,838-3,제2종근린생활시설,1983.0,4.0,1.0,0.3034,A,0.101,43.0,126.915905,37.405007
45136,4117110100109730001,안양동,973-1,공동주택,2016.0,5.0,1.0,0.3032,A,0.043,10.0,126.907318,37.392993
46417,4117110200102690003,석수동,269-3,공동주택,2017.0,5.0,0.0,0.3032,A,0.078,9.0,126.909908,37.416607
10937,4117110100106950199,안양동,695-199,제2종근린생활시설,1984.0,3.0,1.0,0.3031,A,0.175,42.0,126.917664,37.399675
44249,4117110100106950172,안양동,695-172,공동주택,2016.0,5.0,0.0,0.3024,A,0.328,10.0,126.91879,37.40059
24423,4117110100108730062,안양동,873-62,공동주택,2013.0,4.0,0.0,0.3022,A,0.155,13.0,126.9168,37.401314
9833,4117310200114220000,관양동,1422,공동주택,1991.0,4.0,1.0,0.3021,A,0.091,35.0,126.961494,37.404424
26746,4117110100106740060,안양동,674-60,제2종근린생활시설,1980.0,4.0,1.0,0.3018,A,0.062,46.0,126.921517,37.399988
19100,4117110100108290044,안양동,829-44,공동주택,2013.0,4.0,0.0,0.3006,A,0.113,13.0,126.913873,37.40374
45131,4117110100108730342,안양동,873-342,공동주택,2014.0,5.0,0.0,0.3006,A,0.195,12.0,126.913867,37.400357
1988,4117110100108170032,안양동,817-32,제1종근린생활시설,1990.0,4.0,1.0,0.3004,A,0.13,36.0,126.913663,37.41045
2037,4117110200103240016,석수동,324-16,제2종근린생활시설,1990.0,4.0,1.0,0.3004,A,0.031,36.0,126.912261,37.411331
12943,4117310200114840035,관양동,1484-35,공동주택,2009.0,5.0,0.0,0.3001,A,0.117,17.0,126.973098,37.401206
3448,4117110100106950147,안양동,695-147,제2종근린생활시설,1998.0,4.0,1.0,0.3,A,0.339,28.0,126.918068,37.401452
26009,4117310400109660010,호계동,966-10,제2종근린생활시설,1984.0,4.0,1.0,0.2998,A,0.146,42.0,126.954766,37.368577
25233,4117110100108210017,안양동,821-17,공동주택,2012.0,5.0,0.0,0.2997,A,0.097,14.0,126.912397,37.407502
43547,4117110100105080014,안양동,508-14,공동주택,2015.0,5.0,0.0,0.2996,A,0.078,11.0,126.931499,37.389627
2450,4117110300100210022,박달동,21-22,제2종근린생활시설,1989.0,4.0,1.0,0.2995,A,0.196,37.0,126.909666,37.404193
12393,4117310200115020008,관양동,1502-8,제2종근린생활시설,2000.0,3.0,1.0,0.2993,A,0.275,26.0,126.97595,37.400882
27667,4117110100106740026,안양동,674-26,제1종근린생활시설,2006.0,8.0,2.0,0.299,A,0.078,20.0,126.92168,37.400507
24070,4117310300101600004,평촌동,160-4,공장,1978.0,1.0,0.0,0.299,A,0.0,48.0,126.972514,37.389745
21432,4117310400109370007,호계동,937-7,제1종근린생활시설,1988.0,2.0,1.0,0.2988,A,0.045,38.0,126.954044,37.378486
13136,4117110100106050003,안양동,605-3,제2종근린생활시설,1992.0,5.0,1.0,0.2988,A,0.052,34.0,126.92965,37.381784
42872,4117110200103090002,석수동,309-2,공동주택,2015.0,5.0,0.0,0.2984,A,0.094,11.0,126.909507,37.410695
15083,4117110100108730175,안양동,873-175,공동주택,2012.0,5.0,0.0,0.2982,A,0.296,14.0,126.917778,37.400602
42869,4117110200103010013,석수동,301-13,공동주택,2014.0,5.0,0.0,0.2982,A,0.083,12.0,126.908887,37.410876
45158,4117110100108730220,안양동,873-220,공동주택,2016.0,5.0,0.0,0.298,A,0.109,10.0,126.915726,37.400391
11411,4117110100107640003,안양동,764-3,제2종근린생활시설,1992.0,4.0,1.0,0.2975,A,0.019,34.0,126.913343,37.393589
12443,4117310200114370016,관양동,1437-16,제2종근린생활시설,1987.0,3.0,1.0,0.2972,A,0.143,39.0,126.970161,37.405144
14380,4117110100101270005,안양동,127-5,제1종근린생활시설,1991.0,5.0,1.0,0.2958,A,0.065,35.0,126.934688,37.391777
51233,4117110300101400043,박달동,140-43,단독주택,2017.0,4.0,0.0,0.2958,A,0.093,9.0,126.904676,37.401646
51844,4117110100109730053,안양동,973-53,공동주택,2018.0,5.0,0.0,0.2956,A,0.045,8.0,126.907591,37.392992
12470,4117310200114750035,관양동,1475-35,제2종근린생활시설,1986.0,2.0,1.0,0.2955,A,0.054,40.0,126.971143,37.40392
16701,4117110100106220020,안양동,622-20,숙박시설,1990.0,6.0,1.0,0.2951,A,0.089,36.0,126.925418,37.397684
2625,4117110300101390004,박달동,139-4,제2종근린생활시설,1994.0,5.0,1.0,0.295,A,0.072,32.0,126.904506,37.400896
10231,4117110100105530001,안양동,553-1,공동주택,2013.0,4.0,0.0,0.2942,A,0.085,13.0,126.929561,37.384231
25787,4117310400111080008,호계동,1108-8,단독주택,2001.0,3.0,1.0,0.2942,A,0.098,25.0,126.963303,37.373412
2594,4117110100106950224,안양동,695-224,제2종근린생활시설,1987.0,3.0,1.0,0.2939,A,0.254,39.0,126.918791,37.400334
4822,4117110200102590034,석수동,259-34,공동주택,2013.0,5.0,0.0,0.2936,A,0.1,13.0,126.908208,37.419338
27296,4117310200114740008,관양동,1474-8,제2종근린생활시설,2004.0,7.0,0.0,0.2934,A,0.152,22.0,126.971628,37.404569
1969,4117110100108170002,안양동,817-2,제2종근린생활시설,1985.0,3.0,1.0,0.2929,A,0.122,41.0,126.913452,37.410277
42860,4117110200102930002,석수동,293-2,공동주택,2015.0,6.0,0.0,0.2927,A,0.079,11.0,126.906635,37.411976
1948,4117110200103050011,석수동,305-11,제1종근린생활시설,1990.0,3.0,1.0,0.2926,A,0.071,36.0,126.908638,37.412003
44523,4117110100108330024,안양동,833-24,공동주택,2016.0,5.0,0.0,0.2926,A,0.109,10.0,126.915451,37.404331
27561,4117110300106170028,박달동,617-28,제2종근린생활시설,2009.0,1.0,0.0,0.2923,A,0.067,17.0,126.890533,37.404375
3540,4117110100106950032,안양동,695-32,제2종근린생활시설,1994.0,5.0,1.0,0.2921,A,0.298,32.0,126.919339,37.400902
11466,4117110100111200000,안양동,1120,제2종근린생활시설,1974.0,1.0,0.0,0.2917,A,0.4,52.0,126.905665,37.380045
51532,4117110100108730054,안양동,873-54,공동주택,2018.0,5.0,0.0,0.2916,A,0.123,8.0,126.916424,37.40147
4896,4117110100109000030,안양동,900-30,제1종근린생활시설,1989.0,3.0,1.0,0.2914,A,0.122,37.0,126.913467,37.401697
44250,4117110100106950194,안양동,695-194,공동주택,2016.0,5.0,0.0,0.2913,A,0.225,10.0,126.918121,37.399925
2482,4117110300100730013,박달동,73-13,제1종근린생활시설,1990.0,4.0,1.0,0.2912,A,0.065,36.0,126.912195,37.403535
26278,4117310400106630002,호계동,663-2,제1종근린생활시설,1987.0,3.0,1.0,0.2911,A,0.0,39.0,126.952804,37.367675
2774,4117110200101040007,석수동,104-7,제1종근린생활시설,1994.0,5.0,1.0,0.2909,A,0.238,32.0,126.909538,37.41961
12127,4117310200113840034,관양동,1384-34,제1종근린생활시설,1989.0,3.0,1.0,0.2909,A,0.092,37.0,126.95486,37.403371
33093,4117310200114350008,관양동,1435-8,공동주택,2014.0,5.0,0.0,0.2907,A,0.104,12.0,126.967592,37.406015
44213,4117110100105420012,안양동,542-12,공동주택,2015.0,5.0,0.0,0.2906,A,0.076,11.0,126.928748,37.384113
16118,4117110100107180016,안양동,718-16,제2종근린생활시설,1992.0,5.0,1.0,0.2902,A,0.075,34.0,126.91482,37.393639
18059,4117110100104270022,안양동,427-22,숙박시설,1978.0,3.0,0.0,0.2901,A,0.048,48.0,126.930106,37.391714
6370,4117310100110380016,비산동,1038-16,숙박시설,1982.0,4.0,1.0,0.29,A,0.047,44.0,126.95096,37.404035
528,4117110300106930016,박달동,693-16,제1종근린생활시설,1997.0,1.0,1.0,0.2898,A,0.077,29.0,126.886186,37.405537
14718,4117110100105380014,안양동,538-14,제2종근린생활시설,1984.0,2.0,0.0,0.2898,A,0.286,42.0,126.93236,37.391634
46407,4117110100106270156,안양동,627-156,공동주택,2017.0,5.0,0.0,0.2898,A,0.057,9.0,126.923546,37.393829
2787,4117110300100440005,박달동,44-5,제2종근린생활시설,1985.0,3.0,1.0,0.2897,A,0.062,41.0,126.907418,37.404255
45202,4117110100109960014,안양동,996-14,공동주택,2016.0,5.0,0.0,0.2896,A,0.128,10.0,126.909031,37.391816
18076,4117110100104270021,안양동,427-21,숙박시설,1989.0,6.0,1.0,0.2895,A,0.05,37.0,126.929969,37.391657
2528,4117110100108570020,안양동,857-20,제2종근린생활시설,1992.0,5.0,1.0,0.2894,A,0.076,34.0,126.914769,37.408746
28901,4117110100102010018,안양동,201-18,공장,2013.0,2.0,0.0,0.2893,A,0.091,13.0,126.935827,37.386698
6695,4117310200114520004,관양동,1452-4,숙박시설,1990.0,3.0,1.0,0.2889,A,0.108,36.0,126.962609,37.403253
13766,4117110100106950163,안양동,695-163,공동주택,2012.0,4.0,0.0,0.2888,A,0.326,14.0,126.917955,37.400612
6065,4117310200114040027,관양동,1404-27,제1종근린생활시설,1985.0,4.0,1.0,0.2886,A,0.107,41.0,126.957813,37.405265
3582,4117110300100570007,박달동,57-7,공동주택,2007.0,1.0,0.0,0.2886,A,0.213,19.0,126.910355,37.405077
21002,4117110100105330021,안양동,533-21,제2종근린생활시설,2006.0,6.0,1.0,0.2885,A,0.129,20.0,126.933776,37.385732
6359,4117310200113840000,관양동,1384,제1종근린생활시설,1991.0,5.0,1.0,0.2883,A,0.088,35.0,126.95475,37.403725
22412,4117110100102320005,안양동,232-5,제2종근린생활시설,1985.0,4.0,1.0,0.288,A,0.143,41.0,126.93546,37.386077
17457,4117110100106740235,안양동,674-235,제2종근린생활시설,1989.0,5.0,1.0,0.288,A,0.147,37.0,126.92211,37.399292
11915,4117310200114610000,관양동,1461,제1종근린생활시설,1992.0,1.0,1.0,0.2878,A,0.095,34.0,126.964893,37.403242
44516,4117110100108210025,안양동,821-25,공동주택,2015.0,5.0,0.0,0.2876,A,0.087,11.0,126.912365,37.407261
2537,4117110100107820002,안양동,782-2,제2종근린생활시설,1978.0,3.0,1.0,0.2873,A,0.2,48.0,126.919938,37.400186
5234,4117110100110800004,안양동,1080-4,공동주택,2011.0,4.0,1.0,0.2872,A,0.115,15.0,126.901439,37.383409
42911,4117110200108390003,석수동,839-3,공동주택,2016.0,4.0,0.0,0.287,A,0.333,10.0,126.931791,37.418869
21529,4117310400109100002,호계동,910-2,제2종근린생활시설,1995.0,1.0,0.0,0.287,A,0.125,31.0,126.946398,37.384058
27452,4117110100108730120,안양동,873-120,공동주택,2003.0,4.0,1.0,0.2867,A,0.255,23.0,126.91741,37.401137
5714,4117310200114540006,관양동,1454-6,제1종근린생활시설,1990.0,3.0,1.0,0.2865,A,0.026,36.0,126.963258,37.402255
2383,4117110200103250003,석수동,325-3,제2종근린생활시설,1988.0,5.0,1.0,0.286,A,0.049,38.0,126.911442,37.411338
12903,4117310200114560032,관양동,1456-32,제1종근린생활시설,1987.0,3.0,1.0,0.2859,A,0.086,39.0,126.963338,37.402768
2938,4117110300100200001,박달동,20-1,제2종근린생활시설,1984.0,4.0,1.0,0.2852,A,0.211,42.0,126.909848,37.404012
2401,4117110100108190004,안양동,819-4,제1종근린생활시설,1975.0,5.0,0.0,0.2849,A,0.118,51.0,126.913823,37.410157
20805,4117310200114950005,관양동,1495-5,근린생활시설,1988.0,3.0,1.0,0.2848,A,0.195,38.0,126.974508,37.399508
18594,4117310200114950054,관양동,1495-54,근린생활시설,1990.0,3.0,1.0,0.2848,A,0.169,36.0,126.974161,37.399252
21112,4117310400110410000,호계동,1041,제1종근린생활시설,1995.0,10.0,3.0,0.2844,A,0.4,31.0,126.952607,37.391338
44481,4117110100107140224,안양동,714-224,공동주택,2015.0,5.0,0.0,0.2842,A,0.064,11.0,126.916993,37.395711
18595,4117310200114940057,관양동,1494-57,근린생활시설,1984.0,3.0,1.0,0.284,A,0.163,42.0,126.973841,37.399889
11376,4117310200114650009,관양동,1465-9,공동주택,2001.0,7.0,1.0,0.284,A,0.167,25.0,126.967032,37.404113
51214,4117110100103610002,안양동,361-2,공동주택,2018.0,5.0,0.0,0.2835,A,0.059,8.0,126.936038,37.380356
28775,4117110100109510005,안양동,951-5,공동주택,2013.0,5.0,0.0,0.2833,A,0.072,13.0,126.914484,37.397244
22321,4117310400110620005,호계동,1062-5,단독주택,1996.0,3.0,1.0,0.2833,A,0.119,30.0,126.958347,37.382053
13697,4117310100110270000,비산동,1027,제2종근린생활시설,1995.0,2.0,1.0,0.283,A,0.235,31.0,126.949125,37.403321
12601,4117310200114630000,관양동,1463,제2종근린생활시설,2004.0,5.0,0.0,0.2829,A,0.139,22.0,126.966375,37.403396
14074,4117310100104220013,비산동,422-13,제2종근린생활시설,1994.0,6.0,2.0,0.2828,A,0.051,32.0,126.938593,37.396901
21085,4117310400109280002,호계동,928-2,제2종근린생활시설,1991.0,5.0,1.0,0.2828,A,0.034,35.0,126.950136,37.38186
2746,4117110100106890115,안양동,689-115,제2종근린생활시설,1990.0,5.0,1.0,0.2827,A,0.174,36.0,126.920018,37.401315
5926,4117110200101620013,석수동,162-13,단독주택,2002.0,2.0,0.0,0.2823,A,0.143,24.0,126.912499,37.42256
44482,4117110100107590068,안양동,759-68,공동주택,2014.0,5.0,0.0,0.2821,A,0.043,12.0,126.910745,37.393743
24536,4117310300100920001,평촌동,92-1,제1종근린생활시설,1991.0,2.0,1.0,0.2821,A,0.16,35.0,126.975629,37.394029
24546,4117310200115040000,관양동,1504,제2종근린생활시설,2008.0,1.0,0.0,0.2819,A,0.243,18.0,126.976454,37.399119
16679,4117110100104920004,안양동,492-4,제2종근린생활시설,1990.0,3.0,1.0,0.2818,A,0.11,36.0,126.928975,37.387672
19210,4117310400109270000,호계동,927,제2종근린생활시설,1999.0,2.0,1.0,0.2817,A,0.024,27.0,126.950867,37.381897
14415,4117110200103260012,석수동,326-12,제2종근린생활시설,2012.0,4.0,0.0,0.2815,A,0.125,14.0,126.912545,37.409925
28034,4117110100106740171,안양동,674-171,제2종근린생활시설,2009.0,6.0,1.0,0.2814,A,0.076,17.0,126.921997,37.400182
9904,4117110100106220397,안양동,622-397,공동주택,2013.0,10.0,1.0,0.2811,A,0.062,13.0,126.92697,37.395952
45178,4117110100113610010,안양동,1361-10,공동주택,2015.0,4.0,0.0,0.2808,A,0.154,11.0,126.929437,37.419637
27564,4117310100104200006,비산동,420-6,제1종근린생활시설,1989.0,5.0,1.0,0.2808,A,0.0,37.0,126.940676,37.39719
25020,4117310200115040007,관양동,1504-7,제2종근린생활시설,1990.0,5.0,1.0,0.2806,A,0.206,36.0,126.976489,37.39828
3150,4117110100113290000,안양동,1329,제2종근린생활시설,2006.0,3.0,1.0,0.2804,A,0.227,20.0,126.922978,37.418429
44195,4117110100105430002,안양동,543-2,공동주택,2014.0,5.0,0.0,0.2802,A,0.078,12.0,126.929558,37.384564
27615,4117310300109260002,평촌동,926-2,제1종근린생활시설,1997.0,3.0,1.0,0.2795,A,0.173,29.0,126.963487,37.382836
42834,4117110200100720002,석수동,72-2,공동주택,2015.0,4.0,0.0,0.2793,A,0.241,11.0,126.911625,37.423635
6678,4117310300109280016,평촌동,928-16,단독주택,2013.0,4.0,0.0,0.279,A,0.204,13.0,126.96385,37.382983
43213,4117110100103600005,안양동,360-5,공동주택,2015.0,5.0,0.0,0.2786,A,0.052,11.0,126.936252,37.380854
42862,4117110200103240033,석수동,324-33,공동주택,2014.0,5.0,0.0,0.2783,A,0.015,12.0,126.912715,37.411882
45135,4117110100109630003,안양동,963-3,공동주택,2014.0,5.0,0.0,0.2782,A,0.045,12.0,126.913146,37.395915
21717,4117310300109260000,평촌동,926,단독주택,1995.0,3.0,1.0,0.2775,A,0.157,31.0,126.963452,37.383086
22991,4117110100102130033,안양동,213-33,공장,1988.0,4.0,1.0,0.2771,A,0.063,38.0,126.934356,37.38916
16052,4117110100105700009,안양동,570-9,제1종근린생활시설,1989.0,2.0,1.0,0.277,A,0.059,37.0,126.931189,37.383495
51260,4117110100103610002,안양동,361-2,공동주택,2018.0,5.0,0.0,0.2769,A,0.059,8.0,126.936037,37.380358
51845,4117110100109910061,안양동,991-61,공동주택,2017.0,5.0,0.0,0.2768,A,0.078,9.0,126.906527,37.391991
984,4117110200107540016,석수동,754-16,단독주택,1988.0,3.0,1.0,0.2767,A,0.031,38.0,126.896247,37.407734
28827,4117110100108530029,안양동,853-29,공동주택,2012.0,5.0,0.0,0.2766,A,0.053,14.0,126.91524,37.407358
44170,4117110100104990014,안양동,499-14,공동주택,2015.0,5.0,0.0,0.2765,A,0.075,11.0,126.928295,37.385403
42870,4117110200103020008,석수동,302-8,공동주택,2016.0,5.0,0.0,0.2765,A,0.096,10.0,126.908309,37.411066
19348,4117110100101930031,안양동,193-31,단독주택,1990.0,3.0,1.0,0.2765,A,0.064,36.0,126.934353,37.391387
48359,4117110300100130007,박달동,13-7,공동주택,2017.0,5.0,0.0,0.2765,A,0.067,9.0,126.907657,37.406614
13758,4117310100104130011,비산동,413-11,제1종근린생활시설,1980.0,2.0,1.0,0.276,A,0.042,46.0,126.93857,37.397211
28749,4117110200103110007,석수동,311-7,공동주택,2013.0,5.0,0.0,0.2758,A,0.114,13.0,126.910526,37.410346
28589,4117310200109540008,관양동,954-8,공장,2010.0,5.0,1.0,0.2756,A,0.1,16.0,126.971572,37.393251
2357,4117110100108370022,안양동,837-22,제1종근린생활시설,1988.0,3.0,1.0,0.2751,A,0.108,38.0,126.915111,37.405971
6068,4117310200114670000,관양동,1467,제2종근린생활시설,1989.0,4.0,1.0,0.2747,A,0.09,37.0,126.967915,37.403946
28845,4117310200113840011,관양동,1384-11,단독주택,2013.0,4.0,0.0,0.2745,A,0.101,13.0,126.955379,37.403315
43841,4117110100103540004,안양동,354-4,공동주택,2015.0,5.0,0.0,0.2745,A,0.06,11.0,126.935563,37.381401
42898,4117110200103040011,석수동,304-11,공동주택,2015.0,5.0,0.0,0.2745,A,0.078,11.0,126.907994,37.411681
11307,4117310200113850000,관양동,1385,제1종근린생활시설,1992.0,1.0,1.0,0.2744,A,0.066,34.0,126.956084,37.403445
27454,4117110100106950167,안양동,695-167,단독주택,2002.0,4.0,0.0,0.274,A,0.293,24.0,126.918322,37.400656
17400,4117110100104130015,안양동,413-15,제2종근린생활시설,1984.0,3.0,1.0,0.2737,A,0.043,42.0,126.928254,37.392182
19254,4117310300109280000,평촌동,928,단독주택,1997.0,3.0,1.0,0.2736,A,0.17,29.0,126.963676,37.383118
8913,4117110300100210021,박달동,21-21,제1종근린생활시설,1990.0,5.0,1.0,0.2736,A,0.216,36.0,126.909615,37.404336
46402,4117110200102690009,석수동,269-9,공동주택,2017.0,6.0,0.0,0.2728,A,0.089,9.0,126.910321,37.416653
4874,4117110100108710010,안양동,871-10,공동주택,2012.0,4.0,0.0,0.2725,A,0.129,14.0,126.913627,37.401589
27437,4117110100108730009,안양동,873-9,단독주택,2001.0,3.0,0.0,0.2725,A,0.144,25.0,126.913851,37.401452
26129,4117110200102920021,석수동,292-21,공동주택,2013.0,5.0,0.0,0.2722,A,0.086,13.0,126.906318,37.412433
5180,4117110100108730020,안양동,873-20,단독주택,2002.0,3.0,0.0,0.2721,A,0.167,24.0,126.914309,37.40131
19228,4117310300109160000,평촌동,916,자동차관련시설,1996.0,6.0,1.0,0.2718,A,0.255,30.0,126.961327,37.383863
5520,4117110100106950229,안양동,695-229,단독주택,1987.0,2.0,1.0,0.2717,A,0.279,39.0,126.918159,37.400296
2918,4117110300100150005,박달동,15-5,제1종근린생활시설,1991.0,3.0,1.0,0.2716,A,0.164,35.0,126.908789,37.404701
13710,4117310100104140016,비산동,414-16,제1종근린생활시설,1985.0,2.0,1.0,0.2713,A,0.038,41.0,126.938637,37.397608
25995,4117310400106730000,호계동,673,제1종근린생활시설,1989.0,4.0,1.0,0.2713,A,0.0,37.0,126.952653,37.368354
21472,4117310400109010015,호계동,901-15,제1종근린생활시설,1989.0,5.0,1.0,0.2713,A,0.068,37.0,126.94609,37.388725
21514,4117310400109030010,호계동,903-10,제1종근린생활시설,1990.0,4.0,1.0,0.2713,A,0.14,36.0,126.947189,37.388873
2378,4117110200102800004,석수동,280-4,제2종근린생활시설,1991.0,4.0,1.0,0.2713,A,0.133,35.0,126.908856,37.41339
33030,4117310100110380001,비산동,1038-1,공동주택,2014.0,5.0,0.0,0.2712,A,0.047,12.0,126.950826,37.404202
43552,4117110100105550015,안양동,555-15,단독주택,2016.0,4.0,0.0,0.2709,A,0.025,10.0,126.929018,37.383165
45150,4117110100109080115,안양동,908-115,공동주택,2015.0,5.0,0.0,0.2707,A,0.047,11.0,126.912267,37.39947
15645,4117110100102130028,안양동,213-28,제1종근린생활시설,1983.0,2.0,1.0,0.2706,A,0.065,43.0,126.934399,37.389011
14326,4117110100105320010,안양동,532-10,제2종근린생활시설,1987.0,3.0,1.0,0.2706,A,0.176,39.0,126.933359,37.38499
18058,4117110100104270004,안양동,427-4,숙박시설,1989.0,3.0,1.0,0.2698,A,0.056,37.0,126.929315,37.391735
6042,4117310200114650000,관양동,1465,제2종근린생활시설,1992.0,5.0,1.0,0.2697,A,0.143,34.0,126.966195,37.404292
14688,4117110100101940003,안양동,194-3,단독주택,1980.0,3.0,1.0,0.2697,A,0.062,46.0,126.934301,37.390768
20469,4117310400109870000,호계동,987,단독주택,1989.0,4.0,1.0,0.2695,A,0.014,37.0,126.958948,37.375255
16403,4117110100106130020,안양동,613-20,제1종근린생활시설,1989.0,4.0,1.0,0.2695,A,0.065,37.0,126.922683,37.392738
50909,4117110100103540001,안양동,354-1,공동주택,2018.0,5.0,0.0,0.2694,A,0.031,8.0,126.935319,37.381641
24055,4117310300101360003,평촌동,136-3,제2종근린생활시설,2005.0,3.0,0.0,0.2692,A,0.0,21.0,126.973894,37.389027
17735,4117110100108730050,안양동,873-50,공동주택,2013.0,4.0,0.0,0.269,A,0.11,13.0,126.916072,37.401305
14295,4117310100105770000,비산동,577,제2종근린생활시설,1977.0,1.0,1.0,0.269,A,0.053,49.0,126.941525,37.392705
17393,4117110100103970013,안양동,397-13,제1종근린생활시설,1978.0,3.0,1.0,0.2688,A,0.05,48.0,126.928343,37.392679
4906,4117110100108730012,안양동,873-12,단독주택,2005.0,4.0,0.0,0.2688,A,0.158,21.0,126.913975,37.401313
16009,4117110100105510012,안양동,551-12,제2종근린생활시설,1990.0,5.0,1.0,0.2688,A,0.04,36.0,126.931104,37.384027
27583,4117310200113830013,관양동,1383-13,제2종근린생활시설,2009.0,3.0,0.0,0.2685,A,0.104,17.0,126.954053,37.402892
44205,4117110100106760165,안양동,676-165,공동주택,2015.0,9.0,1.0,0.2677,A,0.143,11.0,126.919721,37.398849
36209,4117310200114440002,관양동,1444-2,공동주택,2015.0,5.0,0.0,0.2676,A,0.068,11.0,126.958825,37.402819
17806,4117110100110880001,안양동,1088-1,제2종근린생활시설,2006.0,4.0,2.0,0.2671,A,0.0,20.0,126.902736,37.384249
11689,4117310200113850005,관양동,1385-5,제2종근린생활시설,1991.0,4.0,1.0,0.2671,A,0.071,35.0,126.956509,37.40332
44172,4117110100105090004,안양동,509-4,공동주택,2015.0,8.0,0.0,0.2668,A,0.041,11.0,126.932046,37.389933
6072,4117310200114650024,관양동,1465-24,제2종근린생활시설,1994.0,5.0,2.0,0.2668,A,0.148,32.0,126.966293,37.404136
11942,4117310200113870014,관양동,1387-14,제1종근린생활시설,1989.0,4.0,1.0,0.2665,A,0.07,37.0,126.955584,37.403983
2878,4117110300100560021,박달동,56-21,제1종근린생활시설,1987.0,3.0,1.0,0.2662,A,0.176,39.0,126.910426,37.405364
14382,4117110100101930014,안양동,193-14,단독주택,1991.0,5.0,1.0,0.2662,A,0.067,35.0,126.93501,37.390929
28662,4117310200114640000,관양동,1464,공동주택,2010.0,5.0,0.0,0.2661,A,0.127,16.0,126.966941,37.40368
27380,4117110200103250006,석수동,325-6,제2종근린생활시설,2007.0,1.0,0.0,0.2661,A,0.028,19.0,126.911605,37.411273
44815,4117110100109910015,안양동,991-15,공동주택,2016.0,5.0,0.0,0.266,A,0.052,10.0,126.906875,37.392268
18091,4117110100106760091,안양동,676-91,업무시설,2007.0,15.0,6.0,0.2659,A,0.088,19.0,126.920798,37.39881
17791,4117110100107590011,안양동,759-11,제2종근린생활시설,2003.0,5.0,1.0,0.2659,A,0.069,23.0,126.90974,37.392646
15992,4117110100104340005,안양동,434-5,제1종근린생활시설,1991.0,4.0,1.0,0.2658,A,0.078,35.0,126.930932,37.390756
21136,4117310400110440008,호계동,1044-8,숙박시설,2005.0,5.0,1.0,0.2658,A,0.5,21.0,126.955093,37.391469
43545,4117110100104990021,안양동,499-21,공동주택,2015.0,5.0,0.0,0.2652,A,0.061,11.0,126.928356,37.385625
3365,4117110300100850005,박달동,85-5,제1종근린생활시설,1990.0,4.0,1.0,0.2651,A,0.122,36.0,126.908287,37.402428
10660,4117110100107110396,안양동,711-396,제1종근린생활시설,1992.0,4.0,1.0,0.2649,A,0.056,34.0,126.918087,37.395637
5768,4117110200102660002,석수동,266-2,공동주택,2011.0,5.0,0.0,0.2649,A,0.145,15.0,126.90812,37.417983
6664,4117310200114650003,관양동,1465-3,제2종근린생활시설,1993.0,6.0,1.0,0.2648,A,0.167,33.0,126.966819,37.404324
28708,4117310200116020006,관양동,1602-6,제2종근린생활시설,1997.0,5.0,4.0,0.2647,A,0.211,29.0,126.961586,37.393758
27787,4117110200101620001,석수동,162-1,단독주택,2008.0,2.0,0.0,0.2644,A,0.133,18.0,126.912901,37.422743
5810,4117110200101690009,석수동,169-9,제2종근린생활시설,2008.0,4.0,1.0,0.2643,A,0.25,18.0,126.912259,37.418145
3144,4117110200108110001,석수동,811-1,종교시설,2025.0,2.0,,0.2642,A,0.3,1.0,126.920875,37.419733
12593,4117310200107360002,관양동,736-2,제2종근린생활시설,2002.0,2.0,1.0,0.2641,A,0.375,24.0,126.961158,37.401249
20858,4117110100103590007,안양동,359-7,문화및집회시설,1982.0,1.0,1.0,0.2638,A,0.062,44.0,126.93599,37.380538
16702,4117110100106220363,안양동,622-363,제2종근린생활시설,1984.0,4.0,1.0,0.2636,A,0.075,42.0,126.92582,37.394783
45121,4117110100108510027,안양동,851-27,공동주택,2015.0,5.0,0.0,0.2636,A,0.086,11.0,126.916421,37.407086
3370,4117110300100850026,박달동,85-26,제1종근린생활시설,1990.0,4.0,1.0,0.2636,A,0.093,36.0,126.908259,37.401764
9,4117110200104770024,석수동,477-24,공장,1968.0,2.0,0.0,0.2635,A,0.5,58.0,126.898994,37.425363
950,4117110200107600008,석수동,760-8,제1종근린생활시설,1988.0,3.0,1.0,0.2632,A,0.069,38.0,126.89682,37.407035
44216,4117110100106220142,안양동,622-142,공동주택,2015.0,5.0,0.0,0.2629,A,0.08,11.0,126.924893,37.397394
9878,4117310200114220000,관양동,1422,공동주택,1991.0,4.0,1.0,0.2629,A,0.1,35.0,126.961347,37.404406
24534,4117310300100890002,평촌동,89-2,제1종근린생활시설,1980.0,4.0,1.0,0.2627,A,0.115,46.0,126.975857,37.394575
24038,4117310400109320003,호계동,932-3,제2종근린생활시설,2005.0,2.0,1.0,0.2627,A,0.031,21.0,126.952823,37.380293
869,4117110300106150000,박달동,615,공장,1976.0,2.0,0.0,0.2626,A,0.0,50.0,126.893755,37.406213
33081,4117310200114750002,관양동,1475-2,공동주택,2014.0,6.0,1.0,0.2615,A,0.097,12.0,126.971615,37.404037
9944,4117110100106380004,안양동,638-4,제2종근린생활시설,1989.0,4.0,1.0,0.2613,A,0.093,37.0,126.923785,37.399909
21135,4117310400110530002,호계동,1053-2,제2종근린생활시설,1992.0,3.0,1.0,0.2612,A,0.125,34.0,126.952591,37.387539
2623,4117110300101560002,박달동,156-2,제1종근린생활시설,1984.0,3.0,1.0,0.2611,A,0.0,42.0,126.901055,37.401721
9892,4117110100106220300,안양동,622-300,제2종근린생활시설,1977.0,3.0,1.0,0.261,A,0.079,49.0,126.924358,37.396186
18097,4117110100106740188,안양동,674-188,제2종근린생활시설,1978.0,4.0,1.0,0.2609,A,0.133,48.0,126.922892,37.399044
3027,4117110100108220003,안양동,822-3,제2종근린생활시설,2006.0,3.0,0.0,0.2608,A,0.128,20.0,126.912595,37.406901
2922,4117110300100160001,박달동,16-1,제1종근린생활시설,1985.0,2.0,0.0,0.2608,A,0.179,41.0,126.90889,37.404564
19557,4117310300109020002,평촌동,902-2,단독주택,1994.0,3.0,1.0,0.2605,A,0.5,32.0,126.960542,37.38478
45130,4117110100108730230,안양동,873-230,공동주택,2016.0,5.0,0.0,0.2604,A,0.107,10.0,126.916087,37.400396
10932,4117110100106950042,안양동,695-42,제2종근린생활시설,1983.0,4.0,1.0,0.2603,A,0.213,43.0,126.917479,37.399461
19815,4117110100103470016,안양동,347-16,위험물저장및처리시설,1997.0,1.0,0.0,0.2602,A,0.068,29.0,126.935788,37.38212
25406,4117310300109290006,평촌동,929-6,단독주택,1995.0,3.0,1.0,0.2601,A,0.211,31.0,126.964932,37.382976
19253,4117310300109260001,평촌동,926-1,단독주택,1997.0,3.0,1.0,0.2601,A,0.17,29.0,126.963466,37.382951
1829,4117110200102890001,석수동,289-1,단독주택,1989.0,3.0,1.0,0.26,A,0.074,37.0,126.90794,37.4126
17066,4117110100105410010,안양동,541-10,제1종근린생활시설,1983.0,2.0,1.0,0.26,A,0.08,43.0,126.927998,37.384534
589,4117110300106130004,박달동,613-4,공장,1971.0,2.0,1.0,0.26,A,0.0,55.0,126.893922,37.406522
20857,4117110100102200012,안양동,220-12,제1종근린생활시설,1978.0,2.0,1.0,0.2599,A,0.0,48.0,126.93849,37.381241
9942,4117110100106270015,안양동,627-15,제1종근린생활시설,1992.0,4.0,1.0,0.2598,A,0.079,34.0,126.923346,37.394541
33079,4117310200114540000,관양동,1454,공동주택,2014.0,7.0,0.0,0.2598,A,0.035,12.0,126.961977,37.402298
12104,4117310200113840029,관양동,1384-29,제1종근린생활시설,1990.0,4.0,1.0,0.2593,A,0.097,36.0,126.95492,37.403734
38460,4117110300107010001,박달동,701-1,공장,2015.0,3.0,0.0,0.259,A,0.13,11.0,126.885375,37.405422
2436,4117110200103260013,석수동,326-13,제2종근린생활시설,1984.0,5.0,1.0,0.2589,A,0.079,42.0,126.912121,37.410401
643,4117110200107590007,석수동,759-7,제1종근린생활시설,1994.0,4.0,1.0,0.2587,A,0.106,32.0,126.897401,37.406745
11475,4117110100109910061,안양동,991-61,제1종근린생활시설,1992.0,5.0,1.0,0.2587,A,0.075,34.0,126.906523,37.392024
11566,4117310200113810010,관양동,1381-10,제2종근린생활시설,1992.0,5.0,1.0,0.2582,A,0.136,34.0,126.954124,37.403673
36225,4117310200114440021,관양동,1444-21,공동주택,2015.0,5.0,0.0,0.2575,A,0.021,11.0,126.958956,37.402719
51525,4117110100107360008,안양동,736-8,공동주택,2017.0,5.0,0.0,0.2573,A,0.0,9.0,126.913603,37.392481
15007,4117110100101950000,안양동,195,제1종근린생활시설,1984.0,2.0,1.0,0.2568,A,0.048,42.0,126.93463,37.389393
27713,4117110200101040158,석수동,104-158,제2종근린생활시설,2007.0,5.0,0.0,0.2567,A,0.263,19.0,126.90945,37.419505
24592,4117310400109350047,호계동,935-47,단독주택,1984.0,3.0,0.0,0.2567,A,0.027,42.0,126.953083,37.378858
5821,4117110100108560004,안양동,856-4,제2종근린생활시설,1980.0,2.0,1.0,0.2566,A,0.052,46.0,126.914826,37.407154
6369,4117310100110500007,비산동,1050-7,제1종근린생활시설,1997.0,3.0,1.0,0.2565,A,0.083,29.0,126.953127,37.403296
3369,4117110300100850023,박달동,85-23,노유자시설,1990.0,5.0,1.0,0.2565,A,0.145,36.0,126.908378,37.40208
2942,4117110300101070000,박달동,107,제1종근린생활시설,1996.0,3.0,1.0,0.2563,A,0.094,30.0,126.905902,37.403119
2468,4117110300100200026,박달동,20-26,제2종근린생활시설,1986.0,4.0,1.0,0.2561,A,0.198,40.0,126.910147,37.403476
1523,4117110100100380002,안양동,38-2,공장,1995.0,4.0,1.0,0.2561,A,0.053,31.0,126.915987,37.410799
25271,4117310400109940000,호계동,994,제2종근린생활시설,1989.0,5.0,1.0,0.2556,A,0.08,37.0,126.958607,37.373814
13675,4117110100101960000,안양동,196,공장,1992.0,8.0,3.0,0.2553,A,0.091,34.0,126.936041,37.389958
26260,4117310400106720000,호계동,672,제1종근린생활시설,1989.0,4.0,1.0,0.255,A,0.029,37.0,126.952897,37.368484
25988,4117310400110290016,호계동,1029-16,공장,1989.0,4.0,1.0,0.2549,A,0.028,37.0,126.951947,37.368479
2980,4117110300100310027,박달동,31-27,제2종근린생활시설,1991.0,4.0,1.0,0.2549,A,0.105,35.0,126.909368,37.406114
18628,4117310400109280011,호계동,928-11,제2종근린생활시설,1990.0,4.0,1.0,0.2548,A,0.022,36.0,126.950303,37.381868
3192,4117110200102690007,석수동,269-7,제1종근린생활시설,1980.0,3.0,1.0,0.2545,A,0.082,46.0,126.910194,37.416849
9683,4117110100106270202,안양동,627-202,제1종근린생활시설,1978.0,4.0,1.0,0.2543,A,0.093,48.0,126.923573,37.395805
44192,4117110100105620009,안양동,562-9,공동주택,2016.0,5.0,0.0,0.2542,A,0.042,10.0,126.930126,37.382918
25269,4117310400109940015,호계동,994-15,제1종근린생활시설,1989.0,4.0,1.0,0.2542,A,0.104,37.0,126.958809,37.373622
11186,4117110100107560015,안양동,756-15,제2종근린생활시설,1990.0,4.0,1.0,0.2541,A,0.125,36.0,126.909651,37.392151
16707,4117110100106220031,안양동,622-31,제2종근린생활시설,1989.0,3.0,1.0,0.2539,A,0.079,37.0,126.925112,37.397536
17409,4117110100104140004,안양동,414-4,제1종근린생활시설,1975.0,3.0,1.0,0.2536,A,0.047,51.0,126.92713,37.392331
22391,4117110100103610007,안양동,361-7,제2종근린생활시설,2002.0,4.0,0.0,0.2534,A,0.056,24.0,126.936577,37.380388
27000,4117310200114910012,관양동,1491-12,제2종근린생활시설,1986.0,3.0,1.0,0.2534,A,0.141,40.0,126.974981,37.40013
807,4117110200107850026,석수동,785-26,제2종근린생활시설,1988.0,5.0,1.0,0.2533,A,0.236,38.0,126.898828,37.407097
28852,4117110200102710017,석수동,271-17,공동주택,2013.0,4.0,0.0,0.2533,A,0.039,13.0,126.911386,37.414012
2994,4117110100108230038,안양동,823-38,단독주택,2000.0,4.0,0.0,0.2533,A,0.102,26.0,126.913666,37.406094
51218,4117110300101400029,박달동,140-29,공동주택,2017.0,4.0,0.0,0.2531,A,0.088,9.0,126.904161,37.401021
46438,4117110100107590013,안양동,759-13,공동주택,2016.0,5.0,0.0,0.253,A,0.071,10.0,126.90987,37.392541
22666,4117310200108960001,관양동,896-1,자동차관련시설,1994.0,2.0,0.0,0.2526,A,0.111,32.0,126.970909,37.396909
12784,4117310200113780015,관양동,1378-15,제1종근린생활시설,1989.0,3.0,1.0,0.2526,A,0.049,37.0,126.953353,37.404622
13981,4117310100105500003,비산동,550-3,제1종근린생활시설,1984.0,3.0,1.0,0.2523,A,0.032,42.0,126.934111,37.399245
24628,4117310300109180002,평촌동,918-2,단독주택,1994.0,3.0,1.0,0.252,A,0.205,32.0,126.961897,37.383457
36533,4117310200114610011,관양동,1461-11,공동주택,2016.0,5.0,0.0,0.2518,A,0.139,10.0,126.965584,37.403131
26963,4117310100110310012,비산동,1031-12,제1종근린생활시설,1997.0,3.0,1.0,0.2518,A,0.078,29.0,126.950025,37.404781
11738,4117310200114060038,관양동,1406-38,제1종근린생활시설,1981.0,2.0,1.0,0.2515,A,0.074,45.0,126.959254,37.403779
5275,4117310100104980016,비산동,498-16,제1종근린생활시설,1989.0,4.0,1.0,0.2514,A,0.0,37.0,126.932671,37.402398
6336,4117310200114590003,관양동,1459-3,제2종근린생활시설,1994.0,5.0,1.0,0.2512,A,0.167,32.0,126.965464,37.404174
2933,4117110300101030002,박달동,103-2,제1종근린생활시설,1985.0,4.0,1.0,0.2512,A,0.027,41.0,126.907563,37.40396
27816,4117310200113860001,관양동,1386-1,제2종근린생활시설,2003.0,2.0,0.0,0.2511,A,0.064,23.0,126.955585,37.403772
16689,4117110100104270005,안양동,427-5,단독주택,1996.0,3.0,0.0,0.251,A,0.077,30.0,126.929169,37.391704
14036,4117110100105330000,안양동,533,제2종근린생활시설,1983.0,5.0,1.0,0.2506,A,0.172,43.0,126.933326,37.386197
27601,4117310200116020002,관양동,1602-2,숙박시설,2003.0,6.0,2.0,0.2504,A,0.105,23.0,126.960759,37.393463
26022,4117310400106580004,호계동,658-4,제1종근린생활시설,1980.0,2.0,1.0,0.2503,A,0.0,46.0,126.953679,37.366431
13420,4117110100107110006,안양동,711-6,제2종근린생활시설,1992.0,4.0,1.0,0.2502,A,0.053,34.0,126.917747,37.397858
20790,4117310200114950080,관양동,1495-80,단독주택,1984.0,4.0,1.0,0.2498,A,0.163,42.0,126.974214,37.399899
13699,4117110100106740093,안양동,674-93,업무시설,2010.0,6.0,3.0,0.2498,A,0.169,16.0,126.923077,37.399857
7261,4117110200103510045,석수동,351-45,공동주택,2000.0,4.0,1.0,0.2495,A,0.154,26.0,126.904902,37.413749
12279,4117310100100450000,비산동,45,제2종근린생활시설,1996.0,1.0,0.0,0.2489,A,0.389,30.0,126.951983,37.414749
6040,4117310200114500026,관양동,1450-26,제2종근린생활시설,1989.0,5.0,1.0,0.2486,A,0.17,37.0,126.961655,37.403575
11729,4117310200114200045,관양동,1420-45,제1종근린생활시설,1984.0,2.0,1.0,0.2485,A,0.162,42.0,126.960372,37.404325
23623,4117310200115110007,관양동,1511-7,제2종근린생활시설,2003.0,5.0,2.0,0.2485,A,0.15,23.0,126.978053,37.399732
17437,4117110100106740138,안양동,674-138,제2종근린생활시설,1985.0,4.0,1.0,0.2481,A,0.143,41.0,126.922117,37.398894
27714,4117110200101040325,석수동,104-325,제2종근린생활시설,2007.0,2.0,0.0,0.2479,A,0.286,19.0,126.909443,37.419384
3228,4117110200103200014,석수동,320-14,제1종근린생활시설,1988.0,3.0,1.0,0.2479,A,0.078,38.0,126.91116,37.411827
12112,4117310100110380028,비산동,1038-28,제1종근린생활시설,1988.0,4.0,1.0,0.2478,A,0.059,38.0,126.950388,37.404328
8623,4117110100108730186,안양동,873-186,공동주택,2002.0,4.0,0.0,0.2477,A,0.152,24.0,126.914209,37.400363
26748,4117110100106740076,안양동,674-76,제1종근린생활시설,1989.0,4.0,1.0,0.2476,A,0.108,37.0,126.922361,37.400038
11705,4117310200114500009,관양동,1450-9,제2종근린생활시설,1990.0,5.0,1.0,0.2475,A,0.138,36.0,126.961196,37.403286
2595,4117110100106950210,안양동,695-210,업무시설,1996.0,10.0,3.0,0.2474,A,0.31,30.0,126.918924,37.401255
28822,4117110300100600005,박달동,60-5,단독주택,2012.0,4.0,0.0,0.2474,A,0.173,14.0,126.910613,37.404513
28112,4117110100108730051,안양동,873-51,공동주택,2012.0,4.0,0.0,0.2472,A,0.134,14.0,126.916212,37.401302
15716,4117110100105080011,안양동,508-11,숙박시설,1989.0,4.0,1.0,0.2472,A,0.099,37.0,126.931092,37.389426
11944,4117310200114040003,관양동,1404-3,제1종근린생활시설,1986.0,3.0,1.0,0.2472,A,0.096,40.0,126.958226,37.405281
11947,4117310200113990007,관양동,1399-7,제1종근린생활시설,1990.0,4.0,1.0,0.2472,A,0.067,36.0,126.956155,37.40469
21491,4117310100111020007,비산동,1102-7,제2종근린생활시설,1992.0,3.0,1.0,0.2472,A,0.0,34.0,126.946949,37.396616
20244,4117310400110650005,호계동,1065-5,자동차관련시설,1998.0,7.0,3.0,0.2471,A,0.147,28.0,126.959848,37.38264
15094,4117110100101970005,안양동,197-5,공장,1979.0,2.0,1.0,0.247,A,0.059,47.0,126.938623,37.388813
3353,4117110100109000022,안양동,900-22,제1종근린생활시설,1984.0,4.0,1.0,0.247,A,0.16,42.0,126.913477,37.401277
37442,4117310200114140008,관양동,1414-8,공동주택,2016.0,5.0,0.0,0.2468,A,0.0,10.0,126.961717,37.407142
20856,4117110100103500011,안양동,350-11,단독주택,1982.0,3.0,1.0,0.2467,A,0.075,44.0,126.936183,37.381657
27119,4117110100106220234,안양동,622-234,종교시설,1989.0,3.0,1.0,0.2467,A,0.121,37.0,126.924954,37.397683
17824,4117110100110880033,안양동,1088-33,문화및집회시설,1975.0,2.0,1.0,0.2467,A,0.0,51.0,126.900417,37.381392
2725,4117110100106740020,안양동,674-20,제1종근린생활시설,1985.0,8.0,1.0,0.2463,A,0.1,41.0,126.92208,37.400498
11708,4117310200114220013,관양동,1422-13,제1종근린생활시설,1981.0,2.0,1.0,0.2462,A,0.118,45.0,126.961382,37.404276
13643,4117310400109210005,호계동,921-5,제2종근린생활시설,1990.0,4.0,1.0,0.2461,A,0.118,36.0,126.948016,37.383632
12364,4117110200102800014,석수동,280-14,공동주택,2013.0,6.0,1.0,0.2461,A,0.093,13.0,126.908964,37.412973
16153,4117110100106270148,안양동,627-148,제1종근린생활시설,1988.0,3.0,1.0,0.2459,A,0.054,38.0,126.922714,37.393592
806,4117110200106210001,석수동,621-1,제2종근린생활시설,1997.0,2.0,1.0,0.2456,A,0.0,29.0,126.899366,37.409488
15442,4117110100104890023,안양동,489-23,공동주택,2011.0,4.0,0.0,0.2456,A,0.048,15.0,126.927356,37.388057
17419,4117110100106760156,안양동,676-156,제2종근린생활시설,1987.0,4.0,1.0,0.2455,A,0.143,39.0,126.919454,37.399072
3458,4117110100106950067,안양동,695-67,제2종근린생활시설,1990.0,4.0,1.0,0.2454,A,0.096,36.0,126.914934,37.402496
33069,4117310200114180015,관양동,1418-15,공동주택,2014.0,5.0,0.0,0.2453,A,0.024,12.0,126.962191,37.406285
6041,4117310200114650002,관양동,1465-2,제1종근린생활시설,1993.0,4.0,1.0,0.2453,A,0.167,33.0,126.966656,37.404328
16140,4117110100106270118,안양동,627-118,제2종근린생활시설,1986.0,3.0,1.0,0.2453,A,0.035,40.0,126.922205,37.394192
25051,4117310200115070023,관양동,1507-23,업무시설,2012.0,11.0,3.0,0.2449,A,0.182,14.0,126.977556,37.398522
27673,4117110100107070150,안양동,707-150,제2종근린생활시설,2004.0,5.0,0.0,0.2445,A,0.029,22.0,126.92266,37.393312
9623,4117110100108730337,안양동,873-337,단독주택,1989.0,2.0,1.0,0.2445,A,0.163,37.0,126.914696,37.40142
5220,4117110100108730161,안양동,873-161,단독주택,1991.0,3.0,1.0,0.2442,A,0.148,35.0,126.916411,37.400607
5909,4117110200101620004,석수동,162-4,단독주택,2002.0,2.0,0.0,0.2442,A,0.118,24.0,126.913008,37.4229
6351,4117310200114000004,관양동,1400-4,제1종근린생활시설,1989.0,4.0,1.0,0.2442,A,0.066,37.0,126.957142,37.4042
28372,4117310100110500007,비산동,1050-7,제2종근린생활시설,2006.0,5.0,0.0,0.2441,A,0.087,20.0,126.952977,37.403327
26268,4117310400109660015,호계동,966-15,숙박시설,1987.0,4.0,1.0,0.2441,A,0.122,39.0,126.954537,37.368508
11909,4117310200113860003,관양동,1386-3,제1종근린생활시설,1984.0,3.0,1.0,0.2441,A,0.063,42.0,126.956161,37.40379
25028,4117310300100540001,평촌동,54-1,제1종근린생활시설,1983.0,2.0,1.0,0.244,A,0.081,43.0,126.9762,37.393172
21197,4117310400109010013,호계동,901-13,제1종근린생활시설,1985.0,1.0,1.0,0.244,A,0.128,41.0,126.946684,37.388212
13097,4117110100105520010,안양동,552-10,제1종근린생활시설,1985.0,1.0,1.0,0.244,A,0.079,41.0,126.930029,37.384432
8245,4117110100108730027,안양동,873-27,공동주택,1997.0,4.0,1.0,0.244,A,0.173,29.0,126.914529,37.401279
5653,4117110100103470020,안양동,347-20,공동주택,2013.0,6.0,0.0,0.2439,A,0.129,13.0,126.935229,37.38282
28851,4117110300101080006,박달동,108-6,단독주택,2013.0,4.0,0.0,0.2439,A,0.148,13.0,126.905806,37.404066
45445,4117310100100360013,비산동,36-13,제2종근린생활시설,2016.0,2.0,0.0,0.2439,A,0.389,10.0,126.952532,37.414139
520,4117110300106990003,박달동,699-3,공장,1983.0,1.0,0.0,0.2438,A,0.138,43.0,126.885169,37.40489
26116,4117310400109710015,호계동,971-15,창고시설,1988.0,1.0,0.0,0.2436,A,0.108,38.0,126.955742,37.367856
3149,4117110100113440000,안양동,1344,제2종근린생활시설,2006.0,3.0,1.0,0.2436,A,0.182,20.0,126.923215,37.418498
14974,4117110100105320009,안양동,532-9,업무시설,1974.0,3.0,1.0,0.2435,A,0.208,52.0,126.933107,37.385508
6672,4117310200114650037,관양동,1465-37,제2종근린생활시설,1992.0,4.0,1.0,0.2435,A,0.161,34.0,126.966358,37.404314
598,4117110200107600011,석수동,760-11,단독주택,1988.0,3.0,1.0,0.2432,A,0.031,38.0,126.896437,37.406943
3382,4117110300100680018,박달동,68-18,제2종근린생활시설,1989.0,4.0,1.0,0.2432,A,0.14,37.0,126.910387,37.402445
13790,4117110100105860001,안양동,586-1,제1종근린생활시설,1985.0,3.0,1.0,0.2431,A,0.047,41.0,126.922937,37.38626
20237,4117310300109240017,평촌동,924-17,단독주택,1993.0,3.0,1.0,0.2431,A,0.413,33.0,126.961771,37.382041
28629,4117110100106220130,안양동,622-130,제2종근린생활시설,2010.0,5.0,0.0,0.243,A,0.066,16.0,126.924596,37.396996
25865,4117310400106750002,호계동,675-2,제1종근린생활시설,1983.0,3.0,1.0,0.243,A,0.0,43.0,126.952382,37.368196
3615,4117110100108190008,안양동,819-8,자동차관련시설,2004.0,1.0,0.0,0.2426,A,0.043,22.0,126.915331,37.410657
11659,4117310200114350017,관양동,1435-17,제1종근린생활시설,1998.0,4.0,1.0,0.2424,A,0.083,28.0,126.966681,37.40584
38404,4117110300100680007,박달동,68-7,공동주택,2016.0,5.0,0.0,0.2423,A,0.154,10.0,126.909458,37.402281
5066,4117310200114900004,관양동,1490-4,제1종근린생활시설,1992.0,1.0,1.0,0.2422,A,0.132,34.0,126.97465,37.401535
12115,4117310100110380035,비산동,1038-35,제1종근린생활시설,1988.0,4.0,1.0,0.2422,A,0.061,38.0,126.950362,37.404213
8525,4117110100108170024,안양동,817-24,공동주택,2013.0,6.0,0.0,0.2422,A,0.021,13.0,126.913688,37.411787
10933,4117110100106950200,안양동,695-200,제2종근린생활시설,1986.0,4.0,1.0,0.2421,A,0.177,40.0,126.917903,37.399601
12120,4117310100110410000,비산동,1041,공동주택,2008.0,5.0,0.0,0.2418,A,0.056,18.0,126.950611,37.40483
2376,4117110200103180008,석수동,318-8,제2종근린생활시설,1990.0,5.0,1.0,0.2417,A,0.067,36.0,126.910126,37.411972
13407,4117110100105100025,안양동,510-25,숙박시설,1996.0,5.0,1.0,0.2417,A,0.15,30.0,126.931102,37.388247
8965,4117110200101030004,석수동,103-4,공동주택,1992.0,4.0,1.0,0.2417,A,0.208,34.0,126.908966,37.419824
12137,4117310100110370003,비산동,1037-3,제1종근린생활시설,1989.0,4.0,1.0,0.2416,A,0.075,37.0,126.951672,37.403415
10204,4117110100106740163,안양동,674-163,제2종근린생활시설,1989.0,6.0,1.0,0.2415,A,0.208,37.0,126.924183,37.398816
18080,4117110100106740259,안양동,674-259,제2종근린생활시설,1985.0,4.0,1.0,0.2413,A,0.122,41.0,126.922994,37.398175
28883,4117310200116950009,관양동,1695-9,단독주택,2012.0,4.0,0.0,0.2412,A,0.028,14.0,126.969762,37.40707
8298,4117110100106950191,안양동,695-191,공동주택,1987.0,2.0,1.0,0.2412,A,0.256,39.0,126.918164,37.400118
2769,4117110100108210072,안양동,821-72,단독주택,1990.0,5.0,1.0,0.2411,A,0.085,36.0,126.912596,37.408164
13424,4117310400108990000,호계동,899,제2종근린생활시설,2011.0,3.0,0.0,0.2411,A,0.071,15.0,126.942143,37.384909
6021,4117310200114670008,관양동,1467-8,제2종근린생활시설,1998.0,5.0,1.0,0.241,A,0.055,28.0,126.968491,37.403765
13703,4117310100105800014,비산동,580-14,제2종근린생활시설,1987.0,2.0,1.0,0.241,A,0.045,39.0,126.942,37.393025
2414,4117110100108360005,안양동,836-5,제1종근린생활시설,1991.0,5.0,1.0,0.241,A,0.147,35.0,126.913865,37.407432
22040,4117310300109200001,평촌동,920-1,단독주택,1996.0,3.0,1.0,0.2409,A,0.211,30.0,126.962753,37.383468
10163,4117110100106270018,안양동,627-18,제2종근린생활시설,1991.0,3.0,1.0,0.2409,A,0.07,35.0,126.923072,37.394775
27288,4117310400111000001,호계동,1100-1,단독주택,2006.0,4.0,0.0,0.2408,A,0.103,20.0,126.962031,37.377103
6308,4117110100113610015,안양동,1361-15,제2종근린생활시설,2006.0,3.0,1.0,0.2408,A,0.222,20.0,126.930335,37.419163
36525,4117310200114490004,관양동,1449-4,공동주택,2016.0,8.0,0.0,0.2408,A,0.033,10.0,126.961677,37.402326
5734,4117310200114450010,관양동,1445-10,제1종근린생활시설,1992.0,1.0,1.0,0.2408,A,0.042,34.0,126.959718,37.402579
23621,4117310200115110010,관양동,1511-10,업무시설,2003.0,9.0,3.0,0.2408,A,0.1,23.0,126.978217,37.399523
22986,4117110100105640001,안양동,564-1,노유자시설,2006.0,4.0,0.0,0.2405,A,0.034,20.0,126.930694,37.383574
26269,4117310400109710013,호계동,971-13,제2종근린생활시설,1980.0,4.0,1.0,0.2405,A,0.143,46.0,126.95535,37.367769
14690,4117110100101920000,안양동,192,제2종근린생활시설,1985.0,3.0,1.0,0.2404,A,0.088,41.0,126.935099,37.391955
44247,4117110100106890023,안양동,689-23,공동주택,2015.0,5.0,0.0,0.2401,A,0.118,11.0,126.919993,37.402832
24213,4117310400110450008,호계동,1045-8,제2종근린생활시설,1997.0,5.0,2.0,0.2401,A,0.45,29.0,126.953109,37.390831
3240,4117110300100200025,박달동,20-25,제2종근린생활시설,1984.0,4.0,1.0,0.2401,A,0.186,42.0,126.910067,37.403562
33094,4117310200114840008,관양동,1484-8,공동주택,2014.0,5.0,0.0,0.2399,A,0.057,12.0,126.973373,37.401607
51249,4117110300107770007,박달동,777-7,공동주택,2017.0,4.0,0.0,0.2399,A,0.135,9.0,126.884815,37.405101
11733,4117310200114460005,관양동,1446-5,제1종근린생활시설,1981.0,2.0,0.0,0.2399,A,0.133,45.0,126.960617,37.403392
2408,4117110100108170021,안양동,817-21,단독주택,1972.0,3.0,1.0,0.2399,A,0.024,54.0,126.913575,37.412311
37161,4117310200113920023,관양동,1392-23,공동주택,2016.0,5.0,0.0,0.2398,A,0.055,10.0,126.954923,37.406367
5104,4117110100108350006,안양동,835-6,제2종근린생활시설,1982.0,4.0,1.0,0.2397,A,0.143,44.0,126.913913,37.406706
10338,4117310200114600004,관양동,1460-4,단독주택,2000.0,4.0,0.0,0.2397,A,0.162,26.0,126.965444,37.403737
22102,4117310100100410002,비산동,41-2,제2종근린생활시설,2011.0,2.0,0.0,0.2397,A,0.467,15.0,126.951408,37.413906
21784,4117310300109030002,평촌동,903-2,제1종근린생활시설,1996.0,3.0,1.0,0.2394,A,0.407,30.0,126.960922,37.384483
43847,4117110100104260015,안양동,426-15,공동주택,2016.0,7.0,1.0,0.2394,A,0.033,10.0,126.929467,37.392135
780,4117110200107800013,석수동,780-13,제2종근린생활시설,1989.0,3.0,1.0,0.2393,A,0.085,37.0,126.898238,37.405994
18116,4117110100106740045,안양동,674-45,제2종근린생활시설,1981.0,3.0,1.0,0.2392,A,0.078,45.0,126.921022,37.399677
28350,4117110200108140000,석수동,814,운동시설,2009.0,3.0,1.0,0.2391,A,0.333,17.0,126.920717,37.419345
12451,4117310200114740038,관양동,1474-38,제1종근린생활시설,1992.0,4.0,1.0,0.2388,A,0.123,34.0,126.971377,37.404301
18622,4117310400109310000,호계동,931,제2종근린생활시설,1999.0,2.0,1.0,0.2388,A,0.0,27.0,126.950482,37.380502
12121,4117310100110380000,비산동,1038,제1종근린생활시설,1986.0,2.0,1.0,0.2387,A,0.06,40.0,126.950447,37.40461
45179,4117110100113610013,안양동,1361-13,공동주택,2016.0,4.0,0.0,0.2385,A,0.111,10.0,126.929993,37.419417
44241,4117110100105710002,안양동,571-2,공동주택,2014.0,5.0,0.0,0.2383,A,0.068,12.0,126.931692,37.383702
24987,4117310300109240016,평촌동,924-16,단독주택,1994.0,3.0,0.0,0.238,A,0.388,32.0,126.961873,37.382108
25996,4117310400106500012,호계동,650-12,단독주택,1989.0,4.0,1.0,0.2379,A,0.0,37.0,126.952658,37.36715
45441,4117310200114560026,관양동,1456-26,공동주택,2016.0,5.0,0.0,0.2372,A,0.067,10.0,126.963998,37.402885
5109,4117110200102900011,석수동,290-11,단독주택,1992.0,4.0,1.0,0.2372,A,0.085,34.0,126.907277,37.411868
21389,4117310200115890002,관양동,1589-2,제1종근린생활시설,1993.0,1.0,1.0,0.2372,A,0.0,33.0,126.954698,37.394516
15686,4117110100105480007,안양동,548-7,제2종근린생활시설,1988.0,4.0,1.0,0.2372,A,0.071,38.0,126.932253,37.384902
27596,4117310200115040004,관양동,1504-4,제2종근린생활시설,1983.0,5.0,1.0,0.2371,A,0.216,43.0,126.976429,37.398698
43853,4117110100104730011,안양동,473-11,공동주택,2014.0,5.0,0.0,0.2371,A,0.048,12.0,126.926405,37.390605
45207,4117110100110880068,안양동,1088-68,공동주택,2015.0,4.0,1.0,0.2371,A,0.182,11.0,126.901727,37.382949
3505,4117110300100740018,박달동,74-18,제1종근린생활시설,1991.0,4.0,1.0,0.2369,A,0.13,35.0,126.911634,37.402775
3389,4117110300100680033,박달동,68-33,제1종근린생활시설,1984.0,4.0,1.0,0.2369,A,0.093,42.0,126.911692,37.402449
16353,4117110100104350004,안양동,435-4,제1종근린생활시설,1985.0,4.0,1.0,0.2369,A,0.091,41.0,126.930814,37.391199
2693,4117110300100680101,박달동,68-101,제1종근린생활시설,1991.0,4.0,1.0,0.2369,A,0.154,35.0,126.912721,37.401982
16758,4117110100107070095,안양동,707-95,제1종근린생활시설,1985.0,3.0,1.0,0.2368,A,0.087,41.0,126.921106,37.394419
51201,4117110300100730028,박달동,73-28,단독주택,2017.0,4.0,0.0,0.2368,A,0.079,9.0,126.912361,37.403187
42853,4117110200102710006,석수동,271-6,단독주택,2016.0,4.0,0.0,0.2365,A,0.042,10.0,126.911047,37.413841
28713,4117110100101950037,안양동,195-37,제2종근린생활시설,1992.0,4.0,1.0,0.2365,A,0.1,34.0,126.93549,37.388621
13137,4117110100106050004,안양동,605-4,제1종근린생활시설,1991.0,4.0,1.0,0.2364,A,0.053,35.0,126.929536,37.381658
44173,4117110100105100024,안양동,510-24,공동주택,2016.0,6.0,0.0,0.2362,A,0.154,10.0,126.930954,37.388326
44807,4117110100109080129,안양동,908-129,공동주택,2016.0,5.0,0.0,0.2362,A,0.067,10.0,126.91147,37.399502
44510,4117110100108320017,안양동,832-17,공동주택,2016.0,5.0,0.0,0.236,A,0.148,10.0,126.914695,37.403753
46721,4117110100108370014,안양동,837-14,공동주택,2017.0,5.0,0.0,0.2359,A,0.095,9.0,126.91472,37.406082
24565,4117310300100930006,평촌동,93-6,제1종근린생활시설,1976.0,2.0,0.0,0.2358,A,0.148,50.0,126.975491,37.39381
44176,4117110100105170041,안양동,517-41,공동주택,2015.0,6.0,0.0,0.2358,A,0.057,11.0,126.931943,37.387884
9678,4117110100106220119,안양동,622-119,제1종근린생활시설,1976.0,3.0,1.0,0.2358,A,0.072,50.0,126.924409,37.39642
11935,4117310200114050015,관양동,1405-15,제1종근린생활시설,1985.0,3.0,1.0,0.2357,A,0.099,41.0,126.959207,37.404787
44179,4117110100104940013,안양동,494-13,공동주택,2014.0,5.0,0.0,0.2353,A,0.093,12.0,126.928526,37.386659
6387,4117310200114030000,관양동,1403,제2종근린생활시설,1984.0,4.0,1.0,0.2351,A,0.094,42.0,126.957754,37.404927
38472,4117110300100680102,박달동,68-102,단독주택,2015.0,4.0,0.0,0.235,A,0.151,11.0,126.912525,37.401855
36497,4117310200115060014,관양동,1506-14,제1종근린생활시설,2015.0,2.0,0.0,0.235,A,0.206,11.0,126.97767,37.398803
2656,4117110300100850001,박달동,85-1,제1종근린생활시설,1990.0,4.0,1.0,0.2348,A,0.104,36.0,126.90812,37.40242
27534,4117110300106170020,박달동,617-20,공장,1999.0,1.0,0.0,0.2348,A,0.1,27.0,126.889726,37.404734
15726,4117110100105040021,안양동,504-21,제2종근린생활시설,1989.0,4.0,1.0,0.2347,A,0.125,37.0,126.930578,37.387378
2837,4117110200102900021,석수동,290-21,공동주택,2012.0,5.0,0.0,0.2347,A,0.088,14.0,126.90704,37.412073
2054,4117110100108570003,안양동,857-3,제1종근린생활시설,1990.0,5.0,1.0,0.2347,A,0.103,36.0,126.914208,37.408599
11951,4117310200114000001,관양동,1400-1,제1종근린생활시설,1991.0,4.0,1.0,0.2346,A,0.055,35.0,126.956414,37.404236
2464,4117110300101020007,박달동,102-7,제1종근린생활시설,1989.0,4.0,1.0,0.2344,A,0.076,37.0,126.907985,37.403301
27953,4117310200113870000,관양동,1387,제2종근린생활시설,1991.0,5.0,1.0,0.2343,A,0.086,35.0,126.954777,37.404339
21725,4117310300109280001,평촌동,928-1,단독주택,1997.0,3.0,1.0,0.2342,A,0.185,29.0,126.963793,37.383171
645,4117110200107530006,석수동,753-6,제1종근린생활시설,1988.0,4.0,1.0,0.2339,A,0.115,38.0,126.897335,37.407564
28200,4117310200113970011,관양동,1397-11,제2종근린생활시설,2004.0,5.0,0.0,0.2338,A,0.07,22.0,126.957215,37.40511
11012,4117310200114650011,관양동,1465-11,단독주택,1996.0,2.0,1.0,0.2338,A,0.167,30.0,126.966747,37.404178
8531,4117110300100570010,박달동,57-10,단독주택,1997.0,3.0,1.0,0.2337,A,0.214,29.0,126.910355,37.404831
21118,4117310400110470002,호계동,1047-2,제2종근린생활시설,1998.0,6.0,2.0,0.2333,A,0.476,28.0,126.954164,37.39074
11692,4117310200113860002,관양동,1386-2,제1종근린생활시설,1997.0,3.0,1.0,0.2333,A,0.056,29.0,126.955831,37.403757
51543,4117110100107110025,안양동,711-25,공동주택,2018.0,5.0,0.0,0.2332,A,0.074,8.0,126.918179,37.397357
8635,4117110100108340072,안양동,834-72,공동주택,2002.0,4.0,1.0,0.2331,A,0.085,24.0,126.914406,37.406082
51240,4117110200102710042,석수동,271-42,공동주택,2017.0,5.0,0.0,0.2329,A,0.065,9.0,126.910657,37.413833
22395,4117110100101970009,안양동,197-9,공장,2005.0,3.0,0.0,0.2329,A,0.062,21.0,126.938685,37.388528
19567,4117310300109040002,평촌동,904-2,단독주택,1994.0,3.0,1.0,0.2328,A,0.273,32.0,126.961176,37.384128
2972,4117110300100520015,박달동,52-15,노유자시설,1997.0,4.0,1.0,0.2325,A,0.112,29.0,126.910478,37.40629
24960,4117310400109370007,호계동,937-7,제1종근린생활시설,1989.0,1.0,1.0,0.2325,A,0.047,37.0,126.954165,37.378538
48007,4117110100108890016,안양동,889-16,공동주택,2017.0,5.0,0.0,0.2325,A,0.061,9.0,126.913431,37.398394
8399,4117310100110210011,비산동,1021-11,단독주택,1997.0,3.0,0.0,0.2325,A,0.072,29.0,126.947615,37.407179
3337,4117110200101040159,석수동,104-159,제2종근린생활시설,2006.0,2.0,0.0,0.2324,A,0.231,20.0,126.90926,37.419433
18114,4117110100107620010,안양동,762-10,제2종근린생활시설,1993.0,4.0,1.0,0.2324,A,0.043,33.0,126.910372,37.392606
22398,4117110100105340013,안양동,534-13,의료시설,2004.0,5.0,1.0,0.2323,A,0.056,22.0,126.934088,37.384191
28607,4117310100103670002,비산동,367-2,제2종근린생활시설,2003.0,4.0,0.0,0.2321,A,0.0,23.0,126.946038,37.400011
2538,4117110100106680015,안양동,668-15,제1종근린생활시설,1978.0,3.0,1.0,0.2319,A,0.119,48.0,126.921146,37.401643
44502,4117110100108210016,안양동,821-16,공동주택,2016.0,5.0,0.0,0.2319,A,0.073,10.0,126.912234,37.407444
28742,4117310200109450003,관양동,945-3,제2종근린생활시설,1987.0,1.0,0.0,0.2318,A,0.0,39.0,126.970801,37.392124
10392,4117110100106130011,안양동,613-11,제1종근린생활시설,1990.0,4.0,1.0,0.2318,A,0.062,36.0,126.923889,37.393286
18652,4117110100103980001,안양동,398-1,제1종근린생활시설,1985.0,2.0,0.0,0.2317,A,0.023,41.0,126.929806,37.381056
12452,4117310200114720021,관양동,1472-21,제2종근린생활시설,1989.0,5.0,1.0,0.2315,A,0.014,37.0,126.969568,37.404027
18289,4117310400109850021,호계동,985-21,제1종근린생활시설,1991.0,4.0,1.0,0.2314,A,0.035,35.0,126.95761,37.375192
2432,4117110100108570049,안양동,857-49,제1종근린생활시설,1989.0,4.0,1.0,0.2314,A,0.158,37.0,126.913877,37.408327
44178,4117110100104940009,안양동,494-9,공동주택,2016.0,5.0,0.0,0.2313,A,0.068,10.0,126.928684,37.386924
14350,4117110100102120016,안양동,212-16,제1종근린생활시설,1990.0,5.0,1.0,0.2311,A,0.0,36.0,126.934135,37.389754
25223,4117310200114960023,관양동,1496-23,제1종근린생활시설,1989.0,3.0,1.0,0.2311,A,0.146,37.0,126.974962,37.399907
14335,4117110100102120034,안양동,212-34,제1종근린생활시설,1991.0,5.0,1.0,0.2311,A,0.05,35.0,126.934298,37.389292
6705,4117310200114570011,관양동,1457-11,제1종근린생활시설,1988.0,5.0,1.0,0.2311,A,0.091,38.0,126.964476,37.403614
5533,4117110100108730171,안양동,873-171,단독주택,1987.0,2.0,1.0,0.231,A,0.24,39.0,126.91736,37.400618
10156,4117110100106270011,안양동,627-11,단독주택,1991.0,3.0,1.0,0.231,A,0.076,35.0,126.923418,37.394351
27623,4117310400108970005,호계동,897-5,공장,2010.0,5.0,0.0,0.2309,A,0.25,16.0,126.943394,37.388605
10057,4117310200114200008,관양동,1420-8,공동주택,1998.0,4.0,1.0,0.2305,A,0.119,28.0,126.960834,37.404785
3381,4117110100109000039,안양동,900-39,제1종근린생활시설,1984.0,4.0,1.0,0.2304,A,0.159,42.0,126.913319,37.402466
3154,4117110100100420005,안양동,42-5,제2종근린생활시설,1993.0,8.0,1.0,0.2304,A,0.083,33.0,126.917477,37.41512
6671,4117310200114650001,관양동,1465-1,제2종근린생활시설,1988.0,5.0,1.0,0.2304,A,0.167,38.0,126.966514,37.404329
3506,4117110300100740007,박달동,74-7,제1종근린생활시설,1990.0,4.0,1.0,0.2303,A,0.104,36.0,126.911395,37.402775
26385,4117310400109270002,호계동,927-2,제2종근린생활시설,1984.0,4.0,1.0,0.2302,A,0.039,42.0,126.951391,37.382151
6313,4117110200108500000,석수동,850,제2종근린생활시설,2006.0,3.0,1.0,0.2301,A,0.111,20.0,126.930739,37.419277
14070,4117310100104200000,비산동,420,제1종근린생활시설,1979.0,3.0,1.0,0.2301,A,0.048,47.0,126.939781,37.396621
8302,4117110100108730273,안양동,873-273,공동주택,1997.0,4.0,1.0,0.2299,A,0.286,29.0,126.917764,37.400438
27598,4117310200115050017,관양동,1505-17,업무시설,2008.0,11.0,4.0,0.2299,A,0.116,18.0,126.978073,37.400117
6314,4117110200108500005,석수동,850-5,제2종근린생활시설,2005.0,3.0,1.0,0.2295,A,0.308,21.0,126.931452,37.418616
9943,4117110100106270125,안양동,627-125,제1종근린생활시설,1993.0,4.0,1.0,0.2295,A,0.075,33.0,126.923077,37.394364
27622,4117310400108970010,호계동,897-10,제2종근린생활시설,2009.0,3.0,0.0,0.2295,A,0.227,17.0,126.943372,37.388422
11309,4117310400109210001,호계동,921-1,자동차관련시설,1994.0,3.0,1.0,0.2294,A,0.214,32.0,126.947359,37.383549
36537,4117310100110440002,비산동,1044-2,공동주택,2016.0,5.0,0.0,0.2294,A,0.011,10.0,126.951589,37.40645
26831,4117310400107060003,호계동,706-3,제2종근린생활시설,2006.0,1.0,0.0,0.2294,A,0.057,20.0,126.954267,37.367773
10670,4117110100107110399,안양동,711-399,제1종근린생활시설,1995.0,3.0,1.0,0.2292,A,0.077,31.0,126.917864,37.39655
3447,4117110100108730078,안양동,873-78,단독주택,2004.0,4.0,0.0,0.2291,A,0.259,22.0,126.917677,37.401313
12610,4117310200114420005,관양동,1442-5,제2종근린생활시설,2006.0,3.0,0.0,0.2291,A,0.087,20.0,126.956706,37.4026
3452,4117110100108730117,안양동,873-117,단독주택,1983.0,3.0,1.0,0.2291,A,0.2,43.0,126.916948,37.400972
23530,4117310300100340000,평촌동,34,제1종근린생활시설,2000.0,2.0,1.0,0.2289,A,0.0,26.0,126.978521,37.393468
19785,4117110100105330022,안양동,533-22,공동주택,2006.0,19.0,4.0,0.2289,A,0.154,20.0,126.934243,37.3855
38457,4117110300100940075,박달동,94-75,공동주택,2015.0,5.0,0.0,0.2288,A,0.124,11.0,126.909576,37.401716
26294,4117310400107050006,호계동,705-6,제1종근린생활시설,1980.0,4.0,1.0,0.2285,A,0.093,46.0,126.954248,37.36808
8285,4117110100108730059,안양동,873-59,공동주택,1997.0,4.0,1.0,0.2285,A,0.136,29.0,126.916947,37.401648
2956,4117110300100220011,박달동,22-11,제1종근린생활시설,1989.0,3.0,1.0,0.2285,A,0.218,37.0,126.909597,37.405214
10234,4117110200102630005,석수동,263-5,공동주택,2013.0,3.0,0.0,0.2284,A,0.133,13.0,126.907855,37.418392
48005,4117110100106220015,안양동,622-15,공동주택,2014.0,8.0,1.0,0.2284,A,0.195,12.0,126.924571,37.398082
24159,4117310300100810004,평촌동,81-4,공장,1979.0,2.0,0.0,0.2282,A,0.143,47.0,126.975381,37.396205
8618,4117110100106950180,안양동,695-180,공동주택,2003.0,4.0,0.0,0.228,A,0.275,23.0,126.917941,37.400299
46401,4117110200100720004,석수동,72-4,제2종근린생활시설,2016.0,4.0,0.0,0.2279,A,0.281,10.0,126.911871,37.423485
33083,4117310200114150003,관양동,1415-3,공동주택,2014.0,5.0,0.0,0.2278,A,0.023,12.0,126.961981,37.406735
26281,4117310400107070003,호계동,707-3,제1종근린생활시설,1985.0,3.0,1.0,0.2277,A,0.077,41.0,126.954434,37.367708
6688,4117310200114320000,관양동,1432,제2종근린생활시설,1992.0,4.0,1.0,0.2276,A,0.036,34.0,126.964444,37.404961
13085,4117110100105020001,안양동,502-1,제2종근린생활시설,2008.0,3.0,1.0,0.2275,A,0.093,18.0,126.92988,37.387056
18138,4117110100106740234,안양동,674-234,제2종근린생활시설,1983.0,2.0,0.0,0.2275,A,0.082,43.0,126.922335,37.398132
2757,4117110100106890164,안양동,689-164,제1종근린생활시설,1981.0,3.0,1.0,0.2275,A,0.105,45.0,126.919399,37.401646
2023,4117110200102800009,석수동,280-9,제1종근린생활시설,1989.0,4.0,1.0,0.2275,A,0.12,37.0,126.908796,37.413188
6385,4117310200113990008,관양동,1399-8,제1종근린생활시설,1989.0,4.0,1.0,0.2275,A,0.061,37.0,126.956207,37.404483
44811,4117110100109740005,안양동,974-5,공동주택,2016.0,5.0,0.0,0.2274,A,0.038,10.0,126.906823,37.392733
12585,4117310100110520005,비산동,1052-5,제1종근린생활시설,2006.0,2.0,0.0,0.2274,A,0.091,20.0,126.953153,37.402855
8284,4117110100108730272,안양동,873-272,공동주택,1993.0,4.0,1.0,0.2273,A,0.267,33.0,126.917598,37.400431
3440,4117110100106950093,안양동,695-93,제2종근린생활시설,1993.0,6.0,1.0,0.2273,A,0.108,33.0,126.917605,37.402034
20738,4117110100103920014,안양동,392-14,단독주택,2001.0,4.0,0.0,0.227,A,0.027,25.0,126.929204,37.393971
14336,4117110100102120031,안양동,212-31,공장,1989.0,6.0,1.0,0.227,A,0.023,37.0,126.933952,37.390235
42831,4117110200102900025,석수동,290-25,업무시설,2014.0,8.0,1.0,0.2269,A,0.098,12.0,126.907427,37.412276
45204,4117110100109000042,안양동,900-42,공동주택,2016.0,5.0,0.0,0.2268,A,0.177,10.0,126.913492,37.40231
9589,4117110100106680002,안양동,668-2,제2종근린생활시설,1982.0,1.0,0.0,0.2267,A,0.162,44.0,126.921113,37.402277
16709,4117110100106220381,안양동,622-381,제2종근린생활시설,1993.0,2.0,1.0,0.2267,A,0.0,33.0,126.925137,37.395215
21710,4117310300109090005,평촌동,909-5,단독주택,1994.0,4.0,1.0,0.2266,A,0.159,32.0,126.963899,37.384575
18735,4117110100103930030,안양동,393-30,제2종근린생활시설,1989.0,4.0,1.0,0.2266,A,0.015,37.0,126.929704,37.393558
45450,4117110200102210020,석수동,221-20,공동주택,2016.0,5.0,0.0,0.2265,A,0.132,10.0,126.916549,37.418706
44509,4117110100108320014,안양동,832-14,단독주택,2016.0,4.0,0.0,0.2265,A,0.113,10.0,126.915408,37.40396
13760,4117310100104220001,비산동,422-1,제1종근린생활시설,1984.0,2.0,1.0,0.2264,A,0.047,42.0,126.939088,37.396824
13832,4117110100106220096,안양동,622-96,제1종근린생활시설,1977.0,2.0,1.0,0.2262,A,0.085,49.0,126.924609,37.396349
18144,4117110100106760255,안양동,676-255,제2종근린생활시설,1981.0,2.0,1.0,0.2261,A,0.116,45.0,126.920293,37.396488
1394,4117110200108200004,석수동,820-4,제1종근린생활시설,1977.0,1.0,0.0,0.2258,A,0.333,49.0,126.92188,37.419047
9696,4117110100106740193,안양동,674-193,제2종근린생활시설,1985.0,3.0,1.0,0.2257,A,0.222,41.0,126.924429,37.398704
28069,4117110100106220204,안양동,622-204,제1종근린생활시설,1987.0,7.0,1.0,0.2257,A,0.029,39.0,126.922938,37.397436
45161,4117110100109000017,안양동,900-17,공동주택,2016.0,5.0,0.0,0.2256,A,0.13,10.0,126.913627,37.401742
28833,4117310400111080002,호계동,1108-2,단독주택,2013.0,4.0,0.0,0.2254,A,0.106,13.0,126.96341,37.373557
11298,4117110100105020008,안양동,502-8,단독주택,2013.0,4.0,0.0,0.2254,A,0.064,13.0,126.929344,37.386457
10737,4117310200114200020,관양동,1420-20,단독주택,1986.0,3.0,1.0,0.2254,A,0.125,40.0,126.960849,37.40459
23616,4117310200115060022,관양동,1506-22,제2종근린생활시설,2001.0,7.0,1.0,0.2253,A,0.158,25.0,126.977428,37.399355
17394,4117110100103970007,안양동,397-7,제1종근린생활시설,1991.0,4.0,1.0,0.2253,A,0.037,35.0,126.927863,37.392982
43551,4117110100105550005,안양동,555-5,공동주택,2016.0,5.0,0.0,0.2252,A,0.033,10.0,126.928945,37.383301
576,4117110100110820002,안양동,1082-2,제1종근린생활시설,2011.0,3.0,0.0,0.2251,A,0.182,15.0,126.901604,37.383078
2675,4117110100109000036,안양동,900-36,제1종근린생활시설,1980.0,4.0,1.0,0.2248,A,0.17,46.0,126.913152,37.402468
13122,4117110100103980062,안양동,398-62,제2종근린생활시설,1985.0,2.0,1.0,0.2248,A,0.013,41.0,126.929951,37.380831
8634,4117110100108340032,안양동,834-32,공동주택,2002.0,4.0,1.0,0.2246,A,0.09,24.0,126.914254,37.406046
2847,4117110300101080002,박달동,108-2,제2종근린생활시설,2003.0,5.0,0.0,0.2243,A,0.147,23.0,126.905615,37.403523
13355,4117310400102820012,호계동,282-12,제2종근린생활시설,1992.0,3.0,1.0,0.2243,A,0.0,34.0,126.948629,37.382121
23240,4117310300101170001,평촌동,117-1,제1종근린생활시설,2006.0,3.0,0.0,0.2243,A,0.136,20.0,126.974684,37.391819
6190,4117110200101010052,석수동,101-52,단독주택,1972.0,2.0,1.0,0.2243,A,0.0,54.0,126.908544,37.422085
256,4117110200104210008,석수동,421-8,제1종근린생활시설,1990.0,4.0,1.0,0.2243,A,0.062,36.0,126.902209,37.432736
6397,4117310200113810011,관양동,1381-11,제2종근린생활시설,1992.0,0.0,1.0,0.2243,A,0.092,34.0,126.95444,37.403656
2420,4117110100108220003,안양동,822-3,종교시설,1987.0,3.0,1.0,0.2243,A,0.121,39.0,126.912503,37.407042
14985,4117110100101930000,안양동,193,제1종근린생활시설,1981.0,3.0,1.0,0.2243,A,0.068,45.0,126.93487,37.391783
3590,4117110300100680039,박달동,68-39,제1종근린생활시설,1989.0,4.0,1.0,0.2242,A,0.147,37.0,126.912144,37.402456
10188,4117110100106220186,안양동,622-186,숙박시설,1984.0,4.0,1.0,0.2239,A,0.184,42.0,126.924161,37.398075
1893,4117110200102950014,석수동,295-14,제1종근린생활시설,1985.0,1.0,1.0,0.2237,A,0.184,41.0,126.909202,37.408984
14659,4117110100101950047,안양동,195-47,제2종근린생활시설,1990.0,4.0,1.0,0.2235,A,0.096,36.0,126.935587,37.388731
18131,4117110100106740146,안양동,674-146,제2종근린생활시설,1977.0,3.0,1.0,0.2235,A,0.164,49.0,126.92338,37.398979
2051,4117110200102890014,석수동,289-14,제1종근린생활시설,1990.0,4.0,1.0,0.2235,A,0.097,36.0,126.908086,37.412322
27729,4117110300100710011,박달동,71-11,제1종근린생활시설,2002.0,4.0,0.0,0.2233,A,0.067,24.0,126.913212,37.403558
20243,4117310400110650006,호계동,1065-6,제2종근린생활시설,1997.0,7.0,3.0,0.2233,A,0.114,29.0,126.959946,37.38247
7179,4117110300100090038,박달동,9-38,단독주택,1993.0,3.0,1.0,0.2232,A,0.032,33.0,126.906935,37.405965
9690,4117110100106270002,안양동,627-2,제2종근린생활시설,1987.0,4.0,1.0,0.2232,A,0.07,39.0,126.924519,37.394576
44814,4117110100109760021,안양동,976-21,공동주택,2016.0,5.0,0.0,0.2231,A,0.056,10.0,126.905742,37.3925
44501,4117110100108170036,안양동,817-36,공동주택,2016.0,5.0,0.0,0.223,A,0.05,10.0,126.913757,37.411127
44185,4117110100105170012,안양동,517-12,공동주택,2016.0,7.0,1.0,0.2229,A,0.07,10.0,126.931931,37.387493
24172,4117310200116030005,관양동,1603-5,숙박시설,2003.0,6.0,2.0,0.2229,A,0.217,23.0,126.961434,37.393236
42820,4117110200100710002,석수동,71-2,공동주택,2015.0,4.0,1.0,0.2226,A,0.25,11.0,126.911602,37.423891
7000,4117110100108370018,안양동,837-18,단독주택,1998.0,3.0,1.0,0.2224,A,0.133,28.0,126.914949,37.405795
22728,4117310400109180050,호계동,918-50,제1종근린생활시설,2002.0,5.0,0.0,0.2224,A,0.034,24.0,126.949485,37.385277
2588,4117110100106740009,안양동,674-9,제1종근린생활시설,1984.0,5.0,1.0,0.2223,A,0.094,42.0,126.922414,37.400442
678,4117110300106830005,박달동,683-5,위험물저장및처리시설,1996.0,2.0,,0.2223,A,0.083,30.0,126.885912,37.405755
43548,4117110100105110008,안양동,511-8,공동주택,2015.0,7.0,0.0,0.2223,A,0.094,11.0,126.932081,37.38912
5409,4117310200114410005,관양동,1441-5,제1종근린생활시설,1994.0,4.0,1.0,0.2223,A,0.0,32.0,126.95592,37.402292
11451,4117110100109100030,안양동,910-30,제2종근린생활시설,1986.0,5.0,1.0,0.2221,A,0.071,40.0,126.912888,37.398709
50898,4117110300100630001,박달동,63-1,단독주택,2017.0,4.0,0.0,0.2221,B,0.039,9.0,126.912011,37.404374
12700,4117310200115020011,관양동,1502-11,제2종근린생활시설,1985.0,3.0,1.0,0.2221,B,0.191,41.0,126.975871,37.401187
27834,4117110200103040021,석수동,304-21,공동주택,2012.0,5.0,0.0,0.222,B,0.078,14.0,126.907288,37.411474
5863,4117110200106300001,석수동,630-1,단독주택,2002.0,4.0,1.0,0.2219,B,0.031,24.0,126.900239,37.408655
13991,4117110100105520001,안양동,552-1,단독주택,1992.0,5.0,1.0,0.2218,B,0.065,34.0,126.929723,37.38432
51846,4117110100109920015,안양동,992-15,공동주택,2017.0,5.0,0.0,0.2218,B,0.058,9.0,126.907772,37.392259
27774,4117110100105290013,안양동,529-13,제1종근린생활시설,2008.0,2.0,0.0,0.2217,B,0.172,18.0,126.933966,37.387112
10755,4117310200114500006,관양동,1450-6,숙박시설,1990.0,5.0,1.0,0.2215,B,0.17,36.0,126.96168,37.403469
9215,4117110300100650018,박달동,65-18,단독주택,1995.0,3.0,1.0,0.2213,B,0.057,31.0,126.912025,37.40375
6895,4117110200102690039,석수동,269-39,단독주택,1990.0,4.0,1.0,0.2213,B,0.08,36.0,126.909987,37.416499
26139,4117310400106690004,호계동,669-4,제2종근린생활시설,1993.0,6.0,1.0,0.2208,B,0.085,33.0,126.953877,37.368328
20247,4117310300108970007,평촌동,897-7,노유자시설,1993.0,2.0,1.0,0.2206,B,0.0,33.0,126.9686,37.390141
2324,4117110100108470027,안양동,847-27,제2종근린생활시설,1994.0,5.0,1.0,0.2205,B,0.021,32.0,126.917685,37.403721
12600,4117310200114660032,관양동,1466-32,제1종근린생활시설,2002.0,5.0,0.0,0.2203,B,0.085,24.0,126.968167,37.404355
2246,4117110100108490001,안양동,849-1,제2종근린생활시설,1989.0,5.0,1.0,0.2202,B,0.037,37.0,126.915005,37.406954
7841,4117110300100150004,박달동,15-4,제1종근린생활시설,1985.0,3.0,1.0,0.22,B,0.176,41.0,126.908914,37.404848
16408,4117110100106270265,안양동,627-265,제1종근린생활시설,1989.0,3.0,1.0,0.22,B,0.064,37.0,126.922312,37.394831
16992,4117110100106180036,안양동,618-36,공동주택,1991.0,4.0,1.0,0.2199,B,0.071,35.0,126.921204,37.390331
14027,4117110100105910008,안양동,591-8,제2종근린생활시설,1985.0,6.0,1.0,0.2199,B,0.143,41.0,126.934973,37.383221
27389,4117110200103510013,석수동,351-13,단독주택,1997.0,3.0,1.0,0.2198,B,0.167,29.0,126.905184,37.414109
1976,4117110100108570002,안양동,857-2,제1종근린생활시설,1988.0,3.0,1.0,0.2197,B,0.157,38.0,126.913943,37.408553
13701,4117310100105700000,비산동,570,제1종근린생활시설,1979.0,3.0,1.0,0.2196,B,0.308,47.0,126.934046,37.398011
8225,4117110100108340049,안양동,834-49,단독주택,1997.0,3.0,1.0,0.2196,B,0.12,29.0,126.914479,37.405761
26270,4117310400109710016,호계동,971-16,제2종근린생활시설,1979.0,4.0,1.0,0.2195,B,0.129,47.0,126.955489,37.367661
16274,4117110100106270122,안양동,627-122,제1종근린생활시설,1985.0,2.0,1.0,0.2192,B,0.068,41.0,126.922933,37.394597
15990,4117110100104410027,안양동,441-27,제2종근린생활시설,1991.0,4.0,1.0,0.2191,B,0.115,35.0,126.930739,37.388966
2727,4117110100106740038,안양동,674-38,제1종근린생활시설,1981.0,3.0,1.0,0.2191,B,0.067,45.0,126.921504,37.400195
22966,4117310100105540015,비산동,554-15,종교시설,2006.0,8.0,3.0,0.219,B,0.033,20.0,126.933091,37.399135
24549,4117310200114990011,관양동,1499-11,단독주택,1995.0,3.0,1.0,0.219,B,0.196,31.0,126.975681,37.398544
23207,4117310400103350090,호계동,335-90,제1종근린생활시설,2005.0,3.0,0.0,0.219,B,0.0,21.0,126.95288,37.376822
27332,4117110200108500002,석수동,850-2,제2종근린생활시설,2007.0,3.0,1.0,0.2189,B,0.1,19.0,126.930967,37.41898
2145,4117110200103220003,석수동,322-3,제2종근린생활시설,1986.0,2.0,1.0,0.2189,B,0.051,40.0,126.912164,37.412461
12290,4117310200114150006,관양동,1415-6,제1종근린생활시설,1989.0,5.0,1.0,0.2189,B,0.0,37.0,126.962364,37.407152
6720,4117310200114040009,관양동,1404-9,제1종근린생활시설,1988.0,3.0,1.0,0.2188,B,0.067,38.0,126.958659,37.405135
28826,4117110200103770001,석수동,377-1,공동주택,2012.0,5.0,0.0,0.2188,B,0.15,14.0,126.905767,37.433435
38505,4117110300101390010,박달동,139-10,공동주택,2016.0,5.0,0.0,0.2187,B,0.118,10.0,126.905434,37.401629
2854,4117110300100090014,박달동,9-14,제1종근린생활시설,1991.0,3.0,1.0,0.2185,B,0.064,35.0,126.907489,37.40634
2691,4117110300100680098,박달동,68-98,제1종근린생활시설,1990.0,3.0,1.0,0.2185,B,0.149,36.0,126.91251,37.40213
15991,4117110100104410028,안양동,441-28,제1종근린생활시설,1988.0,3.0,1.0,0.2185,B,0.135,38.0,126.930638,37.38891
617,4117110200107530001,석수동,753-1,제1종근린생활시설,1988.0,3.0,1.0,0.2184,B,0.085,38.0,126.89716,37.408134
15833,4117310200116940002,관양동,1694-2,단독주택,2012.0,4.0,0.0,0.2184,B,0.025,14.0,126.97019,37.407496
13438,4117310100104220009,비산동,422-9,제1종근린생활시설,1997.0,3.0,1.0,0.2183,B,0.111,29.0,126.939657,37.396109
44508,4117110100108300011,안양동,830-11,공동주택,2016.0,5.0,0.0,0.2183,B,0.16,10.0,126.914413,37.403394
21416,4117310400109330018,호계동,933-18,제1종근린생활시설,1984.0,3.0,1.0,0.2181,B,0.014,42.0,126.95262,37.381193
44161,4117110100104210001,안양동,421-1,공동주택,2015.0,10.0,1.0,0.2181,B,0.015,11.0,126.93039,37.392959
25989,4117310400110290010,호계동,1029-10,공장,1992.0,5.0,1.0,0.218,B,0.0,34.0,126.952172,37.368607
15725,4117110100105040003,안양동,504-3,제2종근린생활시설,1978.0,3.0,1.0,0.218,B,0.108,48.0,126.930653,37.387242
14376,4117110100102120033,안양동,212-33,공장,1989.0,5.0,1.0,0.2178,B,0.033,37.0,126.934255,37.389432
44187,4117110100105330012,안양동,533-12,공동주택,2014.0,5.0,0.0,0.2177,B,0.207,12.0,126.934035,37.386049
25578,4117310400109680010,호계동,968-10,제2종근린생활시설,1994.0,8.0,1.0,0.2175,B,0.025,32.0,126.957576,37.369402
1931,4117110200102900024,석수동,290-24,제2종근린생활시설,1989.0,4.0,1.0,0.2173,B,0.082,37.0,126.907878,37.412189
6663,4117310200114650004,관양동,1465-4,단독주택,1993.0,7.0,1.0,0.2173,B,0.156,33.0,126.966995,37.404288
16414,4117110100106740229,안양동,674-229,제2종근린생활시설,1978.0,4.0,1.0,0.2169,B,0.15,48.0,126.92249,37.398833
1443,4117110100106880006,안양동,688-6,제2종근린생활시설,1978.0,4.0,1.0,0.2169,B,0.08,48.0,126.919517,37.404186
15676,4117110100105100012,안양동,510-12,제2종근린생활시설,1996.0,5.0,1.0,0.2169,B,0.203,30.0,126.930561,37.388484
25021,4117310200115080000,관양동,1508,제2종근린생활시설,1993.0,6.0,1.0,0.2167,B,0.08,33.0,126.977424,37.397553
45190,4117110100113270013,안양동,1327-13,공동주택,2016.0,4.0,0.0,0.2166,B,0.208,10.0,126.922628,37.418507
25500,4117310400108400005,호계동,840-5,제1종근린생활시설,1997.0,4.0,1.0,0.2166,B,0.087,29.0,126.964055,37.364005
2427,4117110200103170005,석수동,317-5,제1종근린생활시설,1981.0,3.0,1.0,0.2166,B,0.099,45.0,126.91081,37.411066
5276,4117310100104980004,비산동,498-4,제1종근린생활시설,1992.0,5.0,1.0,0.2165,B,0.0,34.0,126.932806,37.40269
51556,4117110100104280020,안양동,428-20,공동주택,2018.0,7.0,1.0,0.2164,B,0.068,8.0,126.928919,37.391269
13161,4117110100101640002,안양동,164-2,제2종근린생활시설,1988.0,1.0,0.0,0.2163,B,0.0,38.0,126.930294,37.397325
6051,4117310200114080000,관양동,1408,제1종근린생활시설,1985.0,4.0,1.0,0.216,B,0.109,41.0,126.958048,37.40563
5403,4117310100110340010,비산동,1034-10,제1종근린생활시설,1984.0,4.0,1.0,0.216,B,0.102,42.0,126.951333,37.402364
17149,4117110100107100112,안양동,710-112,제2종근린생활시설,1995.0,2.0,1.0,0.2159,B,0.037,31.0,126.921485,37.392937
3450,4117110100106950134,안양동,695-134,제2종근린생활시설,1996.0,4.0,1.0,0.2158,B,0.1,30.0,126.91693,37.401799
13434,4117310100105760000,비산동,576,제1종근린생활시설,1992.0,5.0,1.0,0.2158,B,0.111,34.0,126.940059,37.394939
947,4117110200107540014,석수동,754-14,단독주택,1989.0,3.0,1.0,0.2156,B,0.032,37.0,126.896457,37.407782
16432,4117110100106740270,안양동,674-270,제2종근린생활시설,1981.0,4.0,1.0,0.2155,B,0.135,45.0,126.922789,37.399163
10215,4117110100104510004,안양동,451-4,제2종근린생활시설,1989.0,3.0,1.0,0.2155,B,0.058,37.0,126.923899,37.391767
23337,4117310200115000003,관양동,1500-3,제1종근린생활시설,1992.0,2.0,1.0,0.2154,B,0.283,34.0,126.975781,37.399498
18409,4117110100103910042,안양동,391-42,단독주택,2001.0,3.0,0.0,0.2152,B,0.035,25.0,126.928189,37.393802
12064,4117310200115050021,관양동,1505-21,숙박시설,1989.0,6.0,1.0,0.2152,B,0.119,37.0,126.977616,37.400114
11888,4117310200114890013,관양동,1489-13,제1종근린생활시설,1981.0,4.0,1.0,0.2151,B,0.19,45.0,126.97544,37.401523
2384,4117110100108360015,안양동,836-15,제1종근린생활시설,1992.0,5.0,1.0,0.2151,B,0.139,34.0,126.914089,37.407168
24212,4117310300109220000,평촌동,922,교육연구시설,1995.0,7.0,2.0,0.215,B,0.276,31.0,126.960611,37.38363
19248,4117310300109280017,평촌동,928-17,제1종근린생활시설,1997.0,3.0,1.0,0.215,B,0.188,29.0,126.963739,37.382929
13231,4117110100106760269,안양동,676-269,제1종근린생활시설,1996.0,1.0,0.0,0.215,B,0.104,30.0,126.919788,37.398356
12725,4117310100110340005,비산동,1034-5,제1종근린생활시설,1991.0,1.0,1.0,0.2149,B,0.082,35.0,126.951838,37.402826
24533,4117310200115040008,관양동,1504-8,숙박시설,1989.0,5.0,1.0,0.2148,B,0.211,37.0,126.976182,37.398537
819,4117110200107850019,석수동,785-19,제2종근린생활시설,1988.0,4.0,1.0,0.2148,B,0.279,38.0,126.898865,37.407284
1077,4117110100106890033,안양동,689-33,공동주택,2012.0,6.0,0.0,0.2147,B,0.081,14.0,126.919503,37.402618
17038,4117110100104680027,안양동,468-27,제2종근린생활시설,1986.0,3.0,1.0,0.2145,B,0.052,40.0,126.92595,37.390957
13966,4117310100104880152,비산동,488-152,제1종근린생활시설,1986.0,2.0,1.0,0.2144,B,0.028,40.0,126.934063,37.399464
37796,4117110300100940094,박달동,94-94,공동주택,2016.0,5.0,0.0,0.2144,B,0.118,10.0,126.910735,37.401754
2045,4117110200102890011,석수동,289-11,단독주택,1991.0,4.0,1.0,0.2142,B,0.098,35.0,126.908665,37.413008
25115,4117310400111040001,호계동,1104-1,제2종근린생활시설,2005.0,4.0,1.0,0.2142,B,0.059,21.0,126.961165,37.375036
51568,4117110100108880001,안양동,888-1,단독주택,2017.0,4.0,0.0,0.2141,B,0.083,9.0,126.914091,37.398449
28715,4117110200100780002,석수동,78-2,제2종근린생활시설,2007.0,2.0,0.0,0.2141,B,0.333,19.0,126.912503,37.423739
594,4117110200107580009,석수동,758-9,단독주택,1988.0,4.0,1.0,0.2141,B,0.038,38.0,126.896548,37.407404
12727,4117310200107990000,관양동,799,공장,2003.0,8.0,2.0,0.2141,B,0.0,23.0,126.967577,37.401511
25032,4117310200115070014,관양동,1507-14,제1종근린생활시설,1983.0,3.0,1.0,0.214,B,0.148,43.0,126.977504,37.397811
2422,4117110200103170014,석수동,317-14,제1종근린생활시설,1986.0,4.0,1.0,0.214,B,0.119,40.0,126.911121,37.410658
18641,4117110100105430015,안양동,543-15,단독주택,1988.0,3.0,1.0,0.2139,B,0.083,38.0,126.929328,37.384392
28800,4117110100106270006,안양동,627-6,공동주택,2012.0,5.0,0.0,0.2136,B,0.051,14.0,126.923788,37.394049
7056,4117110100108380019,안양동,838-19,단독주택,1991.0,5.0,1.0,0.2136,B,0.049,35.0,126.916517,37.404238
18930,4117310400109340022,호계동,934-22,제1종근린생활시설,1990.0,4.0,1.0,0.2136,B,0.013,36.0,126.953657,37.379171
3169,4117110200101100020,석수동,110-20,제2종근린생활시설,2005.0,2.0,2.0,0.2136,B,0.278,21.0,126.909692,37.419007
42865,4117110200102910019,석수동,291-19,단독주택,2014.0,4.0,0.0,0.2136,B,0.097,12.0,126.907284,37.412433
20566,4117310200107910002,관양동,791-2,제2종근린생활시설,1996.0,4.0,1.0,0.2135,B,0.0,30.0,126.968987,37.399887
51859,4117110100109760027,안양동,976-27,공동주택,2018.0,5.0,0.0,0.2134,B,0.068,8.0,126.906108,37.392475
45166,4117110100109760022,안양동,976-22,공동주택,2016.0,5.0,1.0,0.2134,B,0.061,10.0,126.905912,37.39245
10139,4117110100106220351,안양동,622-351,제2종근린생활시설,1980.0,2.0,0.0,0.2134,B,0.053,46.0,126.924528,37.395447
2789,4117110300100160018,박달동,16-18,제1종근린생활시설,1977.0,3.0,0.0,0.2133,B,0.173,49.0,126.9094,37.404065
4175,4117110100106880015,안양동,688-15,제1종근린생활시설,1988.0,4.0,1.0,0.2131,B,0.03,38.0,126.918924,37.404029
6341,4117310200114330037,관양동,1433-37,제1종근린생활시설,1988.0,3.0,1.0,0.2131,B,0.117,38.0,126.967356,37.405018
21117,4117310400110450009,호계동,1045-9,제2종근린생활시설,1997.0,5.0,3.0,0.213,B,0.364,29.0,126.953295,37.390901
15461,4117110100101960003,안양동,196-3,공장,1985.0,2.0,1.0,0.2128,B,0.118,41.0,126.936791,37.389869
45167,4117110100109910010,안양동,991-10,공동주택,2016.0,5.0,0.0,0.2128,B,0.041,10.0,126.907027,37.39251
24289,4117310400109430015,호계동,943-15,위험물저장및처리시설,2000.0,1.0,1.0,0.2127,B,0.029,26.0,126.955832,37.376041
3265,4117110300100680027,박달동,68-27,제1종근린생활시설,1991.0,4.0,1.0,0.2126,B,0.157,35.0,126.911221,37.402448
16770,4117110100107110018,안양동,711-18,제1종근린생활시설,1986.0,3.0,1.0,0.2126,B,0.089,40.0,126.919124,37.397181
3020,4117110300100680003,박달동,68-3,제1종근린생활시설,2002.0,2.0,0.0,0.2125,B,0.137,24.0,126.909195,37.402425
12075,4117310100110470007,비산동,1047-7,종교시설,1983.0,3.0,0.0,0.2125,B,0.009,43.0,126.9526,37.404835
34887,4117310400109190015,호계동,919-15,공동주택,2015.0,5.0,0.0,0.2124,B,0.043,11.0,126.949076,37.385146
45157,4117110100108730185,안양동,873-185,공동주택,2014.0,5.0,0.0,0.2124,B,0.151,12.0,126.914002,37.399877
50903,4117110200108200003,석수동,820-3,제2종근린생활시설,2017.0,3.0,1.0,0.2123,B,0.304,9.0,126.921639,37.419111
21448,4117310300109220001,평촌동,922-1,교육연구시설,1996.0,7.0,3.0,0.2123,B,0.31,30.0,126.960666,37.383499
20894,4117310200116950008,관양동,1695-8,단독주택,2013.0,4.0,0.0,0.2123,B,0.028,13.0,126.969893,37.407017
17944,4117110200102710004,석수동,271-4,단독주택,2012.0,4.0,0.0,0.2122,B,0.043,14.0,126.91089,37.414028
5193,4117110100108730139,안양동,873-139,단독주택,1997.0,3.0,1.0,0.2122,B,0.154,29.0,126.914351,37.400566
3235,4117110300100560015,박달동,56-15,제1종근린생활시설,1981.0,3.0,1.0,0.2121,B,0.11,45.0,126.910629,37.405827
600,4117110200107500010,석수동,750-10,제1종근린생활시설,1988.0,3.0,1.0,0.2121,B,0.0,38.0,126.895258,37.40841
15714,4117110100104350012,안양동,435-12,숙박시설,1986.0,3.0,1.0,0.2119,B,0.102,40.0,126.930971,37.391127
5342,4117310200114910025,관양동,1491-25,제1종근린생활시설,1984.0,3.0,1.0,0.2117,B,0.106,42.0,126.974114,37.400924
44813,4117110100109760001,안양동,976-1,공동주택,2016.0,5.0,1.0,0.2114,B,0.053,10.0,126.905518,37.392497
12439,4117110100108730228,안양동,873-228,공동주택,2012.0,4.0,0.0,0.2114,B,0.071,14.0,126.915732,37.399789
3100,4117110200102650011,석수동,265-11,제2종근린생활시설,2001.0,5.0,1.0,0.2113,B,0.3,25.0,126.907099,37.417226
6319,4117110100113610004,안양동,1361-4,제2종근린생활시설,2006.0,3.0,1.0,0.2113,B,0.154,20.0,126.928315,37.419798
1994,4117110200103130015,석수동,313-15,제1종근린생활시설,1987.0,3.0,1.0,0.2113,B,0.119,39.0,126.911061,37.40941
15711,4117110100105480005,안양동,548-5,제2종근린생활시설,1990.0,4.0,1.0,0.2112,B,0.071,36.0,126.932392,37.38474
10172,4117110100106270188,안양동,627-188,제2종근린생활시설,1992.0,3.0,1.0,0.2109,B,0.083,34.0,126.924078,37.394198
18126,4117110100106740113,안양동,674-113,제2종근린생활시설,1980.0,4.0,1.0,0.2109,B,0.12,46.0,126.92228,37.399673
6702,4117310200114230005,관양동,1423-5,제2종근린생활시설,1991.0,3.0,1.0,0.2108,B,0.056,35.0,126.964197,37.404911
22725,4117310400109140040,호계동,914-40,제2종근린생활시설,2002.0,2.0,1.0,0.2108,B,0.083,24.0,126.949265,37.386754
26007,4117310400109710006,호계동,971-6,제2종근린생활시설,1990.0,5.0,1.0,0.2107,B,0.122,36.0,126.955019,37.368021
9786,4117110100106220080,안양동,622-80,숙박시설,2013.0,7.0,0.0,0.2107,B,0.021,13.0,126.925478,37.395356
20571,4117310200108640005,관양동,864-5,공장,1988.0,3.0,1.0,0.2106,B,0.0,38.0,126.969153,37.398444
33939,4117310200114880011,관양동,1488-11,제2종근린생활시설,1994.0,7.0,2.0,0.2106,B,0.167,32.0,126.975778,37.402294
877,4117110300106130004,박달동,613-4,공장,1971.0,3.0,1.0,0.2105,B,0.0,55.0,126.893602,37.406569
43852,4117110100104650002,안양동,465-2,공동주택,2016.0,5.0,0.0,0.2104,B,0.076,10.0,126.927503,37.384085
11168,4117110100109910095,안양동,991-95,제1종근린생활시설,1989.0,3.0,1.0,0.2104,B,0.072,37.0,126.905572,37.391977
51555,4117110100101930045,안양동,193-45,제2종근린생활시설,2016.0,3.0,0.0,0.2103,B,0.073,10.0,126.934199,37.391026
25805,4117310400111090008,호계동,1109-8,단독주택,1999.0,3.0,1.0,0.2102,B,0.094,27.0,126.963452,37.373132
28247,4117310400110580003,호계동,1058-3,제2종근린생활시설,2001.0,4.0,0.0,0.2101,B,0.0,25.0,126.959057,37.384225
51522,4117110100106950058,안양동,695-58,공동주택,2017.0,5.0,0.0,0.2101,B,0.125,9.0,126.913864,37.40196
26309,4117310400109710010,호계동,971-10,숙박시설,2000.0,9.0,2.0,0.21,B,0.132,26.0,126.955232,37.367903
3085,4117110200101790001,석수동,179-1,제2종근린생활시설,2003.0,4.0,1.0,0.2099,B,0.076,23.0,126.913059,37.416125
10940,4117110100106950205,안양동,695-205,제1종근린생활시설,1980.0,4.0,1.0,0.2098,B,0.188,46.0,126.918101,37.399691
51247,4117110100104260002,안양동,426-2,공동주택,2017.0,6.0,0.0,0.2098,B,0.03,9.0,126.929552,37.392343
25207,4117310300101170005,평촌동,117-5,제2종근린생활시설,1982.0,3.0,1.0,0.2097,B,0.16,44.0,126.974945,37.392004
6172,4117110200108140003,석수동,814-3,제1종근린생활시설,1975.0,1.0,0.0,0.2096,B,0.267,51.0,126.921724,37.419414
45160,4117110100108730296,안양동,873-296,공동주택,2015.0,5.0,0.0,0.2094,B,0.175,11.0,126.914707,37.40108
19561,4117310300109030001,평촌동,903-1,단독주택,1996.0,3.0,1.0,0.2094,B,0.417,30.0,126.960787,37.384552
17456,4117110100106740236,안양동,674-236,제2종근린생활시설,1979.0,4.0,1.0,0.2094,B,0.141,47.0,126.922184,37.399183
2394,4117110200102930008,석수동,293-8,제2종근린생활시설,1997.0,6.0,1.0,0.2092,B,0.066,29.0,126.906801,37.41164
27422,4117110100108470016,안양동,847-16,제2종근린생활시설,2004.0,5.0,0.0,0.209,B,0.018,22.0,126.917487,37.40402
2431,4117110100108350014,안양동,835-14,단독주택,1993.0,5.0,1.0,0.2089,B,0.167,33.0,126.91333,37.407386
35863,4117310200113790002,관양동,1379-2,공동주택,2015.0,5.0,0.0,0.2088,B,0.059,11.0,126.953426,37.404247
14354,4117110100101930012,안양동,193-12,제2종근린생활시설,1991.0,5.0,1.0,0.2088,B,0.066,35.0,126.934994,37.391014
21525,4117310400108950005,호계동,895-5,제2종근린생활시설,1991.0,2.0,1.0,0.2087,B,0.0,35.0,126.945896,37.390201
12469,4117310200114750000,관양동,1475,제1종근린생활시설,1983.0,3.0,1.0,0.2087,B,0.077,43.0,126.971151,37.404123
5608,4117310100103630013,비산동,363-13,제1종근린생활시설,1998.0,3.0,1.0,0.2084,B,0.091,28.0,126.947271,37.400848
28850,4117110100113270000,안양동,1327,제2종근린생활시설,2010.0,3.0,0.0,0.2084,B,0.176,16.0,126.921428,37.418366
3566,4117110100100880001,안양동,88-1,판매시설,2002.0,9.0,3.0,0.2084,B,0.0,24.0,126.922659,37.401778
25793,4117310400111080009,호계동,1108-9,제1종근린생활시설,1995.0,3.0,1.0,0.2082,B,0.088,31.0,126.963122,37.37334
18099,4117110100107070154,안양동,707-154,제2종근린생활시설,1992.0,4.0,1.0,0.2081,B,0.04,34.0,126.922868,37.393048
17689,4117110100103900003,안양동,390-3,단독주택,1984.0,2.0,0.0,0.2081,B,0.045,42.0,126.928198,37.393338
6673,4117310200114580018,관양동,1458-18,제2종근린생활시설,1990.0,5.0,1.0,0.208,B,0.137,36.0,126.964205,37.404012
17688,4117110100103900006,안양동,390-6,단독주택,1992.0,3.0,1.0,0.208,B,0.046,34.0,126.928103,37.393267
17383,4117110100105000014,안양동,500-14,제1종근린생활시설,1994.0,3.0,1.0,0.2078,B,0.059,32.0,126.928713,37.386018
27446,4117110100108730074,안양동,873-74,공동주택,2002.0,4.0,1.0,0.2076,B,0.234,24.0,126.917391,37.401504
44169,4117110100104910008,안양동,491-8,공동주택,2014.0,12.0,1.0,0.2075,B,0.13,12.0,126.93006,37.387663
16154,4117110100107070229,안양동,707-229,제1종근린생활시설,1990.0,3.0,1.0,0.2075,B,0.028,36.0,126.92249,37.393463
3199,4117110200103220007,석수동,322-7,제2종근린생활시설,1990.0,4.0,1.0,0.2074,B,0.062,36.0,126.911596,37.413129
3107,4117110100113270001,안양동,1327-1,제2종근린생활시설,2005.0,3.0,1.0,0.2073,B,0.278,21.0,126.921642,37.4184
14327,4117110100105320008,안양동,532-8,숙박시설,1989.0,4.0,1.0,0.2073,B,0.133,37.0,126.933738,37.385415
14654,4117110100105340004,안양동,534-4,제2종근린생활시설,1982.0,2.0,1.0,0.2073,B,0.12,44.0,126.934635,37.38516
17421,4117110100106760162,안양동,676-162,숙박시설,1983.0,4.0,1.0,0.2072,B,0.132,43.0,126.919869,37.399144
3501,4117110300100740011,박달동,74-11,단독주택,1991.0,4.0,1.0,0.2072,B,0.083,35.0,126.912002,37.402787
28018,4117310400108950002,호계동,895-2,제1종근린생활시설,2007.0,2.0,,0.2071,B,0.0,19.0,126.945649,37.390488
949,4117110200107600009,석수동,760-9,단독주택,1989.0,3.0,1.0,0.2069,B,0.049,37.0,126.896691,37.407004
3398,4117110100109000010,안양동,900-10,제1종근린생활시설,1995.0,7.0,5.0,0.2068,B,0.128,31.0,126.913133,37.401355
23208,4117310400109380009,호계동,938-9,제2종근린생활시설,2005.0,6.0,0.0,0.2068,B,0.029,21.0,126.955105,37.377427
8292,4117110100106950165,안양동,695-165,공동주택,1997.0,4.0,1.0,0.2068,B,0.345,29.0,126.918132,37.400612
24503,4117310200114950017,관양동,1495-17,근린생활시설,1988.0,2.0,1.0,0.2067,B,0.175,38.0,126.974427,37.398792
17710,4117110100103920010,안양동,392-10,제2종근린생활시설,1996.0,1.0,1.0,0.2067,B,0.051,30.0,126.928899,37.394594
22090,4117310200115990002,관양동,1599-2,숙박시설,2000.0,7.0,2.0,0.2066,B,0.2,26.0,126.961519,37.39412
24612,4117310400109370023,호계동,937-23,단독주택,2002.0,4.0,0.0,0.2066,B,0.031,24.0,126.953943,37.378973
38501,4117310200114660015,관양동,1466-15,공동주택,2016.0,5.0,0.0,0.2066,B,0.013,10.0,126.969258,37.403997
3083,4117110100108170013,안양동,817-13,종교시설,2006.0,6.0,1.0,0.2066,B,0.017,20.0,126.914118,37.411915
19595,4117110100106740010,안양동,674-10,제2종근린생활시설,1984.0,5.0,1.0,0.2065,B,0.094,42.0,126.922389,37.400398
6739,4117310200114070008,관양동,1407-8,제2종근린생활시설,1997.0,3.0,1.0,0.2065,B,0.092,29.0,126.959296,37.405221
51560,4117110100108320035,안양동,832-35,공동주택,2018.0,5.0,0.0,0.2064,B,0.103,8.0,126.915428,37.403802
10663,4117110100107140052,안양동,714-52,제2종근린생활시설,1986.0,4.0,1.0,0.2064,B,0.065,40.0,126.917184,37.395901
2152,4117110200103250014,석수동,325-14,제1종근린생활시설,1973.0,3.0,0.0,0.2063,B,0.015,53.0,126.912034,37.410996
8952,4117110200103510000,석수동,351,공동주택,2002.0,3.0,1.0,0.2062,B,0.172,24.0,126.904839,37.414052
26017,4117310400109660022,호계동,966-22,제1종근린생활시설,1992.0,1.0,1.0,0.2062,B,0.111,34.0,126.954072,37.368917
12515,4117310200114400011,관양동,1440-11,단독주택,2003.0,4.0,0.0,0.2062,B,0.0,23.0,126.954382,37.401628
13973,4117310100105700012,비산동,570-12,제1종근린생활시설,1985.0,2.0,1.0,0.2062,B,0.235,41.0,126.933925,37.397758
5968,4117310100105160003,비산동,516-3,제1종근린생활시설,1985.0,2.0,1.0,0.2061,B,0.0,41.0,126.933057,37.403983
42905,4117110100110940005,안양동,1094-5,공동주택,2014.0,4.0,1.0,0.2061,B,0.077,12.0,126.904091,37.384346
36524,4117310200114290002,관양동,1429-2,공동주택,2016.0,5.0,0.0,0.2059,B,0.056,10.0,126.964972,37.406512
13470,4117110100106760057,안양동,676-57,제1종근린생활시설,1944.0,1.0,0.0,0.2059,B,0.113,82.0,126.920227,37.398258
2632,4117110300101400009,박달동,140-9,제2종근린생활시설,1992.0,5.0,1.0,0.2059,B,0.068,34.0,126.903554,37.400864
6020,4117310200114800000,관양동,1480,제1종근린생활시설,1998.0,8.0,3.0,0.2058,B,0.152,28.0,126.973133,37.403858
404,4117310400109240013,호계동,924-13,노유자시설,2013.0,4.0,1.0,0.2057,B,0.029,13.0,126.949956,37.38224
14324,4117110100105330003,안양동,533-3,숙박시설,1986.0,5.0,1.0,0.2057,B,0.188,40.0,126.933612,37.386177
15429,4117110100101980070,안양동,198-70,제2종근린생활시설,1977.0,2.0,0.0,0.2057,B,0.034,49.0,126.940281,37.389884
2976,4117110300100600002,박달동,60-2,제1종근린생활시설,1988.0,3.0,1.0,0.2056,B,0.207,38.0,126.910232,37.404516
27681,4117110100107450003,안양동,745-3,단독주택,1987.0,2.0,1.0,0.2054,B,0.023,39.0,126.913615,37.393055
20541,4117110100102130018,안양동,213-18,공장,2013.0,5.0,0.0,0.2054,B,0.07,13.0,126.934461,37.388759
43543,4117110100104970003,안양동,497-3,공동주택,2015.0,5.0,0.0,0.2054,B,0.062,11.0,126.927337,37.387163
28368,4117310100103600008,비산동,360-8,제2종근린생활시설,1986.0,4.0,1.0,0.2053,B,0.0,40.0,126.946602,37.40072
13571,4117110100109780000,안양동,978,단독주택,1997.0,2.0,1.0,0.2052,B,0.081,29.0,126.905413,37.392152
2320,4117110100108380007,안양동,838-7,제1종근린생활시설,1994.0,4.0,1.0,0.205,B,0.046,32.0,126.916398,37.404014
15707,4117110100105700007,안양동,570-7,단독주택,1974.0,3.0,0.0,0.205,B,0.078,52.0,126.931884,37.38309
24527,4117310200115040015,관양동,1504-15,숙박시설,2000.0,6.0,1.0,0.2049,B,0.206,26.0,126.976208,37.398403
28642,4117110300107010018,박달동,701-18,제2종근린생활시설,2010.0,1.0,0.0,0.2049,B,0.133,16.0,126.884972,37.404381
2963,4117110300101110001,박달동,111-1,제1종근린생활시설,1986.0,3.0,1.0,0.2049,B,0.133,40.0,126.905567,37.404118
16138,4117110100106740245,안양동,674-245,제1종근린생활시설,1980.0,4.0,1.0,0.2048,B,0.136,46.0,126.922374,37.398963
2590,4117110100106740083,안양동,674-83,제2종근린생활시설,1978.0,4.0,1.0,0.2047,B,0.103,48.0,126.922325,37.400169
27432,4117110100108730253,안양동,873-253,공동주택,2002.0,4.0,0.0,0.2046,B,0.192,24.0,126.916987,37.400263
12597,4117310200114580004,관양동,1458-4,제2종근린생활시설,2002.0,5.0,1.0,0.2046,B,0.145,24.0,126.964034,37.403957
38129,4117110300100090035,박달동,9-35,공동주택,2014.0,5.0,0.0,0.2045,B,0.037,12.0,126.906723,37.40633
2583,4117110100106740021,안양동,674-21,제1종근린생활시설,1986.0,6.0,1.0,0.2042,B,0.078,40.0,126.921957,37.400467
42864,4117110100110940005,안양동,1094-5,공동주택,2014.0,4.0,1.0,0.2042,B,0.083,12.0,126.904638,37.384434
15705,4117110100105090016,안양동,509-16,제2종근린생활시설,1987.0,4.0,1.0,0.2042,B,0.045,39.0,126.932102,37.389658
1477,4117110100106880057,안양동,688-57,제1종근린생활시설,1984.0,3.0,1.0,0.2041,B,0.013,42.0,126.918571,37.4042
43202,4117110200107700015,석수동,770-15,공동주택,2014.0,4.0,0.0,0.204,B,0.049,12.0,126.896861,37.405056
14685,4117110100102320001,안양동,232-1,제2종근린생활시설,1984.0,3.0,,0.2039,B,0.111,42.0,126.935353,37.386327
11911,4117310200113860018,관양동,1386-18,제2종근린생활시설,1997.0,3.0,1.0,0.2039,B,0.047,29.0,126.95596,37.403769
13360,4117310400109240026,호계동,924-26,제2종근린생활시설,1993.0,4.0,1.0,0.2038,B,0.0,33.0,126.94892,37.38234
28738,4117310400109240026,호계동,924-26,제2종근린생활시설,1993.0,4.0,1.0,0.2038,B,0.0,33.0,126.948921,37.382332
22673,4117310100105760003,비산동,576-3,제1종근린생활시설,1989.0,2.0,0.0,0.2038,B,0.1,37.0,126.939887,37.394801
28664,4117310200114640013,관양동,1464-13,공동주택,2010.0,5.0,0.0,0.2035,B,0.138,16.0,126.9671,37.403898
8422,4117110300100680091,박달동,68-91,공동주택,2012.0,5.0,0.0,0.2035,B,0.181,14.0,126.912277,37.401985
26749,4117110100106380003,안양동,638-3,제2종근린생활시설,1989.0,4.0,1.0,0.2034,B,0.119,37.0,126.923707,37.399996
46404,4117110200103030016,석수동,303-16,단독주택,2016.0,4.0,0.0,0.2034,B,0.076,10.0,126.907633,37.410975
3019,4117110300100680006,박달동,68-6,제1종근린생활시설,2001.0,1.0,0.0,0.2033,B,0.146,25.0,126.909383,37.402425
46437,4117110100106950117,안양동,695-117,공동주택,2016.0,5.0,0.0,0.2033,B,0.109,10.0,126.914946,37.401755
604,4117110200107570007,석수동,757-7,제1종근린생활시설,1988.0,3.0,1.0,0.2032,B,0.013,38.0,126.895816,37.407249
6587,4117310100105110128,비산동,511-128,문화및집회시설,2006.0,2.0,0.0,0.2031,B,0.0,20.0,126.932826,37.409447
28840,4117310100110340008,비산동,1034-8,제2종근린생활시설,2011.0,5.0,0.0,0.2031,B,0.109,15.0,126.951527,37.40241
1981,4117110200103200013,석수동,320-13,제1종근린생활시설,1986.0,4.0,1.0,0.2031,B,0.05,40.0,126.910755,37.412123
51230,4117110100103900002,안양동,390-2,공동주택,2018.0,6.0,0.0,0.203,B,0.051,8.0,126.928049,37.393525
13221,4117110100106760041,안양동,676-41,창고시설,1969.0,1.0,0.0,0.203,B,0.167,57.0,126.919153,37.398021
2687,4117110300100680063,박달동,68-63,제1종근린생활시설,1994.0,1.0,0.0,0.2029,B,0.14,32.0,126.910999,37.402106
3407,4117110100106950019,안양동,695-19,제2종근린생활시설,2000.0,2.0,0.0,0.2029,B,0.068,26.0,126.917404,37.402384
25796,4117310400111090006,호계동,1109-6,단독주택,1997.0,3.0,1.0,0.2028,B,0.114,29.0,126.963797,37.373247
18734,4117110100104270023,안양동,427-23,단독주택,1997.0,3.0,0.0,0.2028,B,0.033,29.0,126.929805,37.391837
23357,4117310200115070015,관양동,1507-15,제2종근린생활시설,1989.0,5.0,1.0,0.2027,B,0.152,37.0,126.977546,37.397976
25318,4117310400109890028,호계동,989-28,제2종근린생활시설,1983.0,3.0,1.0,0.2026,B,0.027,43.0,126.960068,37.374582
21787,4117310300109040000,평촌동,904,종교시설,1997.0,2.0,1.0,0.2025,B,0.306,29.0,126.961151,37.38434
45451,4117310400109850007,호계동,985-7,제2종근린생활시설,2016.0,2.0,0.0,0.2025,B,0.04,10.0,126.957322,37.374883
25803,4117310400111090004,호계동,1109-4,제1종근린생활시설,1995.0,3.0,1.0,0.2025,B,0.119,31.0,126.963902,37.373415
16789,4117110100107110061,안양동,711-61,제2종근린생활시설,1986.0,4.0,1.0,0.2024,B,0.14,40.0,126.919303,37.395961
6064,4117310200113970000,관양동,1397,단독주택,1990.0,4.0,1.0,0.2023,B,0.022,36.0,126.95631,37.40562
50891,4117110100104550052,안양동,455-52,공동주택,2017.0,5.0,0.0,0.2023,B,0.033,9.0,126.925819,37.392153
8301,4117110100106950187,안양동,695-187,공동주택,1997.0,4.0,1.0,0.202,B,0.228,29.0,126.918446,37.400142
16090,4117110100108970014,안양동,897-14,제1종근린생활시설,1992.0,4.0,1.0,0.202,B,0.097,34.0,126.913057,37.399905
3419,4117110100106950142,안양동,695-142,제1종근린생활시설,1991.0,3.0,1.0,0.202,B,0.169,35.0,126.917762,37.401836
51553,4117110100107070217,안양동,707-217,공동주택,2017.0,5.0,0.0,0.202,B,0.11,9.0,126.919305,37.395285
13354,4117310400109240024,호계동,924-24,제2종근린생활시설,1989.0,4.0,1.0,0.2019,B,0.0,37.0,126.949271,37.382218
2395,4117110200102540004,석수동,254-4,제1종근린생활시설,1990.0,4.0,1.0,0.2019,B,0.25,36.0,126.906568,37.419122
25366,4117310400109870014,호계동,987-14,단독주택,2002.0,3.0,1.0,0.2019,B,0.022,24.0,126.958953,37.374953
21212,4117310400109130000,호계동,913,제2종근린생활시설,1997.0,4.0,1.0,0.2019,B,0.056,29.0,126.94603,37.386292
13524,4117110100106270045,안양동,627-45,제2종근린생활시설,1991.0,5.0,1.0,0.2018,B,0.087,35.0,126.922923,37.395347
2841,4117110300100230003,박달동,23-3,제1종근린생활시설,1980.0,2.0,1.0,0.2018,B,0.084,46.0,126.908464,37.406217
21493,4117310400109020000,호계동,902,제1종근린생활시설,1983.0,2.0,0.0,0.2018,B,0.068,43.0,126.946288,37.389293
4472,4117310200114390000,관양동,1439,제2종근린생활시설,2013.0,2.0,0.0,0.2017,B,0.027,13.0,126.95388,37.402064
13154,4117110100104220022,안양동,422-22,단독주택,2005.0,4.0,0.0,0.2015,B,0.049,21.0,126.93032,37.391802
26809,4117310400109750004,호계동,975-4,제2종근린생활시설,2006.0,5.0,1.0,0.2015,B,0.038,20.0,126.957793,37.366523
28865,4117310200116950001,관양동,1695-1,단독주택,2012.0,4.0,0.0,0.2014,B,0.026,14.0,126.969735,37.407266
14303,4117110100105290015,안양동,529-15,숙박시설,1990.0,6.0,2.0,0.2014,B,0.161,36.0,126.933946,37.387291
2318,4117110100108380002,안양동,838-2,단독주택,1992.0,4.0,1.0,0.2013,B,0.103,34.0,126.915752,37.404927
2226,4117110200102010005,석수동,201-5,제2종근린생활시설,1994.0,5.0,1.0,0.2013,B,0.065,32.0,126.915325,37.416487
27835,4117310200114740034,관양동,1474-34,제1종근린생활시설,1994.0,3.0,1.0,0.2011,B,0.125,32.0,126.971646,37.404253
19215,4117310400110650002,호계동,1065-2,교육연구시설,1997.0,7.0,3.0,0.2011,B,0.2,29.0,126.959667,37.383004
24557,4117310200115060000,관양동,1506,단독주택,1990.0,3.0,0.0,0.2011,B,0.143,36.0,126.977764,37.399788
21209,4117310400109090003,호계동,909-3,공장,1985.0,6.0,1.0,0.2011,B,0.083,41.0,126.947147,37.382928
12259,4117310200113800009,관양동,1380-9,제1종근린생활시설,1984.0,2.0,1.0,0.201,B,0.088,42.0,126.953699,37.403901
9908,4117110200100680000,석수동,68,제2종근린생활시설,2012.0,3.0,1.0,0.201,B,0.333,14.0,126.911824,37.424329
12462,4117310200114720000,관양동,1472,제1종근린생활시설,1989.0,5.0,1.0,0.201,B,0.013,37.0,126.969484,37.404
22108,4117310400101830002,호계동,183-2,공장,1989.0,1.0,1.0,0.2009,B,0.0,37.0,126.944651,37.382382
952,4117110200107540013,석수동,754-13,단독주택,1989.0,3.0,1.0,0.2009,B,0.034,37.0,126.896564,37.407809
5685,4117310200114440007,관양동,1444-7,제1종근린생활시설,1991.0,5.0,1.0,0.2007,B,0.017,35.0,126.959417,37.40236
17774,4117110100106270024,안양동,627-24,제2종근린생활시설,2007.0,1.0,0.0,0.2007,B,0.081,19.0,126.923332,37.395121
3036,4117110100100280001,안양동,28-1,제2종근린생활시설,2003.0,6.0,1.0,0.2007,B,0.114,23.0,126.915962,37.415637
25495,4117310400109680002,호계동,968-2,제1종근린생활시설,1993.0,6.0,1.0,0.2007,B,0.026,33.0,126.957626,37.369997
5713,4117310200113070158,관양동,1307-158,제1종근린생활시설,1992.0,1.0,1.0,0.2007,B,0.0,34.0,126.967472,37.402195
14018,4117110100106220079,안양동,622-79,제2종근린생활시설,1989.0,3.0,1.0,0.2007,B,0.021,37.0,126.925306,37.395364
3557,4117110100100830005,안양동,83-5,제1종근린생활시설,2002.0,5.0,0.0,0.2006,B,0.0,24.0,126.921903,37.404208
10709,4117110100107110129,안양동,711-129,단독주택,2010.0,4.0,0.0,0.2005,B,0.064,16.0,126.918126,37.395518
14000,4117110100103510004,안양동,351-4,단독주택,1983.0,3.0,1.0,0.2005,B,0.036,43.0,126.935208,37.38186
10136,4117310200115050010,관양동,1505-10,숙박시설,1997.0,6.0,1.0,0.2005,B,0.111,29.0,126.977544,37.400594
18096,4117110100106740257,안양동,674-257,제1종근린생활시설,2002.0,7.0,2.0,0.2004,B,0.161,24.0,126.922775,37.398477
14373,4117110100102130026,안양동,213-26,공장,1988.0,4.0,1.0,0.2004,B,0.108,38.0,126.934665,37.388186
6055,4117310200114500002,관양동,1450-2,의료시설,1990.0,4.0,1.0,0.2004,B,0.205,36.0,126.961828,37.403554
11893,4117310200113860000,관양동,1386,제1종근린생활시설,1989.0,3.0,1.0,0.2003,B,0.075,37.0,126.955302,37.403751
2042,4117110200103250013,석수동,325-13,제1종근린생활시설,1990.0,4.0,1.0,0.2001,B,0.042,36.0,126.911851,37.410842
18468,4117110100104060019,안양동,406-19,단독주택,2001.0,3.0,1.0,0.2001,B,0.045,25.0,126.928133,37.382039
42906,4117110100110940005,안양동,1094-5,공동주택,2014.0,4.0,1.0,0.2,B,0.083,12.0,126.904277,37.384356
5400,4117310100110330008,비산동,1033-8,제1종근린생활시설,1991.0,5.0,1.0,0.1999,B,0.057,35.0,126.95019,37.402416
50890,4117110100103930013,안양동,393-13,공동주택,2017.0,7.0,1.0,0.1999,B,0.028,9.0,126.928956,37.393473
27428,4117110100106950185,안양동,695-185,공동주택,2002.0,4.0,1.0,0.1999,B,0.275,24.0,126.918452,37.400452
18578,4117310300100880001,평촌동,88-1,제1종근린생활시설,1986.0,1.0,0.0,0.1998,B,0.0,40.0,126.974731,37.39495
13140,4117110100104260008,안양동,426-8,숙박시설,1983.0,3.0,1.0,0.1998,B,0.035,43.0,126.929286,37.392063
17420,4117110100106760158,안양동,676-158,숙박시설,1985.0,5.0,1.0,0.1998,B,0.127,41.0,126.919666,37.399251
17455,4117110100106740116,안양동,674-116,제1종근린생활시설,1981.0,3.0,1.0,0.1998,B,0.132,45.0,126.922017,37.39938
3280,4117110200102490002,석수동,249-2,제2종근린생활시설,1984.0,1.0,0.0,0.1998,B,0.0,42.0,126.905527,37.422914
16384,4117110100103540008,안양동,354-8,단독주택,1982.0,2.0,1.0,0.1997,B,0.042,44.0,126.935535,37.381648
25060,4117310400110260002,호계동,1026-2,자동차관련시설,1995.0,3.0,1.0,0.1996,B,0.0,31.0,126.94674,37.37315
5726,4117310200114550011,관양동,1455-11,제1종근린생활시설,1992.0,4.0,0.0,0.1993,B,0.026,34.0,126.96349,37.402259
24924,4117310200115040006,관양동,1504-6,숙박시설,2011.0,14.0,2.0,0.1991,B,0.222,15.0,126.976412,37.398452
17703,4117110100106220365,안양동,622-365,제2종근린생활시설,1974.0,1.0,0.0,0.199,B,0.032,52.0,126.926151,37.395762
2332,4117110100106930002,안양동,693-2,제2종근린생활시설,2000.0,3.0,0.0,0.1988,B,0.044,26.0,126.917187,37.402957
34885,4117310100100430001,비산동,43-1,제2종근린생활시설,2015.0,2.0,0.0,0.1988,B,0.368,11.0,126.951467,37.414351
18509,4117310400109030002,호계동,903-2,의료시설,2007.0,9.0,2.0,0.1986,B,0.028,19.0,126.946782,37.389631
17016,4117110100105420015,안양동,542-15,제2종근린생활시설,1991.0,5.0,1.0,0.1986,B,0.079,35.0,126.928316,37.384007
3230,4117110300100520001,박달동,52-1,판매시설,1979.0,2.0,1.0,0.1986,B,0.188,47.0,126.909496,37.405809
2677,4117110100109000045,안양동,900-45,단독주택,1988.0,4.0,1.0,0.1985,B,0.169,38.0,126.912965,37.402111
28007,4117110300101380013,박달동,138-13,제1종근린생활시설,1992.0,1.0,1.0,0.1985,B,0.109,34.0,126.905129,37.401687
816,4117110200107850018,석수동,785-18,제1종근린생활시설,1989.0,4.0,1.0,0.1984,B,0.345,37.0,126.898962,37.407457
14356,4117110100101930008,안양동,193-8,제2종근린생활시설,1992.0,6.0,1.0,0.1984,B,0.071,34.0,126.934954,37.39118
6609,4117310100102450003,비산동,245-3,종교시설,2003.0,6.0,2.0,0.1984,B,0.091,23.0,126.947921,37.401365
2484,4117110300100170024,박달동,17-24,제2종근린생활시설,1994.0,4.0,1.0,0.1983,B,0.173,32.0,126.909794,37.403378
12844,4117310200114240007,관양동,1424-7,제2종근린생활시설,1992.0,4.0,1.0,0.1983,B,0.037,34.0,126.96404,37.405318
13712,4117310100104190007,비산동,419-7,제1종근린생활시설,1986.0,3.0,1.0,0.1982,B,0.0,40.0,126.940451,37.39757
8609,4117110100106890020,안양동,689-20,단독주택,2002.0,4.0,0.0,0.1982,B,0.09,24.0,126.91973,37.40301
42863,4117110100110940005,안양동,1094-5,공동주택,2014.0,4.0,1.0,0.1982,B,0.091,12.0,126.904463,37.384385
27860,4117310200114940000,관양동,1494,근린생활시설,1996.0,4.0,1.0,0.1981,B,0.15,30.0,126.973558,37.399829
6401,4117310200114090002,관양동,1409-2,제2종근린생활시설,1987.0,4.0,1.0,0.198,B,0.0,39.0,126.958851,37.406459
6060,4117310200114200041,관양동,1420-41,제1종근린생활시설,1995.0,4.0,1.0,0.1978,B,0.137,31.0,126.960832,37.404078
25010,4117310300100930004,평촌동,93-4,제1종근린생활시설,2001.0,2.0,1.0,0.1978,B,0.077,25.0,126.975451,37.393614
14377,4117110100101940027,안양동,194-27,제2종근린생활시설,1991.0,5.0,1.0,0.1977,B,0.047,35.0,126.935139,37.390275
23359,4117310200114980000,관양동,1498,제2종근린생활시설,1992.0,4.0,1.0,0.1977,B,0.2,34.0,126.975208,37.398513
17032,4117110100104900014,안양동,490-14,제1종근린생활시설,1989.0,3.0,1.0,0.1977,B,0.091,37.0,126.928326,37.387696
10914,4117110100107110169,안양동,711-169,제1종근린생활시설,1996.0,3.0,1.0,0.1977,B,0.05,30.0,126.917868,37.397379
19218,4117310300109220006,평촌동,922-6,방송통신시설,1996.0,6.0,3.0,0.1976,B,0.333,30.0,126.961073,37.382758
18929,4117310400109340013,호계동,934-13,제2종근린생활시설,1986.0,3.0,1.0,0.1974,B,0.024,40.0,126.953425,37.379586
25105,4117310400109850008,호계동,985-8,제2종근린생활시설,1990.0,4.0,1.0,0.1974,B,0.043,36.0,126.957621,37.375001
22406,4117110100101950006,안양동,195-6,공장,2003.0,6.0,0.0,0.1973,B,0.033,23.0,126.935303,37.389507
10455,4117110100107840006,안양동,784-6,제2종근린생활시설,1990.0,5.0,1.0,0.1972,B,0.087,36.0,126.915501,37.397906
44244,4117110100106270225,안양동,627-225,단독주택,2014.0,4.0,0.0,0.1972,B,0.027,12.0,126.921563,37.395202
8202,4117110100108290016,안양동,829-16,단독주택,1996.0,2.0,0.0,0.1971,B,0.085,30.0,126.913813,37.404055
14325,4117110100105330002,안양동,533-2,제2종근린생활시설,1986.0,4.0,1.0,0.1971,B,0.138,40.0,126.933455,37.386084
18253,4117310400110920007,호계동,1092-7,제1종근린생활시설,1996.0,3.0,1.0,0.1971,B,0.136,30.0,126.961648,37.377774
2665,4117110300101390018,박달동,139-18,제1종근린생활시설,1989.0,3.0,1.0,0.1971,B,0.091,37.0,126.906202,37.402169
11190,4117110100109950004,안양동,995-4,제2종근린생활시설,2000.0,5.0,1.0,0.1971,B,0.093,26.0,126.909013,37.392344
2648,4117110300100800023,박달동,80-23,제1종근린생활시설,1985.0,1.0,0.0,0.1971,B,0.131,41.0,126.909477,37.402711
13772,4117310400108980005,호계동,898-5,공장,1984.0,1.0,0.0,0.197,B,0.095,42.0,126.941675,37.388164
14351,4117110100102120021,안양동,212-21,제2종근린생활시설,1995.0,3.0,1.0,0.197,B,0.02,31.0,126.934096,37.389893
25043,4117310200114980016,관양동,1498-16,제2종근린생활시설,1991.0,2.0,1.0,0.197,B,0.241,35.0,126.975809,37.397967
3030,4117110300100850009,박달동,85-9,제2종근린생활시설,2003.0,5.0,0.0,0.1969,B,0.109,23.0,126.908672,37.402421
12782,4117310100110340002,비산동,1034-2,제1종근린생활시설,1991.0,4.0,1.0,0.1964,B,0.085,35.0,126.951794,37.403053
25801,4117310400111080001,호계동,1108-1,단독주택,1997.0,3.0,1.0,0.1962,B,0.1,29.0,126.963234,37.37353
10701,4117110100107110310,안양동,711-310,제1종근린생활시설,1984.0,3.0,1.0,0.1962,B,0.087,42.0,126.917279,37.396206
12588,4117310200107360012,관양동,736-12,제1종근린생활시설,2004.0,2.0,0.0,0.1961,B,0.3,22.0,126.960708,37.401159
45449,4117110200101390001,석수동,139-1,공동주택,2016.0,4.0,1.0,0.1961,B,0.125,10.0,126.916632,37.425241
19206,4117310400109360002,호계동,936-2,제2종근린생활시설,1982.0,2.0,0.0,0.1959,B,0.043,44.0,126.953769,37.378441
12263,4117110100106890014,안양동,689-14,공동주택,2012.0,6.0,0.0,0.1958,B,0.099,14.0,126.919632,37.403288
12749,4117310200114440001,관양동,1444-1,제2종근린생활시설,1996.0,6.0,1.0,0.1958,B,0.083,30.0,126.95872,37.402899
2981,4117110100108230028,안양동,823-28,제2종근린생활시설,1993.0,5.0,1.0,0.1957,B,0.08,33.0,126.913878,37.405752
25792,4117310400111080000,호계동,1108,제1종근린생활시설,1995.0,3.0,1.0,0.1957,B,0.093,31.0,126.963066,37.373461
11071,4117310200113920035,관양동,1392-35,단독주택,1997.0,3.0,1.0,0.1956,B,0.055,29.0,126.954993,37.406882
12396,4117310200114880007,관양동,1488-7,제1종근린생활시설,2004.0,9.0,1.0,0.1955,B,0.149,22.0,126.975392,37.402478
25794,4117310400111080007,호계동,1108-7,단독주택,1997.0,3.0,1.0,0.1955,B,0.106,29.0,126.963489,37.373471
21712,4117310300109280002,평촌동,928-2,단독주택,1997.0,3.0,1.0,0.1953,B,0.222,29.0,126.963914,37.383213
26283,4117310400109660026,호계동,966-26,제2종근린생활시설,1978.0,3.0,1.0,0.1952,B,0.093,48.0,126.954395,37.368472
44251,4117110100106950198,안양동,695-198,단독주택,2016.0,4.0,0.0,0.1952,B,0.143,10.0,126.917833,37.399748
2406,4117110100108190010,안양동,819-10,단독주택,1974.0,1.0,1.0,0.1951,B,0.103,52.0,126.914054,37.410278
17436,4117110100106740117,안양동,674-117,제1종근린생활시설,1976.0,2.0,0.0,0.1951,B,0.119,50.0,126.921609,37.399414
26961,4117310100110170033,비산동,1017-33,제1종근린생활시설,1990.0,5.0,1.0,0.195,B,0.091,36.0,126.949963,37.407634
20498,4117310400109440017,호계동,944-17,단독주택,1982.0,3.0,1.0,0.195,B,0.0,44.0,126.95635,37.375151
3593,4117110300100680064,박달동,68-64,제1종근린생활시설,1990.0,3.0,1.0,0.195,B,0.129,36.0,126.911005,37.401956
28370,4117310100104050019,비산동,405-19,제2종근린생활시설,2009.0,3.0,1.0,0.195,B,0.1,17.0,126.942865,37.399234
5379,4117310200114840017,관양동,1484-17,단독주택,1985.0,3.0,1.0,0.1949,B,0.094,41.0,126.973675,37.401247
13380,4117310400109040005,호계동,904-5,제2종근린생활시설,1994.0,1.0,0.0,0.1949,B,0.208,32.0,126.948304,37.388288
33102,4117310200114150007,관양동,1415-7,단독주택,2014.0,4.0,0.0,0.1949,B,0.0,12.0,126.962455,37.407075
43843,4117110100103630005,안양동,363-5,공동주택,2015.0,5.0,0.0,0.1948,B,0.071,11.0,126.936142,37.379887
9670,4117110100106220332,안양동,622-332,제2종근린생활시설,1978.0,3.0,1.0,0.1947,B,0.083,48.0,126.923051,37.397301
19897,4117310300109220010,평촌동,922-10,제2종근린생활시설,1997.0,7.0,2.0,0.1947,B,0.366,29.0,126.961276,37.382357
6377,4117310200114590002,관양동,1459-2,제1종근린생활시설,1997.0,7.0,2.0,0.1946,B,0.167,29.0,126.965165,37.404113
21761,4117310300109040005,평촌동,904-5,단독주택,1996.0,3.0,1.0,0.1946,B,0.333,30.0,126.961016,37.384213
9941,4117110100106270303,안양동,627-303,제1종근린생활시설,1991.0,5.0,1.0,0.1946,B,0.08,35.0,126.923089,37.395237
9945,4117110100106740101,안양동,674-101,제1종근린생활시설,1979.0,4.0,1.0,0.1946,B,0.138,47.0,126.923526,37.399364
17141,4117110100107110140,안양동,711-140,제2종근린생활시설,1991.0,3.0,1.0,0.1946,B,0.115,35.0,126.919064,37.395816
544,4117110300106170027,박달동,617-27,제1종근린생활시설,2004.0,1.0,0.0,0.1945,B,0.071,22.0,126.890638,37.404444
23259,4117310200109030002,관양동,903-2,제2종근린생활시설,1993.0,2.0,0.0,0.1944,B,0.056,33.0,126.972946,37.397225
22917,4117310400108970004,호계동,897-4,공장,2011.0,5.0,0.0,0.1944,B,0.211,15.0,126.943398,37.388877
1848,4117110200102890003,석수동,289-3,제2종근린생활시설,1999.0,2.0,0.0,0.1944,B,0.096,27.0,126.908264,37.412712
44491,4117110100108370029,안양동,837-29,제2종근린생활시설,2015.0,4.0,0.0,0.1944,B,0.053,11.0,126.914614,37.406507
2239,4117110100108490009,안양동,849-9,제2종근린생활시설,1987.0,3.0,1.0,0.1943,B,0.042,39.0,126.915151,37.406828
46769,4117310200114520009,관양동,1452-9,공동주택,2016.0,7.0,1.0,0.1942,B,0.082,10.0,126.962447,37.403046
27550,4117110200103770015,석수동,377-15,단독주택,2009.0,4.0,0.0,0.1942,B,0.095,17.0,126.90571,37.432956
19566,4117310300109020001,평촌동,902-1,단독주택,1994.0,3.0,1.0,0.1942,B,0.476,32.0,126.960504,37.384901
44198,4117110100105620003,안양동,562-3,공동주택,2016.0,5.0,0.0,0.1941,B,0.024,10.0,126.929864,37.383068
34562,4117310200113840008,관양동,1384-8,공동주택,2015.0,5.0,0.0,0.194,B,0.109,11.0,126.955209,37.403275
27521,4117110100108370028,안양동,837-28,단독주택,2002.0,4.0,0.0,0.1939,B,0.139,24.0,126.915222,37.405426
45124,4117110100108560018,안양동,856-18,공동주택,2016.0,5.0,0.0,0.1939,B,0.084,10.0,126.914455,37.407969
25987,4117310400110290015,호계동,1029-15,공장,1990.0,4.0,1.0,0.1939,B,0.033,36.0,126.951855,37.36856
3444,4117110100106950109,안양동,695-109,제2종근린생활시설,1981.0,3.0,1.0,0.1939,B,0.064,45.0,126.91692,37.402141
8966,4117110200101030004,석수동,103-4,공동주택,1992.0,4.0,1.0,0.1938,B,0.2,34.0,126.90907,37.419691
16618,4117110100107190004,안양동,719-4,공동주택,1994.0,4.0,1.0,0.1937,B,0.054,32.0,126.914527,37.393407
2638,4117110300101390015,박달동,139-15,제2종근린생활시설,1991.0,4.0,1.0,0.1937,B,0.102,35.0,126.903802,37.400667
796,4117110200107740008,석수동,774-8,제1종근린생활시설,1988.0,3.0,1.0,0.1936,B,0.055,38.0,126.89833,37.404709
3000,4117110100108220039,안양동,822-39,제1종근린생활시설,1971.0,4.0,1.0,0.1936,B,0.126,55.0,126.913279,37.406441
24594,4117310400109350046,호계동,935-46,단독주택,2001.0,4.0,0.0,0.1935,B,0.03,25.0,126.952936,37.378801
22716,4117310100105800000,비산동,580,제1종근린생활시설,2006.0,4.0,0.0,0.1935,B,0.05,20.0,126.941834,37.393152
6309,4117110200108310000,석수동,831,제2종근린생활시설,2006.0,3.0,1.0,0.1933,B,0.125,20.0,126.927755,37.420613
10683,4117110100107070021,안양동,707-21,제2종근린생활시설,1992.0,4.0,1.0,0.1933,B,0.039,34.0,126.918491,37.39517
27920,4117310400108960009,호계동,896-9,제2종근린생활시설,1996.0,4.0,0.0,0.1931,B,0.2,30.0,126.944115,37.389679
20848,4117110100103610008,안양동,361-8,제1종근린생활시설,1983.0,2.0,1.0,0.1931,B,0.047,43.0,126.936727,37.380329
14366,4117110100105320006,안양동,532-6,제2종근린생활시설,1992.0,3.0,1.0,0.193,B,0.143,34.0,126.933489,37.385695
16480,4117110100106270239,안양동,627-239,제1종근린생활시설,1992.0,5.0,1.0,0.1929,B,0.058,34.0,126.921727,37.396046
6616,4117310100111630000,비산동,1163,제1종근린생활시설,2007.0,1.0,1.0,0.1928,B,0.0,19.0,126.93166,37.401884
43541,4117110100104920002,안양동,492-2,단독주택,2016.0,5.0,1.0,0.1928,B,0.139,10.0,126.929281,37.387793
12107,4117310200113900010,관양동,1390-10,제1종근린생활시설,1990.0,3.0,1.0,0.1927,B,0.071,36.0,126.954831,37.40529
27425,4117110100106890148,안양동,689-148,제1종근린생활시설,1988.0,4.0,1.0,0.1927,B,0.077,38.0,126.919159,37.401979
5614,4117310100103770022,비산동,377-22,제2종근린생활시설,1992.0,2.0,1.0,0.1927,B,0.0,34.0,126.945375,37.400186
12476,4117310100105700004,비산동,570-4,제2종근린생활시설,2011.0,4.0,0.0,0.1927,B,0.2,15.0,126.934451,37.397588
7806,4117110300100570006,박달동,57-6,단독주택,1978.0,2.0,1.0,0.1925,B,0.218,48.0,126.910233,37.404803
4907,4117110100108730011,안양동,873-11,단독주택,1979.0,2.0,1.0,0.1925,B,0.146,47.0,126.913844,37.401318
18049,4117110100105030023,안양동,503-23,제1종근린생활시설,1988.0,4.0,1.0,0.1925,B,0.047,38.0,126.929999,37.386283
51841,4117110100109360004,안양동,936-4,공동주택,2017.0,5.0,0.0,0.1921,B,0.095,9.0,126.912758,37.396874
50242,4117310200113900001,관양동,1390-1,공동주택,2017.0,5.0,1.0,0.1919,B,0.056,9.0,126.955293,37.405612
12616,4117310100100140003,비산동,14-3,제2종근린생활시설,2007.0,2.0,0.0,0.1918,B,0.25,19.0,126.951756,37.411099
25280,4117310400109940001,호계동,994-1,제1종근린생활시설,1984.0,3.0,1.0,0.1918,B,0.063,42.0,126.95875,37.373911
2678,4117110300100180010,박달동,18-10,제2종근린생활시설,1989.0,4.0,1.0,0.1917,B,0.173,37.0,126.910134,37.402737
15404,4117110100105160006,안양동,516-6,제1종근린생활시설,1972.0,1.0,0.0,0.1916,B,0.172,54.0,126.9343,37.38739
15663,4117110100105170029,안양동,517-29,숙박시설,1987.0,4.0,1.0,0.1916,B,0.103,39.0,126.932887,37.387099
45169,4117110100109910111,안양동,991-111,공동주택,2015.0,5.0,0.0,0.1915,B,0.047,11.0,126.90724,37.392348
24045,4117310400109340026,호계동,934-26,제2종근린생활시설,1995.0,4.0,1.0,0.1914,B,0.036,31.0,126.954069,37.379421
6592,4117310100102940011,비산동,294-11,제1종근린생활시설,2003.0,3.0,1.0,0.1913,B,0.013,23.0,126.942416,37.406164
21475,4117310400109210005,호계동,921-5,자동차관련시설,1990.0,3.0,0.0,0.1912,B,0.125,36.0,126.947777,37.383585
24071,4117310200108720000,관양동,872,공장,1996.0,1.0,0.0,0.191,B,0.0,30.0,126.968377,37.398588
11678,4117310200113970001,관양동,1397-1,제1종근린생활시설,1986.0,3.0,1.0,0.1909,B,0.037,40.0,126.956253,37.405504
27226,4117110100105050014,안양동,505-14,제1종근린생활시설,2009.0,7.0,2.0,0.1909,B,0.048,17.0,126.931681,37.385992
10134,4117310200114900018,관양동,1490-18,제2종근린생활시설,1991.0,5.0,1.0,0.1909,B,0.132,35.0,126.975115,37.400695
3390,4117110300100680035,박달동,68-35,제1종근린생활시설,1992.0,4.0,1.0,0.1908,B,0.091,34.0,126.911849,37.402453
11677,4117310200114580000,관양동,1458,제1종근린생활시설,2006.0,2.0,0.0,0.1906,B,0.196,20.0,126.963164,37.403797
6331,4117310100105200000,비산동,520,제1종근린생활시설,2003.0,5.0,1.0,0.1906,B,0.0,23.0,126.93237,37.402988
26740,4117110100106740042,안양동,674-42,제2종근린생활시설,1996.0,5.0,1.0,0.1905,B,0.08,30.0,126.921013,37.400032
856,4117110200107800000,석수동,780,단독주택,1987.0,3.0,1.0,0.1904,B,0.144,39.0,126.897979,37.406697
23269,4117310400109300014,호계동,930-14,종교시설,2002.0,4.0,0.0,0.1903,B,0.012,24.0,126.951683,37.381132
27123,4117110100106220394,안양동,622-394,제1종근린생활시설,1990.0,4.0,1.0,0.1903,B,0.146,36.0,126.925111,37.398004
21776,4117310300109170011,평촌동,917-11,단독주택,1994.0,3.0,1.0,0.1902,B,0.296,32.0,126.961273,37.383437
28449,4117310400108990002,호계동,899-2,공장,1989.0,0.0,1.0,0.1902,B,0.0,37.0,126.942444,37.386004
8775,4117310100100450000,비산동,45,제2종근린생활시설,1996.0,1.0,0.0,0.19,B,0.368,30.0,126.952028,37.414696
5981,4117310100105000023,비산동,500-23,제1종근린생활시설,1989.0,5.0,1.0,0.1899,B,0.0,37.0,126.932924,37.402998
2690,4117110100109080031,안양동,908-31,제2종근린생활시설,1991.0,5.0,1.0,0.1899,B,0.155,35.0,126.91231,37.400827
27833,4117310200113830005,관양동,1383-5,공동주택,2008.0,5.0,0.0,0.1899,B,0.113,18.0,126.953827,37.403058
19194,4117310400109370008,호계동,937-8,창고시설,1999.0,1.0,0.0,0.1897,B,0.045,27.0,126.954254,37.378649
700,4117110100104020032,안양동,402-32,공동주택,2012.0,4.0,0.0,0.1897,B,0.032,14.0,126.927575,37.381045
13110,4117110100101640002,안양동,164-2,제2종근린생활시설,1999.0,1.0,0.0,0.1896,B,0.0,27.0,126.930118,37.397104
3509,4117110300100740016,박달동,74-16,제1종근린생활시설,1989.0,4.0,1.0,0.1896,B,0.114,37.0,126.912466,37.40279
3264,4117110300100680025,박달동,68-25,제1종근린생활시설,1984.0,3.0,1.0,0.1896,B,0.133,42.0,126.911066,37.402445
3388,4117110300100680023,박달동,68-23,제1종근린생활시설,1987.0,3.0,1.0,0.1896,B,0.144,39.0,126.910899,37.402441
26815,4117310400109660011,호계동,966-11,숙박시설,1986.0,3.0,1.0,0.1895,B,0.143,40.0,126.954691,37.368704
3415,4117110100106950089,안양동,695-89,제1종근린생활시설,1985.0,3.0,1.0,0.1893,B,0.101,41.0,126.917369,37.402014
5974,4117310200116940005,관양동,1694-5,단독주택,2013.0,4.0,0.0,0.1893,B,0.024,13.0,126.970076,37.407375
25278,4117310200114270007,관양동,1427-7,공동주택,2013.0,5.0,0.0,0.1892,B,0.045,13.0,126.964769,37.406615
12245,4117310100110360001,비산동,1036-1,제1종근린생활시설,1982.0,1.0,1.0,0.1892,B,0.062,44.0,126.950526,37.403111
20773,4117310200114950030,관양동,1495-30,근린생활시설,1988.0,0.0,1.0,0.1892,B,0.2,38.0,126.974534,37.398433
36516,4117310100100460004,비산동,46-4,단독주택,2015.0,2.0,0.0,0.1892,B,0.308,11.0,126.951607,37.415086
12877,4117310100110340008,비산동,1034-8,제2종근린생활시설,2011.0,5.0,0.0,0.1891,B,0.109,15.0,126.951527,37.40241
11666,4117310200114500017,관양동,1450-17,제2종근린생활시설,1990.0,4.0,1.0,0.1891,B,0.088,36.0,126.961584,37.40315
597,4117110200107610006,석수동,761-6,제1종근린생활시설,1987.0,3.0,1.0,0.189,B,0.023,39.0,126.89626,37.406899
1186,4117110200107800009,석수동,780-9,제1종근린생활시설,1989.0,3.0,1.0,0.189,B,0.054,37.0,126.898484,37.405918
17696,4117110100106220288,안양동,622-288,제2종근린생활시설,1992.0,3.0,1.0,0.189,B,0.059,34.0,126.926187,37.39502
12053,4117310200115050001,관양동,1505-1,제2종근린생활시설,1981.0,4.0,1.0,0.1889,B,0.118,45.0,126.977394,37.401142
3454,4117110100108730166,안양동,873-166,제1종근린생활시설,1991.0,4.0,1.0,0.1888,B,0.196,35.0,126.916962,37.400766
3417,4117110100106950014,안양동,695-14,제2종근린생활시설,1991.0,4.0,1.0,0.1888,B,0.077,35.0,126.916793,37.402576
51536,4117110100109190001,안양동,919-1,공동주택,2018.0,5.0,0.0,0.1888,B,0.072,8.0,126.913006,37.39794
44162,4117110100104290003,안양동,429-3,자동차관련시설,2014.0,6.0,0.0,0.1887,B,0.056,12.0,126.928177,37.391362
20189,4117310300109240000,평촌동,924,단독주택,1996.0,3.0,1.0,0.1886,B,0.415,30.0,126.961681,37.382214
11867,4117310200114500018,관양동,1450-18,단독주택,1976.0,1.0,0.0,0.1885,B,0.105,50.0,126.961786,37.403153
45153,4117110100108610028,안양동,861-28,공동주택,2015.0,5.0,1.0,0.1885,B,0.0,11.0,126.91801,37.40685
12026,4117310200116950003,관양동,1695-3,단독주택,2012.0,4.0,0.0,0.1885,B,0.025,14.0,126.969979,37.407148
25804,4117310400111090005,호계동,1109-5,제1종근린생활시설,1996.0,3.0,1.0,0.1885,B,0.098,30.0,126.963971,37.373297
5973,4117310100105170016,비산동,517-16,제1종근린생활시설,1985.0,3.0,1.0,0.1884,B,0.0,41.0,126.933275,37.403549
44246,4117110100106880059,안양동,688-59,단독주택,2016.0,5.0,0.0,0.1883,B,0.047,10.0,126.918928,37.40389
7509,4117110300100090019,박달동,9-19,단독주택,1990.0,2.0,1.0,0.1883,B,0.049,36.0,126.90709,37.406043
1458,4117110100106880002,안양동,688-2,제2종근린생활시설,1995.0,3.0,1.0,0.1882,B,0.107,31.0,126.91972,37.403892
19383,4117310200114530010,관양동,1453-10,공동주택,2012.0,6.0,0.0,0.1882,B,0.08,14.0,126.96314,37.402726
28616,4117310200113840025,관양동,1384-25,제2종근린생활시설,2012.0,2.0,0.0,0.1881,B,0.085,14.0,126.955264,37.403118
10026,4117310200114830024,관양동,1483-24,단독주택,1985.0,1.0,0.0,0.188,B,0.115,41.0,126.972762,37.400922
28288,4117110100106890192,안양동,689-192,업무시설,2001.0,6.0,0.0,0.188,B,0.097,25.0,126.919707,37.403199
27501,4117110100106180185,안양동,618-185,제1종근린생활시설,2001.0,1.0,0.0,0.1879,B,0.026,25.0,126.91911,37.389623
22987,4117110100105700002,안양동,570-2,단독주택,2004.0,4.0,0.0,0.1879,B,0.03,22.0,126.930988,37.383722
25258,4117310400109490010,호계동,949-10,제2종근린생활시설,1993.0,6.0,1.0,0.1878,B,0.062,33.0,126.957276,37.372793
3392,4117110300100680043,박달동,68-43,제1종근린생활시설,1983.0,3.0,1.0,0.1878,B,0.188,43.0,126.91244,37.402452
2639,4117110300101390100,박달동,139-100,단독주택,1991.0,4.0,1.0,0.1878,B,0.088,35.0,126.903975,37.400714
20241,4117310300109250012,평촌동,925-12,단독주택,1995.0,3.0,1.0,0.1877,B,0.368,31.0,126.962107,37.381814
25368,4117310200114900046,관양동,1490-46,제2종근린생활시설,1991.0,1.0,0.0,0.1876,B,0.119,35.0,126.974942,37.40078
6709,4117310200114080027,관양동,1408-27,제1종근린생활시설,1989.0,3.0,1.0,0.1874,B,0.073,37.0,126.958813,37.405253
9969,4117110100106220124,안양동,622-124,숙박시설,1987.0,5.0,1.0,0.1873,B,0.083,39.0,126.924323,37.396848
18055,4117110100104410009,안양동,441-9,숙박시설,1981.0,3.0,1.0,0.1872,B,0.083,45.0,126.930091,37.38945
2959,4117110300100220001,박달동,22-1,제2종근린생활시설,1984.0,4.0,1.0,0.1871,B,0.131,42.0,126.908802,37.405666
2666,4117110300101390009,박달동,139-9,제1종근린생활시설,1989.0,4.0,1.0,0.1871,B,0.103,37.0,126.905854,37.401983
3378,4117110300100750017,박달동,75-17,제1종근린생활시설,1979.0,2.0,1.0,0.187,B,0.125,47.0,126.912724,37.402753
51253,4117110100103910006,안양동,391-6,공동주택,2017.0,7.0,0.0,0.187,B,0.027,9.0,126.928269,37.393975
1938,4117110200102800013,석수동,280-13,제1종근린생활시설,1989.0,4.0,1.0,0.187,B,0.094,37.0,126.908873,37.413106
36,4117110200104770024,석수동,477-24,공장,1968.0,1.0,0.0,0.1869,B,0.5,58.0,126.899254,37.425232
3133,4117110200102030003,석수동,203-3,제2종근린생활시설,1993.0,5.0,1.0,0.1869,B,0.129,33.0,126.914875,37.41664
14353,4117110100101920003,안양동,192-3,공장,1987.0,4.0,1.0,0.1868,B,0.088,39.0,126.935444,37.391722
24204,4117310400109270011,호계동,927-11,제2종근린생활시설,2001.0,3.0,0.0,0.1867,B,0.012,25.0,126.951695,37.382112
9955,4117110100106740149,안양동,674-149,제2종근린생활시설,1980.0,4.0,1.0,0.1867,B,0.164,46.0,126.923676,37.398588
11679,4117310200113870032,관양동,1387-32,제1종근린생활시설,1991.0,4.0,1.0,0.1866,B,0.097,35.0,126.955213,37.403947
2096,4117110200102960000,석수동,296,제2종근린생활시설,1987.0,2.0,1.0,0.1866,B,0.0,39.0,126.907726,37.408603
25802,4117310400111080005,호계동,1108-5,제1종근린생활시설,1996.0,3.0,1.0,0.1866,B,0.095,30.0,126.963822,37.373589
17015,4117110100105420009,안양동,542-9,제2종근린생활시설,1990.0,5.0,1.0,0.1864,B,0.076,36.0,126.928403,37.3839
17108,4117110100106760072,안양동,676-72,제1종근린생활시설,1987.0,3.0,1.0,0.1863,B,0.093,39.0,126.921129,37.398193
28303,4117110200101140000,석수동,114,제2종근린생활시설,2008.0,3.0,0.0,0.1863,B,0.0,18.0,126.915183,37.426965
17424,4117110100107820007,안양동,782-7,제2종근린생활시설,1995.0,4.0,1.0,0.1861,B,0.167,31.0,126.919395,37.399593
32986,4117310400108970000,호계동,897,제2종근린생활시설,1976.0,2.0,0.0,0.1861,B,0.222,50.0,126.943898,37.389417
1926,4117110200102690008,석수동,269-8,제2종근린생활시설,1997.0,2.0,1.0,0.1861,B,0.083,29.0,126.910181,37.416698
16342,4117110100106030006,안양동,603-6,자동차관련시설,1994.0,3.0,0.0,0.186,B,0.0,32.0,126.931224,37.392928
20905,4117110100104410002,안양동,441-2,단독주택,2002.0,4.0,0.0,0.186,B,0.094,24.0,126.930715,37.389512
18117,4117110100106740043,안양동,674-43,제2종근린생활시설,1981.0,3.0,1.0,0.1859,B,0.06,45.0,126.92097,37.399767
26020,4117310400107210003,호계동,721-3,제1종근린생활시설,,1.0,0.0,0.1859,B,0.082,,126.954481,37.367877
16007,4117110100105700019,안양동,570-19,제2종근린생활시설,1994.0,5.0,1.0,0.1859,B,0.088,32.0,126.931699,37.383047
26290,4117310400109660027,호계동,966-27,제1종근린생활시설,1978.0,3.0,1.0,0.1856,B,0.133,48.0,126.954472,37.368388
2962,4117110300100360006,박달동,36-6,제1종근린생활시설,1990.0,4.0,1.0,0.1856,B,0.078,36.0,126.907819,37.405332
18606,4117310300101180007,평촌동,118-7,제1종근린생활시설,2003.0,6.0,1.0,0.1856,B,0.133,23.0,126.974474,37.391395
16718,4117110100106220081,안양동,622-81,숙박시설,1984.0,2.0,1.0,0.1855,B,0.023,42.0,126.925583,37.39518
32977,4117310400111100004,호계동,1110-4,제1종근린생활시설,1996.0,4.0,1.0,0.1854,B,0.029,30.0,126.964076,37.373113
51259,4117110100105710004,안양동,571-4,단독주택,2017.0,5.0,0.0,0.1854,B,0.061,9.0,126.932028,37.383202
12052,4117310200115020009,관양동,1502-9,제1종근린생활시설,1986.0,7.0,1.0,0.1854,B,0.333,40.0,126.976233,37.400898
16820,4117110100107070184,안양동,707-184,제2종근린생활시설,1986.0,2.0,1.0,0.1854,B,0.058,40.0,126.921072,37.39517
28615,4117310200114640005,관양동,1464-5,공동주택,2012.0,5.0,0.0,0.1854,B,0.085,14.0,126.967634,37.403715
1950,4117110200102800012,석수동,280-12,제2종근린생활시설,1988.0,2.0,1.0,0.1854,B,0.091,38.0,126.909245,37.412972
27418,4117110100108480004,안양동,848-4,제2종근린생활시설,2004.0,5.0,0.0,0.1852,B,0.075,22.0,126.916303,37.405437
11164,4117110100109430000,안양동,943,제1종근린생활시설,1983.0,2.0,1.0,0.1852,B,0.109,43.0,126.913426,37.397183
24564,4117310300100930001,평촌동,93-1,제2종근린생활시설,2000.0,3.0,1.0,0.1852,B,0.182,26.0,126.975341,37.393423
2877,4117110300100560030,박달동,56-30,제1종근린생활시설,1989.0,3.0,1.0,0.1851,B,0.218,37.0,126.910319,37.405326
24897,4117310200115030005,관양동,1503-5,위락시설,1984.0,2.0,1.0,0.185,B,0.25,42.0,126.97605,37.399296
12560,4117310200114730013,관양동,1473-13,제2종근린생활시설,1985.0,2.0,1.0,0.185,B,0.029,41.0,126.969513,37.404233
18876,4117310400109230099,호계동,923-99,제1종근린생활시설,1992.0,4.0,1.0,0.185,B,0.0,34.0,126.95067,37.384646
2921,4117110100108340024,안양동,834-24,단독주택,2001.0,3.0,1.0,0.185,B,0.125,25.0,126.91403,37.406515
777,4117110200107800018,석수동,780-18,제1종근린생활시설,1988.0,3.0,1.0,0.185,B,0.115,38.0,126.898029,37.406563
20518,4117110200102920026,석수동,292-26,단독주택,2012.0,5.0,0.0,0.1849,B,0.068,14.0,126.906347,37.412624
24145,4117310300100570000,평촌동,57,제2종근린생활시설,1980.0,3.0,1.0,0.1849,B,0.1,46.0,126.976255,37.393753
1454,4117110100106890156,안양동,689-156,제2종근린생활시설,1990.0,4.0,1.0,0.1848,B,0.111,36.0,126.919866,37.403304
35841,4117310400109740006,호계동,974-6,제2종근린생활시설,2005.0,2.0,1.0,0.1848,B,0.029,21.0,126.957743,37.367063
12100,4117310200113810003,관양동,1381-3,제1종근린생활시설,1994.0,4.0,1.0,0.1848,B,0.082,32.0,126.953556,37.403672
27820,4117310200114200005,관양동,1420-5,단독주택,2005.0,4.0,0.0,0.1847,B,0.147,21.0,126.960576,37.404823
1946,4117110200102940052,석수동,294-52,제1종근린생활시설,1996.0,4.0,1.0,0.1845,B,0.093,30.0,126.906799,37.411286
9691,4117110100106220014,안양동,622-14,업무시설,1991.0,9.0,3.0,0.1845,B,0.22,35.0,126.924436,37.398207
14078,4117310400101670001,호계동,167-1,장례식장,1998.0,1.0,1.0,0.1843,B,1.0,28.0,126.941774,37.379721
17721,4117110100106220057,안양동,622-57,제1종근린생활시설,1975.0,2.0,1.0,0.1843,B,0.05,51.0,126.92652,37.395944
6345,4117310200114570012,관양동,1457-12,제1종근린생활시설,1995.0,2.0,1.0,0.1842,B,0.103,31.0,126.964544,37.403424
2796,4117110300100450010,박달동,45-10,제1종근린생활시설,1985.0,3.0,1.0,0.1841,B,0.04,41.0,126.908009,37.40445
25353,4117110300100140015,박달동,14-15,제1종근린생활시설,1991.0,4.0,1.0,0.1841,B,0.069,35.0,126.907876,37.406239
2961,4117110100108220072,안양동,822-72,제2종근린생활시설,1998.0,3.0,1.0,0.1841,B,0.086,28.0,126.912662,37.406192
34243,4117310200114080030,관양동,1408-30,단독주택,2015.0,3.0,0.0,0.1841,B,0.079,11.0,126.958656,37.405332
8281,4117110100108730122,안양동,873-122,공동주택,2001.0,4.0,1.0,0.1841,B,0.28,25.0,126.917563,37.401151
44485,4117110100108170008,안양동,817-8,공동주택,2016.0,5.0,0.0,0.1839,B,0.057,10.0,126.913467,37.411206
21802,4117310400101830002,호계동,183-2,공장,1989.0,2.0,0.0,0.1839,B,0.0,37.0,126.944848,37.384159
9220,4117110100108290012,안양동,829-12,단독주택,1998.0,3.0,1.0,0.1838,B,0.08,28.0,126.913664,37.404106
8984,4117110200102690020,석수동,269-20,공동주택,2002.0,4.0,0.0,0.1837,B,0.085,24.0,126.910103,37.41627
18388,4117310100104140005,비산동,414-5,제1종근린생활시설,1980.0,3.0,1.0,0.1837,B,0.024,46.0,126.938978,37.398041
26289,4117310400109660028,호계동,966-28,제1종근린생활시설,1978.0,3.0,1.0,0.1836,B,0.125,48.0,126.954616,37.368292
3591,4117110300100680041,박달동,68-41,제1종근린생활시설,1981.0,3.0,1.0,0.1836,B,0.18,45.0,126.912291,37.402458
8155,4117110300100580037,박달동,58-37,단독주택,2000.0,3.0,0.0,0.1835,B,0.038,26.0,126.912343,37.405601
16447,4117110100106760235,안양동,676-235,제2종근린생활시설,1980.0,3.0,1.0,0.1834,B,0.118,46.0,126.921754,37.397331
28206,4117310200114830014,관양동,1483-14,제1종근린생활시설,2001.0,3.0,0.0,0.1833,B,0.12,25.0,126.972641,37.400974
2966,4117110300100450018,박달동,45-18,제2종근린생활시설,1997.0,3.0,0.0,0.1831,B,0.041,29.0,126.908013,37.404229
18629,4117310400109290015,호계동,929-15,단독주택,1995.0,4.0,1.0,0.1831,B,0.021,31.0,126.950105,37.381308
24538,4117310200114980006,관양동,1498-6,제1종근린생활시설,1992.0,2.0,1.0,0.183,B,0.229,34.0,126.976001,37.39821
11932,4117310200114540010,관양동,1454-10,제2종근린생활시설,2011.0,7.0,0.0,0.183,B,0.0,15.0,126.962342,37.402215
24180,4117310200116050004,관양동,1605-4,교육연구시설,2001.0,11.0,4.0,0.1828,B,0.25,25.0,126.961616,37.392667
13518,4117110100109210002,안양동,921-2,제2종근린생활시설,1990.0,4.0,1.0,0.1827,B,0.104,36.0,126.912623,37.397629
24937,4117310400109300049,호계동,930-49,단독주택,1997.0,3.0,1.0,0.1827,B,0.011,29.0,126.951925,37.381232
3588,4117110300100680029,박달동,68-29,제1종근린생활시설,1983.0,3.0,1.0,0.1826,B,0.135,43.0,126.911378,37.402448
23342,4117310200114980007,관양동,1498-7,제1종근린생활시설,1991.0,3.0,1.0,0.1825,B,0.2,35.0,126.976163,37.39814
50243,4117310200113900001,관양동,1390-1,공동주택,2017.0,5.0,1.0,0.1824,B,0.053,9.0,126.955093,37.405622
6675,4117310200114520002,관양동,1452-2,제2종근린생활시설,1992.0,5.0,1.0,0.1824,B,0.098,34.0,126.962335,37.403209
27968,4117310400109350005,호계동,935-5,종교시설,2000.0,2.0,1.0,0.1823,B,0.023,26.0,126.953015,37.379428
25795,4117310400111080006,호계동,1108-6,단독주택,1997.0,3.0,1.0,0.1823,B,0.111,29.0,126.963657,37.373531
9894,4117110100106330001,안양동,633-1,제1종근린생활시설,1978.0,2.0,1.0,0.1822,B,0.098,48.0,126.924188,37.399513
23219,4117310200108720000,관양동,872,공장,2004.0,1.0,0.0,0.1822,B,0.0,22.0,126.967749,37.398991
11336,4117310200114750001,관양동,1475-1,공동주택,1992.0,4.0,1.0,0.1821,B,0.103,34.0,126.97143,37.404083
28892,4117310200114460012,관양동,1446-12,노유자시설,2013.0,5.0,0.0,0.182,B,0.068,13.0,126.960111,37.403064
12559,4117310200114370021,관양동,1437-21,제2종근린생활시설,1981.0,3.0,1.0,0.182,B,0.114,45.0,126.969465,37.405124
2935,4117110300100600006,박달동,60-6,문화및집회시설,1971.0,3.0,1.0,0.1819,B,0.08,55.0,126.91109,37.404731
28374,4117310100111070000,비산동,1107,업무시설,2004.0,17.0,3.0,0.1819,B,0.0,22.0,126.949188,37.390544
6254,4117310100105150002,비산동,515-2,제1종근린생활시설,1984.0,2.0,1.0,0.1819,B,0.0,42.0,126.933584,37.404356
15165,4117310200117320003,관양동,1732-3,단독주택,2012.0,4.0,0.0,0.1818,B,0.154,14.0,126.969712,37.405961
50,4117110100105010024,안양동,501-24,단독주택,2012.0,4.0,0.0,0.1818,B,0.054,14.0,126.929463,37.385983
10175,4117110100106270251,안양동,627-251,제2종근린생활시설,1990.0,3.0,1.0,0.1817,B,0.091,36.0,126.924004,37.394277
13171,4117110100106760121,안양동,676-121,제1종근린생활시설,1978.0,2.0,1.0,0.1817,B,0.125,48.0,126.92113,37.397651
8291,4117110100108730250,안양동,873-250,공동주택,1997.0,4.0,1.0,0.1817,B,0.181,29.0,126.916795,37.400412
11723,4117310200114570029,관양동,1457-29,제1종근린생활시설,1984.0,3.0,1.0,0.1817,B,0.091,42.0,126.963228,37.403192
18044,4117110100104910004,안양동,491-4,제2종근린생활시설,1979.0,5.0,1.0,0.1816,B,0.141,47.0,126.930088,37.387971
6368,4117310100110500004,비산동,1050-4,제1종근린생활시설,1984.0,3.0,1.0,0.1816,B,0.047,42.0,126.95289,37.403643
15718,4117110100104310018,안양동,431-18,제2종근린생활시설,1994.0,5.0,1.0,0.1815,B,0.02,32.0,126.931075,37.391876
10187,4117110100106220184,안양동,622-184,제2종근린생활시설,1984.0,3.0,1.0,0.1815,B,0.157,42.0,126.924376,37.397922
2603,4117110300101570026,박달동,157-26,제2종근린생활시설,1993.0,5.0,1.0,0.1814,B,0.048,33.0,126.900193,37.401672
6059,4117310200114440000,관양동,1444,제1종근린생활시설,1991.0,4.0,1.0,0.1812,B,0.083,35.0,126.958515,37.402986
51208,4117110200103120013,석수동,312-13,단독주택,2017.0,4.0,0.0,0.1812,B,0.102,9.0,126.910988,37.409829
6376,4117310200114510000,관양동,1451,업무시설,1994.0,9.0,3.0,0.1812,B,0.16,32.0,126.962694,37.403641
22073,4117310200110230001,관양동,1023-1,공장,1987.0,2.0,1.0,0.1812,B,0.188,39.0,126.967818,37.39712
27675,4117110100107110048,안양동,711-48,제1종근린생활시설,1973.0,1.0,0.0,0.1812,B,0.114,53.0,126.919758,37.396837
28357,4117310200117320009,관양동,1732-9,단독주택,2012.0,4.0,0.0,0.1811,B,0.158,14.0,126.969464,37.405882
20441,4117310300101600004,평촌동,160-4,공장,1984.0,2.0,0.0,0.1811,B,0.0,42.0,126.972938,37.390258
20849,4117110100111630017,안양동,1163-17,단독주택,1971.0,1.0,0.0,0.181,B,0.107,55.0,126.937199,37.38058
5060,4117310200107910002,관양동,791-2,공장,1996.0,2.0,1.0,0.1809,B,0.0,30.0,126.967492,37.400484
8295,4117110100108730244,안양동,873-244,단독주택,2003.0,4.0,0.0,0.1809,B,0.106,23.0,126.916457,37.400108
21096,4117310400109180019,호계동,918-19,제1종근린생활시설,1990.0,5.0,1.0,0.1806,B,0.043,36.0,126.950772,37.385504
2543,4117110100106680027,안양동,668-27,제2종근린생활시설,1980.0,3.0,1.0,0.1806,B,0.114,46.0,126.921023,37.40124
7079,4117110200102940001,석수동,294-1,제1종근린생활시설,1993.0,3.0,1.0,0.1806,B,0.089,33.0,126.906566,37.410833
2025,4117110300100130002,박달동,13-2,제2종근린생활시설,1996.0,4.0,1.0,0.1806,B,0.082,30.0,126.907637,37.406886
18510,4117110100102190010,안양동,219-10,공장,2010.0,6.0,1.0,0.1805,B,0.0,16.0,126.938844,37.382731
6029,4117310200114460003,관양동,1446-3,제2종근린생활시설,1995.0,7.0,1.0,0.1804,B,0.095,31.0,126.960383,37.403285
13172,4117110100106760127,안양동,676-127,제1종근린생활시설,1976.0,2.0,1.0,0.1803,B,0.106,50.0,126.920679,37.397715
4894,4117110100109080039,안양동,908-39,단독주택,1984.0,3.0,1.0,0.1802,B,0.109,42.0,126.912748,37.400476
46448,4117110100109730032,안양동,973-32,공동주택,2017.0,5.0,0.0,0.1802,B,0.051,9.0,126.907023,37.393708
3510,4117110100106930011,안양동,693-11,제1종근린생활시설,1981.0,3.0,1.0,0.1802,B,0.114,45.0,126.914178,37.402807
27514,4117110100106740295,안양동,674-295,제2종근린생활시설,2003.0,6.0,0.0,0.1801,B,0.075,23.0,126.921117,37.399975
51542,4117110100107070202,안양동,707-202,공동주택,2018.0,5.0,0.0,0.1801,B,0.049,8.0,126.921397,37.394009
17325,4117110100110880083,안양동,1088-83,공동주택,2005.0,4.0,0.0,0.1801,B,0.286,21.0,126.901085,37.381946
12781,4117310200114150016,관양동,1415-16,제1종근린생활시설,1991.0,4.0,1.0,0.18,B,0.024,35.0,126.961927,37.406325
27324,4117310100101600008,비산동,160-8,제2종근린생활시설,2008.0,2.0,0.0,0.18,B,0.375,18.0,126.951032,37.410701
6676,4117310200114660001,관양동,1466-1,제2종근린생활시설,1991.0,4.0,1.0,0.1799,B,0.089,35.0,126.968318,37.404383
2658,4117110300100680010,박달동,68-10,제1종근린생활시설,1990.0,4.0,1.0,0.1797,B,0.139,36.0,126.909699,37.402436
2307,4117110100106880029,안양동,688-29,제1종근린생활시설,1976.0,2.0,0.0,0.1796,B,0.052,50.0,126.918476,37.403103
28820,4117110100107110052,안양동,711-52,단독주택,2012.0,4.0,0.0,0.1796,B,0.112,14.0,126.919374,37.396596
25371,4117110300109310008,박달동,931-8,단독주택,2013.0,4.0,0.0,0.1796,B,0.0,13.0,126.885191,37.407953
11414,4117110100107240003,안양동,724-3,제1종근린생활시설,1989.0,4.0,1.0,0.1795,B,0.0,37.0,126.914639,37.390735
18132,4117110100106740232,안양동,674-232,제1종근린생활시설,1978.0,3.0,1.0,0.1795,B,0.169,48.0,126.923461,37.398845
17458,4117110100106740114,안양동,674-114,제1종근린생활시설,1978.0,3.0,1.0,0.1794,B,0.111,48.0,126.922053,37.399626
5696,4117310200114430011,관양동,1443-11,제1종근린생활시설,1994.0,4.0,1.0,0.1794,B,0.143,32.0,126.957192,37.402547
34888,4117310400109240007,호계동,924-7,단독주택,2015.0,4.0,0.0,0.1794,B,0.028,11.0,126.949823,37.3822
6312,4117110100113600004,안양동,1360-4,제2종근린생활시설,2006.0,3.0,1.0,0.1794,B,0.125,20.0,126.928565,37.420121
18605,4117310200109040005,관양동,904-5,위험물저장및처리시설,1993.0,1.0,0.0,0.1793,B,0.077,33.0,126.973299,37.397226
508,4117110300106200005,박달동,620-5,공장,,2.0,0.0,0.1793,B,0.0,,126.888558,37.406999
17008,4117110100106210002,안양동,621-2,업무시설,1990.0,10.0,1.0,0.1793,B,0.087,36.0,126.92598,37.393827
28750,4117110200102970009,석수동,297-9,공동주택,2013.0,5.0,0.0,0.1792,B,0.127,13.0,126.909998,37.409619
23766,4117310200115060005,관양동,1506-5,공동주택,2002.0,5.0,0.0,0.1792,B,0.146,24.0,126.977805,37.399443
21814,4117310400109070001,호계동,907-1,자동차관련시설,1993.0,2.0,0.0,0.1792,B,0.182,33.0,126.945238,37.386259
9664,4117110100107110025,안양동,711-25,제1종근린생활시설,1970.0,1.0,0.0,0.1792,B,0.074,56.0,126.918181,37.397366
3033,4117110100106930012,안양동,693-12,제2종근린생활시설,2005.0,3.0,0.0,0.1791,B,0.128,21.0,126.913977,37.402843
1851,4117110200103050003,석수동,305-3,제2종근린생활시설,1979.0,2.0,0.0,0.179,B,0.069,47.0,126.908264,37.412019
1997,4117110200103170000,석수동,317,제1종근린생활시설,1992.0,3.0,1.0,0.1789,B,0.082,34.0,126.91068,37.411318
23237,4117310400110580002,호계동,1058-2,제2종근린생활시설,2003.0,8.0,2.0,0.1788,B,0.0,23.0,126.958943,37.384328
13107,4117110100101640002,안양동,164-2,제1종근린생활시설,1980.0,2.0,1.0,0.1787,B,0.0,46.0,126.930211,37.396997
673,4117110200105830000,석수동,583,분뇨.쓰레기처리시설,2002.0,1.0,1.0,0.1787,B,0.0,24.0,126.896793,37.416849
13115,4117110100103980001,안양동,398-1,제2종근린생활시설,1983.0,2.0,1.0,0.1787,B,0.023,43.0,126.929866,37.380968
9906,4117110100106220012,안양동,622-12,제2종근린생활시설,1967.0,2.0,0.0,0.1787,B,0.229,59.0,126.924624,37.398234
3025,4117110300100990008,박달동,99-8,단독주택,2000.0,4.0,0.0,0.1786,B,0.107,26.0,126.90696,37.402741
5246,4117110100108730255,안양동,873-255,단독주택,1981.0,2.0,1.0,0.1785,B,0.147,45.0,126.916978,37.400106
13184,4117110100106760196,안양동,676-196,제1종근린생활시설,1975.0,2.0,1.0,0.1785,B,0.117,51.0,126.919799,37.397298
15724,4117110100105040004,안양동,504-4,제1종근린생활시설,1986.0,4.0,1.0,0.1783,B,0.091,40.0,126.930709,37.387116
49307,4117110100105120019,안양동,512-19,공동주택,2017.0,9.0,0.0,0.1783,B,0.062,9.0,126.932456,37.389048
12084,4117310200113800012,관양동,1380-12,제1종근린생활시설,1990.0,4.0,1.0,0.1782,B,0.042,36.0,126.953274,37.403891
15660,4117110100105380004,안양동,538-4,자동차관련시설,1993.0,4.0,1.0,0.1782,B,0.2,33.0,126.931974,37.392077
2056,4117110200102930010,석수동,293-10,제2종근린생활시설,1994.0,4.0,1.0,0.1782,B,0.075,32.0,126.906712,37.411909
9953,4117110100106740146,안양동,674-146,제2종근린생활시설,1980.0,4.0,1.0,0.1782,B,0.2,46.0,126.923254,37.39895
27890,4117110100106220323,안양동,622-323,판매시설,1976.0,1.0,0.0,0.1781,B,0.036,50.0,126.925318,37.396237
2110,4117110300100300042,박달동,30-42,제1종근린생활시설,1989.0,3.0,1.0,0.178,B,0.034,37.0,126.911644,37.406945
3449,4117110100108730168,안양동,873-168,제1종근린생활시설,1988.0,4.0,1.0,0.178,B,0.224,38.0,126.917226,37.400775
26941,4117310100104780004,비산동,478-4,제1종근린생활시설,1984.0,3.0,1.0,0.1779,B,0.015,42.0,126.93311,37.400061
7546,4117110200103510044,석수동,351-44,공동주택,2000.0,4.0,1.0,0.1779,B,0.182,26.0,126.904922,37.413921
17769,4117110100107110102,안양동,711-102,제2종근린생활시설,2005.0,1.0,0.0,0.1778,B,0.034,21.0,126.917524,37.397704
25582,4117310400109680003,호계동,968-3,제1종근린생활시설,1995.0,8.0,2.0,0.1777,B,0.048,31.0,126.957533,37.369842
18927,4117310400109260001,호계동,926-1,제2종근린생활시설,1982.0,3.0,1.0,0.1777,B,0.019,44.0,126.952198,37.382408
4368,4117310100110210014,비산동,1021-14,단독주택,2000.0,3.0,1.0,0.1776,B,0.069,26.0,126.947642,37.407373
10696,4117110100107110007,안양동,711-7,제1종근린생활시설,1991.0,3.0,1.0,0.1776,B,0.07,35.0,126.918446,37.397866
22961,4117110100104580019,안양동,458-19,제2종근린생활시설,2002.0,7.0,0.0,0.1775,B,0.034,24.0,126.926552,37.392141
44165,4117110100104780017,안양동,478-17,공동주택,2015.0,4.0,1.0,0.1775,B,0.05,11.0,126.926243,37.384458
2077,4117110100108360019,안양동,836-19,제2종근린생활시설,1990.0,5.0,1.0,0.1774,B,0.154,36.0,126.913255,37.40809
42824,4117110200101190000,석수동,119,공동주택,2016.0,4.0,0.0,0.1774,B,0.0,10.0,126.915903,37.42674
14722,4117110100102050001,안양동,205-1,공장,1989.0,3.0,1.0,0.1773,B,0.222,37.0,126.93972,37.386217
10137,4117310200115050025,관양동,1505-25,제2종근린생활시설,1994.0,10.0,2.0,0.1773,B,0.083,32.0,126.97733,37.400751
21518,4117310400101830002,호계동,183-2,공장,1968.0,1.0,0.0,0.1773,B,0.0,58.0,126.944876,37.382931
25019,4117310300100810004,평촌동,81-4,공장,1983.0,4.0,1.0,0.1773,B,0.154,43.0,126.975305,37.395784
18093,4117110100106740168,안양동,674-168,제1종근린생활시설,1975.0,4.0,1.0,0.1772,B,0.128,51.0,126.922789,37.399553
17787,4117110100109970005,안양동,997-5,제1종근린생활시설,1993.0,1.0,0.0,0.1772,B,0.086,33.0,126.908124,37.39122
22748,4117110100104940023,안양동,494-23,단독주택,2002.0,3.0,0.0,0.1772,B,0.076,24.0,126.928709,37.386662
44493,4117110100108450006,안양동,845-6,공동주택,2014.0,5.0,0.0,0.1772,B,0.0,12.0,126.917942,37.406056
5695,4117310200114440006,관양동,1444-6,제1종근린생활시설,1991.0,4.0,1.0,0.1772,B,0.017,35.0,126.959343,37.402479
20525,4117310200109510001,관양동,951-1,공장,1985.0,3.0,1.0,0.1772,B,0.091,41.0,126.971221,37.393623
23771,4117310200115030010,관양동,1503-10,제2종근린생활시설,1990.0,4.0,1.0,0.1771,B,0.257,36.0,126.975994,37.399955
2876,4117110300100560024,박달동,56-24,제1종근린생활시설,1989.0,3.0,1.0,0.177,B,0.238,37.0,126.910225,37.405245
18141,4117110100106760118,안양동,676-118,제2종근린생활시설,1985.0,4.0,1.0,0.177,B,0.152,41.0,126.921341,37.39702
16149,4117110100107070377,안양동,707-377,단독주택,1993.0,4.0,1.0,0.1769,B,0.038,33.0,126.922331,37.393
5688,4117310200107910002,관양동,791-2,공장,1996.0,1.0,1.0,0.1769,B,0.0,30.0,126.967975,37.400915
38508,4117110300101490012,박달동,149-12,공동주택,2016.0,6.0,0.0,0.1768,B,0.0,10.0,126.900598,37.39839
20544,4117310200108940000,관양동,894,공장,1989.0,1.0,1.0,0.1768,B,0.0,37.0,126.971213,37.397327
24233,4117310200109510002,관양동,951-2,종교시설,2007.0,4.0,2.0,0.1768,B,0.25,19.0,126.971702,37.39361
27580,4117310200113830009,관양동,1383-9,제2종근린생활시설,2003.0,2.0,0.0,0.1768,B,0.111,23.0,126.953675,37.402806
24969,4117310300109240015,평촌동,924-15,단독주택,1994.0,3.0,0.0,0.1767,B,0.358,32.0,126.96199,37.382144
12105,4117310200113870023,관양동,1387-23,제2종근린생활시설,1991.0,4.0,1.0,0.1767,B,0.099,35.0,126.954855,37.403943
12036,4117310200116950002,관양동,1695-2,단독주택,2012.0,4.0,0.0,0.1767,B,0.026,14.0,126.969865,37.407211
14050,4117310100104190000,비산동,419,제1종근린생활시설,2003.0,4.0,0.0,0.1767,B,0.017,23.0,126.939216,37.39757
23241,4117310200115980001,관양동,1598-1,업무시설,2005.0,15.0,6.0,0.1766,B,0.0,21.0,126.960777,37.394013
2495,4117110100108230033,안양동,823-33,제2종근린생활시설,1990.0,4.0,1.0,0.1766,B,0.129,36.0,126.913538,37.406315
2849,4117110300100490006,박달동,49-6,제1종근린생활시설,2001.0,2.0,0.0,0.1765,B,0.116,25.0,126.909077,37.403898
44175,4117110100105120007,안양동,512-7,공동주택,2014.0,7.0,0.0,0.1764,B,0.076,12.0,126.932328,37.389263
27755,4117310200114830040,관양동,1483-40,공동주택,2002.0,5.0,0.0,0.1764,B,0.121,24.0,126.973254,37.400924
28486,4117310400110650010,호계동,1065-10,제2종근린생활시설,1997.0,7.0,3.0,0.1764,B,0.086,29.0,126.960218,37.381932
14345,4117110100105320007,안양동,532-7,숙박시설,1986.0,3.0,1.0,0.1764,B,0.133,40.0,126.933607,37.385579
8286,4117110100108730061,안양동,873-61,공동주택,1998.0,4.0,1.0,0.1763,B,0.161,28.0,126.916952,37.40148
23199,4117310400109340010,호계동,934-10,제2종근린생활시설,2003.0,6.0,0.0,0.1763,B,0.038,23.0,126.953868,37.379785
230,4117110200103750001,석수동,375-1,제1종근린생활시설,1981.0,2.0,1.0,0.1762,B,0.143,45.0,126.905467,37.43383
9958,4117110100106220256,안양동,622-256,제2종근린생활시설,1983.0,3.0,1.0,0.1762,B,0.054,43.0,126.923768,37.397238
24631,4117310300109240014,평촌동,924-14,단독주택,1994.0,3.0,1.0,0.1761,B,0.356,32.0,126.962118,37.3822
16135,4117110100111950142,안양동,1195-142,제1종근린생활시설,1993.0,3.0,1.0,0.1761,B,0.169,33.0,126.918781,37.399823
12080,4117310100110300004,비산동,1030-4,제1종근린생활시설,1991.0,5.0,1.0,0.176,B,0.061,35.0,126.950288,37.405071
18351,4117310100104190022,비산동,419-22,제1종근린생활시설,1980.0,3.0,1.0,0.176,B,0.017,46.0,126.939123,37.397204
10909,4117110100111950141,안양동,1195-141,제1종근린생활시설,1990.0,3.0,1.0,0.176,B,0.13,36.0,126.916388,37.398611
22630,4117310300101600004,평촌동,160-4,공장,1974.0,2.0,0.0,0.176,B,0.0,52.0,126.972541,37.390408
11929,4117310200114680000,관양동,1468,문화및집회시설,2002.0,5.0,0.0,0.1759,B,0.069,24.0,126.967942,37.403466
15791,4117110100109940006,안양동,994-6,제1종근린생활시설,1992.0,4.0,1.0,0.1759,B,0.071,34.0,126.908367,37.392283
2618,4117110300101290000,박달동,129,제1종근린생활시설,1993.0,1.0,0.0,0.1757,B,0.105,33.0,126.903424,37.40182
2142,4117110200102840013,석수동,284-13,단독주택,2003.0,4.0,0.0,0.1757,B,0.093,23.0,126.906789,37.413123
19071,4117110100105520012,안양동,552-12,단독주택,1997.0,3.0,1.0,0.1754,B,0.074,29.0,126.930201,37.384163
26045,4117310400109950018,호계동,995-18,제1종근린생활시설,1985.0,3.0,1.0,0.1754,B,0.09,41.0,126.958329,37.37377
46430,4117110100108240013,안양동,824-13,단독주택,2016.0,4.0,0.0,0.1754,B,0.096,10.0,126.91427,37.405078
16390,4117110100103580006,안양동,358-6,제1종근린생활시설,1994.0,1.0,0.0,0.1753,B,0.032,32.0,126.935734,37.380499
21446,4117310400110580006,호계동,1058-6,제1종근린생활시설,2003.0,7.0,2.0,0.1753,B,0.071,23.0,126.959209,37.383848
22639,4117310200108940006,관양동,894-6,공장,1989.0,3.0,1.0,0.1753,B,0.059,37.0,126.971944,37.397354
15853,4117110100107110069,안양동,711-69,단독주택,1998.0,3.0,1.0,0.1753,B,0.108,28.0,126.918539,37.395696
2949,4117110300100630033,박달동,63-33,제1종근린생활시설,1991.0,3.0,1.0,0.1752,B,0.053,35.0,126.912029,37.404111
24965,4117310300103140019,평촌동,314-19,제2종근린생활시설,2002.0,3.0,0.0,0.1752,B,0.159,24.0,126.963603,37.384783
5411,4117310200114410011,관양동,1441-11,제1종근린생활시설,1997.0,1.0,1.0,0.1752,B,0.0,29.0,126.955335,37.40197
19205,4117310400110550000,호계동,1055,제2종근린생활시설,1992.0,2.0,1.0,0.1752,B,0.091,34.0,126.955464,37.382194
2571,4117110100106680039,안양동,668-39,제2종근린생활시설,2000.0,9.0,1.0,0.1752,B,0.143,26.0,126.92034,37.40057
20392,4117110100103610013,안양동,361-13,단독주택,1983.0,2.0,1.0,0.1752,B,0.055,43.0,126.936417,37.380094
2028,4117110200102930001,석수동,293-1,종교시설,1991.0,4.0,1.0,0.1751,B,0.08,35.0,126.906365,37.411979
2409,4117110200103260017,석수동,326-17,제2종근린생활시설,1980.0,2.0,1.0,0.1751,B,0.096,46.0,126.912245,37.410193
15728,4117110100111120000,안양동,1112,동.식물 관련시설,1975.0,1.0,0.0,0.175,B,0.5,51.0,126.906083,37.381121
14676,4117110100105350040,안양동,535-40,제1종근린생활시설,1972.0,1.0,0.0,0.1749,B,0.118,54.0,126.934026,37.388098
27750,4117310100105700021,비산동,570-21,노유자시설,2008.0,7.0,0.0,0.1749,B,0.211,18.0,126.934577,37.397472
22629,4117310200108640006,관양동,864-6,공장,1988.0,2.0,1.0,0.1749,B,0.0,38.0,126.969012,37.39836
9625,4117110100108730026,안양동,873-26,단독주택,1989.0,2.0,1.0,0.1747,B,0.139,37.0,126.914697,37.401488
6008,4117310200108260000,관양동,826,공장,1992.0,0.0,0.0,0.1747,B,0.0,34.0,126.970406,37.400735
16155,4117110100106270132,안양동,627-132,제2종근린생활시설,1990.0,3.0,1.0,0.1746,B,0.049,36.0,126.922544,37.393846
28115,4117110100108730083,안양동,873-83,제2종근린생활시설,1997.0,1.0,0.0,0.1746,B,0.165,29.0,126.913835,37.401013
2459,4117110300100190006,박달동,19-6,단독주택,1991.0,3.0,1.0,0.1745,B,0.178,35.0,126.910774,37.402969
20145,4117310400101830002,호계동,183-2,공장,1987.0,1.0,0.0,0.1745,B,0.0,39.0,126.941258,37.383473
10437,4117110100107110401,안양동,711-401,제2종근린생활시설,1983.0,2.0,0.0,0.1745,B,0.088,43.0,126.91864,37.395574
28202,4117310200114330006,관양동,1433-6,제2종근린생활시설,2002.0,2.0,0.0,0.1744,B,0.072,24.0,126.966502,37.405098
3078,4117110200102740021,석수동,274-21,제2종근린생활시설,2005.0,4.0,0.0,0.1743,B,0.062,21.0,126.910414,37.415513
25164,4117310400109960006,호계동,996-6,제2종근린생활시설,1991.0,5.0,1.0,0.1742,B,0.132,35.0,126.95823,37.371787
10152,4117110100106270157,안양동,627-157,제1종근린생활시설,1990.0,3.0,1.0,0.1742,B,0.057,36.0,126.92362,37.393748
5555,4117110100108730076,안양동,873-76,단독주택,1994.0,3.0,1.0,0.1742,B,0.255,32.0,126.917535,37.401474
10405,4117110100105890049,안양동,589-49,제2종근린생활시설,1989.0,4.0,1.0,0.1742,B,0.014,37.0,126.924137,37.38863
24200,4117310400109230091,호계동,923-91,단독주택,2004.0,5.0,0.0,0.1742,B,0.0,22.0,126.951535,37.384072
21831,4117310400109020025,호계동,902-25,운동시설,1989.0,1.0,1.0,0.1741,B,0.068,37.0,126.94595,37.389246
18136,4117110100106740248,안양동,674-248,제2종근린생활시설,1979.0,3.0,0.0,0.1741,B,0.073,47.0,126.922602,37.397837
15058,4117110100102180007,안양동,218-7,공장,1994.0,2.0,0.0,0.174,B,0.053,32.0,126.937919,37.384049
44201,4117110100106220107,안양동,622-107,공동주택,2014.0,7.0,0.0,0.174,B,0.041,12.0,126.925292,37.396781
8305,4117110100108730243,안양동,873-243,공동주택,1998.0,4.0,1.0,0.174,B,0.121,28.0,126.916609,37.400245
2323,4117110100108470029,안양동,847-29,제1종근린생활시설,1979.0,3.0,1.0,0.174,B,0.026,47.0,126.917796,37.403566
784,4117110200107820003,석수동,782-3,제1종근린생활시설,1989.0,4.0,1.0,0.1739,B,0.017,37.0,126.899757,37.406274
28031,4117110100102200007,안양동,220-7,공장,2007.0,3.0,0.0,0.1739,B,0.0,19.0,126.938837,37.382321
2553,4117110100106740035,안양동,674-35,제1종근린생활시설,1977.0,2.0,0.0,0.1738,B,0.078,49.0,126.921258,37.400266
51552,4117110100109730168,안양동,973-168,공동주택,2017.0,4.0,1.0,0.1737,B,0.062,9.0,126.906974,37.393558
12297,4117310200114540002,관양동,1454-2,제2종근린생활시설,2011.0,7.0,0.0,0.1737,B,0.053,15.0,126.962302,37.402346
626,4117110200107700000,석수동,770,제1종근린생활시설,1988.0,3.0,1.0,0.1736,B,0.044,38.0,126.896498,37.405156
18928,4117310400109300030,호계동,930-30,제1종근린생활시설,1992.0,4.0,1.0,0.1736,B,0.012,34.0,126.952238,37.381315
28361,4117110300108380007,박달동,838-7,공공용시설,2003.0,1.0,0.0,0.1735,B,0.111,23.0,126.904518,37.404849
4236,4117310200117320005,관양동,1732-5,단독주택,2012.0,4.0,0.0,0.1735,B,0.139,14.0,126.970015,37.405864
10673,4117110100107110186,안양동,711-186,제1종근린생활시설,1997.0,3.0,1.0,0.1735,B,0.063,29.0,126.917828,37.395484
20217,4117310300109230001,평촌동,923-1,제1종근린생활시설,1992.0,2.0,1.0,0.1735,B,0.435,34.0,126.961633,37.381583
22107,4117310400101830002,호계동,183-2,공장,1995.0,1.0,0.0,0.1733,B,0.0,31.0,126.946229,37.382344
3476,4117110100106950209,안양동,695-209,의료시설,1989.0,5.0,2.0,0.1733,B,0.25,37.0,126.918672,37.40147
2889,4117110300100230023,박달동,23-23,제1종근린생활시설,1989.0,3.0,1.0,0.1733,B,0.076,37.0,126.908356,37.406396
25981,4117310400111090001,호계동,1109-1,단독주택,2000.0,3.0,1.0,0.1732,B,0.094,26.0,126.96339,37.373236
18891,4117310400110540008,호계동,1054-8,제1종근린생활시설,1992.0,2.0,1.0,0.1732,B,0.0,34.0,126.956313,37.38455
2197,4117110100108590033,안양동,859-33,제1종근린생활시설,1990.0,4.0,1.0,0.1731,B,0.094,36.0,126.916701,37.408125
28415,4117310300100890001,평촌동,89-1,제2종근린생활시설,1981.0,2.0,0.0,0.1731,B,0.097,45.0,126.976437,37.394235
44223,4117110100107070028,안양동,707-28,단독주택,2015.0,3.0,1.0,0.1731,B,0.011,11.0,126.919109,37.394555
2216,4117110100100300010,안양동,30-10,제2종근린생활시설,1995.0,3.0,1.0,0.173,B,0.062,31.0,126.916833,37.414897
22114,4117310400108950000,호계동,895,노유자시설,1999.0,2.0,0.0,0.173,B,0.136,27.0,126.944808,37.390148
2516,4117110200106290001,석수동,629-1,제1종근린생활시설,1983.0,3.0,1.0,0.173,B,0.031,43.0,126.90054,37.408887
38146,4117110300100270003,박달동,27-3,단독주택,2015.0,4.0,0.0,0.173,B,0.118,11.0,126.909088,37.406454
28795,4117110100111190000,안양동,1119,제2종근린생활시설,2011.0,2.0,1.0,0.1729,B,0.333,15.0,126.905607,37.380332
24170,4117310200107930002,관양동,793-2,공장,1995.0,3.0,1.0,0.1729,B,0.0,31.0,126.968813,37.399753
28099,4117110100106220379,안양동,622-379,제2종근린생활시설,2008.0,5.0,0.0,0.1728,B,0.042,18.0,126.924991,37.395818
12129,4117310200113840006,관양동,1384-6,제2종근린생활시설,1987.0,3.0,1.0,0.1726,B,0.094,39.0,126.954877,37.403235
14081,4117310400101830002,호계동,183-2,공장,1965.0,2.0,0.0,0.1726,B,0.0,61.0,126.941423,37.382131
19931,4117110100102270004,안양동,227-4,단독주택,1971.0,1.0,0.0,0.1726,B,0.133,55.0,126.934658,37.387607
2363,4117110100108490011,안양동,849-11,제2종근린생활시설,1990.0,2.0,1.0,0.1726,B,0.065,36.0,126.915453,37.406576
22713,4117310400109070002,호계동,907-2,공장,2002.0,2.0,0.0,0.1726,B,0.231,24.0,126.945037,37.386069
12390,4117310200115020005,관양동,1502-5,제2종근린생활시설,2001.0,5.0,1.0,0.1726,B,0.273,25.0,126.976125,37.400547
2411,4117110200102830016,석수동,283-16,제1종근린생활시설,1990.0,1.0,0.0,0.1726,B,0.061,36.0,126.907535,37.414442
6039,4117310200114590005,관양동,1459-5,제2종근린생활시설,1993.0,5.0,1.0,0.1726,B,0.121,33.0,126.965982,37.404282
1122,4117110300106150000,박달동,615,공장,1985.0,1.0,0.0,0.1724,B,0.0,41.0,126.889382,37.407506
27642,4117110100101980002,안양동,198-2,공장,1985.0,2.0,1.0,0.1724,B,0.031,41.0,126.940007,37.389721
5406,4117310200114410006,관양동,1441-6,제1종근린생활시설,1992.0,5.0,1.0,0.1723,B,0.0,34.0,126.955955,37.402151
27828,4117110100106220085,안양동,622-85,제1종근린생활시설,2009.0,2.0,0.0,0.1723,B,0.048,17.0,126.926288,37.39556
13148,4117110100104320005,안양동,432-5,단독주택,1993.0,4.0,1.0,0.1723,B,0.054,33.0,126.93027,37.391527
18065,4117110100103950031,안양동,395-31,제1종근린생활시설,1989.0,3.0,1.0,0.1723,B,0.032,37.0,126.929421,37.392828
5410,4117310200114420001,관양동,1442-1,제2종근린생활시설,1991.0,1.0,1.0,0.1722,B,0.111,35.0,126.956459,37.402323
10148,4117110100106130012,안양동,613-12,제2종근린생활시설,1991.0,1.0,0.0,0.1721,B,0.053,35.0,126.923497,37.393087
16822,4117110100107070361,안양동,707-361,제1종근린생활시설,1992.0,3.0,1.0,0.1721,B,0.059,34.0,126.921095,37.394958
17123,4117110100107110322,안양동,711-322,제1종근린생활시설,1975.0,1.0,0.0,0.172,B,0.085,51.0,126.91925,37.396996
18569,4117310300101170003,평촌동,117-3,제1종근린생활시설,1980.0,3.0,1.0,0.172,B,0.15,46.0,126.974567,37.391595
27311,4117310100102920003,비산동,292-3,제1종근린생활시설,2003.0,5.0,1.0,0.1719,B,0.018,23.0,126.942561,37.407182
25437,4117310400108040009,호계동,804-9,제2종근린생활시설,1999.0,6.0,2.0,0.1719,B,0.0,27.0,126.960696,37.363485
9600,4117110100106890110,안양동,689-110,제1종근린생활시설,1985.0,4.0,1.0,0.1719,B,0.113,41.0,126.919705,37.401579
24995,4117310400110790001,호계동,1079-1,단독주택,1997.0,3.0,1.0,0.1718,B,0.1,29.0,126.96071,37.379763
1444,4117110100106880010,안양동,688-10,제2종근린생활시설,1980.0,4.0,1.0,0.1718,B,0.033,46.0,126.919137,37.404284
44802,4117110100108370008,안양동,837-8,제1종근린생활시설,2016.0,2.0,0.0,0.1718,B,0.108,10.0,126.915677,37.405236
21497,4117310400109110000,호계동,911,창고시설,1992.0,2.0,0.0,0.1718,B,0.167,34.0,126.946513,37.384918
22770,4117110100105000003,안양동,500-3,단독주택,1991.0,3.0,1.0,0.1717,B,0.049,35.0,126.928311,37.386179
706,4117110300106150000,박달동,615,공장,1996.0,3.0,1.0,0.1717,B,0.071,30.0,126.890601,37.407552
779,4117110200107800014,석수동,780-14,제1종근린생활시설,1988.0,3.0,1.0,0.1717,B,0.1,38.0,126.898195,37.406113
849,4117110200107640009,석수동,764-9,제1종근린생활시설,1990.0,3.0,1.0,0.1717,B,0.056,36.0,126.897996,37.405698
17264,4117110100106180045,안양동,618-45,공동주택,1991.0,4.0,1.0,0.1717,B,0.089,35.0,126.921374,37.390025
10402,4117110100104480022,안양동,448-22,제1종근린생활시설,1988.0,5.0,1.0,0.1716,B,0.065,38.0,126.923871,37.392265
3475,4117110100106890049,안양동,689-49,제1종근린생활시설,1988.0,6.0,1.0,0.1716,B,0.033,38.0,126.918747,37.402412
44527,4117110100108510023,안양동,851-23,공동주택,2016.0,5.0,0.0,0.1715,B,0.063,10.0,126.916079,37.407112
8589,4117110300100630009,박달동,63-9,단독주택,1977.0,2.0,0.0,0.1715,B,0.035,49.0,126.912462,37.40452
27797,4117310100105170006,비산동,517-6,단독주택,2004.0,4.0,0.0,0.1715,B,0.0,22.0,126.932953,37.403715
17690,4117110100103910010,안양동,391-10,제1종근린생활시설,1996.0,3.0,1.0,0.1714,B,0.048,30.0,126.928103,37.393729
46447,4117110100109730032,안양동,973-32,공동주택,2017.0,5.0,1.0,0.1714,B,0.062,9.0,126.906759,37.3937
13108,4117110100101640007,안양동,164-7,문화및집회시설,1983.0,3.0,1.0,0.1713,B,0.0,43.0,126.929893,37.396859
28226,4117310300109220008,평촌동,922-8,교육연구시설,2007.0,7.0,2.0,0.1713,B,0.39,19.0,126.961212,37.382542
26406,4117310400110260001,호계동,1026-1,공장,1992.0,3.0,1.0,0.1712,B,0.0,34.0,126.946263,37.372949
26986,4117310200108260000,관양동,826,공장,1992.0,1.0,0.0,0.1712,B,0.0,34.0,126.971347,37.399984
13159,4117110100100970003,안양동,97-3,제1종근린생활시설,1984.0,3.0,1.0,0.171,B,0.0,42.0,126.93019,37.397516
27453,4117110100108730124,안양동,873-124,공동주택,2001.0,4.0,1.0,0.171,B,0.276,25.0,126.917778,37.401161
21713,4117310300109280004,평촌동,928-4,단독주택,1996.0,4.0,1.0,0.1709,B,0.182,30.0,126.964167,37.383302
11704,4117310200114200018,관양동,1420-18,제1종근린생활시설,1986.0,2.0,1.0,0.1709,B,0.108,40.0,126.961095,37.404512
22638,4117310200108540000,관양동,854,자동차관련시설,1992.0,2.0,1.0,0.1709,B,0.05,34.0,126.972489,37.39759
25953,4117310400109710029,호계동,971-29,공동주택,2001.0,4.0,1.0,0.1709,B,0.1,25.0,126.95583,37.368342
24157,4117310200115040002,관양동,1504-2,위락시설,1987.0,3.0,1.0,0.1708,B,0.194,39.0,126.976316,37.398878
6490,4117110300100160024,박달동,16-24,단독주택,1974.0,1.0,0.0,0.1708,B,0.159,52.0,126.908939,37.404214
27469,4117110300101080007,박달동,108-7,제2종근린생활시설,1991.0,4.0,1.0,0.1708,B,0.143,35.0,126.905963,37.404095
18512,4117110100102060016,안양동,206-16,공장,2007.0,6.0,1.0,0.1708,B,0.111,19.0,126.938504,37.384274
28121,4117110200102720021,석수동,272-21,단독주택,2012.0,4.0,0.0,0.1708,B,0.047,14.0,126.909882,37.414289
25861,4117310400106390002,호계동,639-2,제1종근린생활시설,1984.0,3.0,1.0,0.1708,B,0.067,42.0,126.950987,37.367473
26816,4117310400109670059,호계동,967-59,제1종근린생활시설,2003.0,6.0,1.0,0.1707,B,0.0,23.0,126.956805,37.369738
2114,4117110200103090006,석수동,309-6,제1종근린생활시설,1990.0,3.0,1.0,0.1707,B,0.109,36.0,126.910035,37.410972
22733,4117310400109220001,호계동,922-1,자동차관련시설,2001.0,1.0,0.0,0.1707,B,0.048,25.0,126.94833,37.382879
15065,4117110100102040002,안양동,204-2,공장,1977.0,1.0,0.0,0.1707,B,0.167,49.0,126.938567,37.385834
3512,4117110100106930016,안양동,693-16,제2종근린생활시설,1981.0,2.0,1.0,0.1706,B,0.017,45.0,126.916574,37.40291
28473,4117310400110270018,호계동,1027-18,자동차관련시설,2009.0,1.0,2.0,0.1705,B,0.5,17.0,126.947674,37.370681
5675,4117310100103060052,비산동,306-52,제1종근린생활시설,1990.0,4.0,1.0,0.1703,B,0.011,36.0,126.942403,37.405831
6754,4117110300100160025,박달동,16-25,단독주택,1970.0,1.0,0.0,0.1702,B,0.156,56.0,126.908992,37.40414
14729,4117110100102190008,안양동,219-8,공장,2010.0,8.0,0.0,0.1702,B,0.0,16.0,126.938802,37.383161
19056,4117310400109250049,호계동,925-49,제1종근린생활시설,2014.0,6.0,0.0,0.1702,B,0.412,12.0,126.951995,37.413902
4834,4117110300100750024,박달동,75-24,제1종근린생활시설,1980.0,2.0,1.0,0.1702,B,0.134,46.0,126.912987,37.402755
13123,4117110100103980061,안양동,398-61,제1종근린생활시설,1985.0,2.0,1.0,0.1702,B,0.014,41.0,126.929831,37.380752
3099,4117110200102510003,석수동,251-3,제1종근린생활시설,1978.0,3.0,1.0,0.1701,B,0.25,48.0,126.906129,37.42179
25319,4117310400106700011,호계동,670-11,제2종근린생활시설,1989.0,2.0,0.0,0.1701,B,0.043,37.0,126.953212,37.368623
22956,4117110100105720005,안양동,572-5,업무시설,2005.0,14.0,5.0,0.1701,B,0.071,21.0,126.932772,37.384478
20473,4117310400110950011,호계동,1095-11,단독주택,1997.0,3.0,1.0,0.17,B,0.122,29.0,126.960162,37.376569
5647,4117310100110190029,비산동,1019-29,제2종근린생활시설,1988.0,4.0,1.0,0.17,B,0.061,38.0,126.948938,37.406758
12409,4117310100100060003,비산동,6-3,제2종근린생활시설,1996.0,1.0,0.0,0.17,B,0.5,30.0,126.951998,37.412671
17395,4117110100104130001,안양동,413-1,단독주택,1990.0,4.0,1.0,0.1699,B,0.039,36.0,126.927654,37.392902
16806,4117110100107070250,안양동,707-250,제2종근린생활시설,1990.0,5.0,1.0,0.1699,B,0.055,36.0,126.919081,37.394933
2880,4117110300100230001,박달동,23-1,제1종근린생활시설,1990.0,4.0,1.0,0.1698,B,0.07,36.0,126.90829,37.406492
24051,4117310400109380024,호계동,938-24,제2종근린생활시설,2001.0,4.0,0.0,0.1698,B,0.023,25.0,126.955138,37.37725
2504,4117110100108210052,안양동,821-52,노유자시설,2012.0,5.0,0.0,0.1698,B,0.111,14.0,126.912017,37.407966
12448,4117310200114660006,관양동,1466-6,제1종근린생활시설,1981.0,3.0,1.0,0.1698,B,0.034,45.0,126.969229,37.404454
44496,4117110100108470006,안양동,847-6,제1종근린생활시설,2014.0,1.0,0.0,0.1697,B,0.017,12.0,126.916828,37.404941
16669,4117110100103940078,안양동,394-78,제1종근린생활시설,1982.0,3.0,1.0,0.1696,B,0.056,44.0,126.932418,37.382481
25800,4117310400111100003,호계동,1110-3,단독주택,1997.0,3.0,1.0,0.1694,B,0.108,29.0,126.963911,37.37307
28658,4117310200109810009,관양동,981-9,제2종근린생활시설,2010.0,5.0,0.0,0.1694,B,0.077,16.0,126.9697,37.392562
13714,4117310100104190009,비산동,419-9,제1종근린생활시설,1990.0,3.0,1.0,0.1693,B,0.0,36.0,126.940609,37.397406
16124,4117110100107110317,안양동,711-317,제2종근린생활시설,1983.0,4.0,1.0,0.1693,B,0.105,43.0,126.918922,37.395748
18469,4117110100104020029,안양동,402-29,제1종근린생활시설,1992.0,3.0,1.0,0.1693,B,0.023,34.0,126.927694,37.38123
26114,4117310400106660006,호계동,666-6,제1종근린생활시설,1988.0,2.0,1.0,0.1693,B,0.019,38.0,126.953939,37.367738
18642,4117110100105430013,안양동,543-13,제1종근린생활시설,1988.0,2.0,1.0,0.1693,B,0.083,38.0,126.929457,37.384469
18083,4117110100107140109,안양동,714-109,제1종근린생활시설,1990.0,5.0,1.0,0.1692,B,0.059,36.0,126.917791,37.395162
36195,4117310200109000009,관양동,900-9,제2종근린생활시설,2006.0,1.0,0.0,0.1692,B,0.0,20.0,126.971524,37.395543
2412,4117110100108210070,안양동,821-70,제1종근린생활시설,1989.0,3.0,1.0,0.1691,B,0.094,37.0,126.912342,37.408092
5980,4117310100105190002,비산동,519-2,제2종근린생활시설,1995.0,4.0,1.0,0.1691,B,0.0,31.0,126.932628,37.403077
5131,4117110200103200025,석수동,320-25,단독주택,1997.0,3.0,1.0,0.1691,B,0.058,29.0,126.911339,37.412199
5420,4117310100110520002,비산동,1052-2,제1종근린생활시설,1993.0,5.0,1.0,0.1691,B,0.111,33.0,126.952475,37.402544
3340,4117110200102710033,석수동,271-33,제1종근린생활시설,1991.0,4.0,1.0,0.169,B,0.075,35.0,126.910507,37.413552
26264,4117310400109660018,호계동,966-18,숙박시설,1986.0,3.0,1.0,0.1689,B,0.118,40.0,126.954379,37.368755
13652,4117310400109180033,호계동,918-33,종교시설,2006.0,3.0,1.0,0.1689,B,0.034,20.0,126.949727,37.384828
18883,4117310400109230008,호계동,923-8,제1종근린생활시설,1992.0,2.0,1.0,0.1689,B,0.0,34.0,126.951405,37.383884
18873,4117310400109180022,호계동,918-22,노유자시설,1991.0,4.0,1.0,0.1689,B,0.04,35.0,126.950846,37.385333
21114,4117310400109230013,호계동,923-13,제2종근린생활시설,1994.0,5.0,1.0,0.1688,B,0.04,32.0,126.952033,37.383211
3413,4117110100106950084,안양동,695-84,제2종근린생활시설,1982.0,2.0,1.0,0.1688,B,0.076,44.0,126.91694,37.402521
672,4117110200105300001,석수동,530-1,공장,1984.0,1.0,0.0,0.1688,B,0.333,42.0,126.899184,37.424742
847,4117110200107640001,석수동,764-1,단독주택,1988.0,4.0,1.0,0.1688,B,0.092,38.0,126.897654,37.406621
14080,4117310400101830002,호계동,183-2,공장,1975.0,1.0,0.0,0.1687,B,0.0,51.0,126.943001,37.381632
13527,4117110100107070017,안양동,707-17,제1종근린생활시설,1982.0,4.0,1.0,0.1687,B,0.094,44.0,126.918914,37.395338
45206,4117110100110880054,안양동,1088-54,단독주택,2016.0,4.0,0.0,0.1687,B,0.2,10.0,126.900812,37.383137
13430,4117310100104060000,비산동,406,제1종근린생활시설,1979.0,2.0,1.0,0.1686,B,0.0,47.0,126.942401,37.398503
6366,4117310100110300005,비산동,1030-5,제2종근린생활시설,1991.0,6.0,1.0,0.1685,B,0.059,35.0,126.950112,37.405161
18143,4117110100106760210,안양동,676-210,제2종근린생활시설,1986.0,3.0,1.0,0.1685,B,0.133,40.0,126.920211,37.396599
11699,4117310200113910020,관양동,1391-20,제1종근린생활시설,1989.0,3.0,1.0,0.1685,B,0.032,37.0,126.955999,37.405817
28756,4117310400105550016,호계동,555-16,공장,2013.0,8.0,3.0,0.1685,B,0.0,13.0,126.949897,37.373788
25216,4117310300100870001,평촌동,87-1,제1종근린생활시설,2000.0,1.0,0.0,0.1685,B,0.053,26.0,126.97508,37.394689
48361,4117110100102040015,안양동,204-15,공장,2017.0,6.0,1.0,0.1684,B,0.111,9.0,126.938161,37.384877
25421,4117310400109860001,호계동,986-1,위험물저장및처리시설,1997.0,2.0,1.0,0.1684,B,0.051,29.0,126.957466,37.374595
17129,4117110100106760024,안양동,676-24,제2종근린생활시설,1971.0,3.0,0.0,0.1684,B,0.127,55.0,126.919888,37.398707
18903,4117310400110530003,호계동,1053-3,제1종근린생활시설,1994.0,2.0,1.0,0.1684,B,0.0,32.0,126.953675,37.385555
25728,4117310400109440023,호계동,944-23,제1종근린생활시설,1994.0,3.0,1.0,0.1683,B,0.0,32.0,126.955995,37.374772
12294,4117310200113930000,관양동,1393,제1종근린생활시설,1988.0,3.0,1.0,0.1683,B,0.056,38.0,126.955013,37.407474
9491,4117110200102990003,석수동,299-3,단독주택,1996.0,3.0,1.0,0.1682,B,0.096,30.0,126.909092,37.410047
22190,4117110100104670025,안양동,467-25,제1종근린생활시설,1990.0,4.0,1.0,0.1682,B,0.057,36.0,126.926138,37.391052
3387,4117110300100680021,박달동,68-21,제1종근린생활시설,1996.0,4.0,1.0,0.1682,B,0.152,30.0,126.910728,37.402434
2515,4117110200106310002,석수동,631-2,단독주택,1991.0,4.0,1.0,0.1681,B,0.043,35.0,126.900435,37.408443
3051,4117110200102860017,석수동,286-17,제1종근린생활시설,1979.0,2.0,1.0,0.1681,B,0.103,47.0,126.907428,37.413388
2143,4117110200102860015,석수동,286-15,제1종근린생활시설,1979.0,2.0,1.0,0.1681,B,0.091,47.0,126.907681,37.41352
48020,4117110100106890180,안양동,689-180,제1종근린생활시설,1981.0,7.0,1.0,0.168,B,0.178,45.0,126.919675,37.401339
8282,4117110100108730125,안양동,873-125,공동주택,1994.0,4.0,1.0,0.168,B,0.293,32.0,126.917948,37.401132
8283,4117110100106950154,안양동,695-154,공동주택,1994.0,4.0,1.0,0.168,B,0.293,32.0,126.918127,37.401135
16665,4117110100103470009,안양동,347-9,제1종근린생활시설,1985.0,2.0,1.0,0.168,B,0.103,41.0,126.935443,37.382509
2740,4117110100106680002,안양동,668-2,제1종근린생활시설,1974.0,3.0,0.0,0.168,B,0.14,52.0,126.920998,37.402246
2701,4117110100106880036,안양동,688-36,제2종근린생활시설,1989.0,3.0,1.0,0.168,B,0.0,37.0,126.918711,37.404371
2306,4117110100108470047,안양동,847-47,제1종근린생활시설,1994.0,3.0,1.0,0.168,B,0.017,32.0,126.917889,37.403826
2111,4117110100108360004,안양동,836-4,제2종근린생활시설,1980.0,2.0,1.0,0.1679,B,0.183,46.0,126.913753,37.407624
1457,4117110100106880004,안양동,688-4,제2종근린생활시설,1980.0,3.0,1.0,0.1679,B,0.089,46.0,126.919666,37.404018
26605,4117310400108590023,호계동,859-23,제2종근린생활시설,2004.0,4.0,1.0,0.1679,B,0.103,22.0,126.964788,37.362011
9949,4117110100106740157,안양동,674-157,제1종근린생활시설,1989.0,4.0,1.0,0.1679,B,0.174,37.0,126.924097,37.399077
25577,4117310400108590050,호계동,859-50,제1종근린생활시설,1986.0,3.0,1.0,0.1678,B,0.05,40.0,126.963201,37.362332
11734,4117310200114460005,관양동,1446-5,제1종근린생활시설,1981.0,0.0,0.0,0.1678,B,0.167,45.0,126.960798,37.403429
15379,4117110100102130021,안양동,213-21,제2종근린생활시설,1988.0,1.0,0.0,0.1678,B,0.083,38.0,126.934272,37.388594
1942,4117110200102670005,석수동,267-5,제1종근린생활시설,1981.0,2.0,1.0,0.1678,B,0.1,45.0,126.908665,37.418309
25035,4117310200114980011,관양동,1498-11,제2종근린생활시설,2008.0,5.0,0.0,0.1677,B,0.208,18.0,126.976243,37.397872
50905,4117110200108200009,석수동,820-9,제1종근린생활시설,2018.0,3.0,1.0,0.1677,B,0.364,8.0,126.922167,37.419212
24815,4117310200114950028,관양동,1495-28,제1종근린생활시설,1988.0,3.0,1.0,0.1677,B,0.25,38.0,126.974577,37.398542
18922,4117310400109340026,호계동,934-26,제1종근린생활시설,1988.0,2.0,1.0,0.1677,B,0.04,38.0,126.953999,37.379588
33080,4117310200114620014,관양동,1462-14,공동주택,2014.0,5.0,0.0,0.1677,B,0.121,12.0,126.965914,37.402923
12928,4117310200114830032,관양동,1483-32,단독주택,1996.0,3.0,1.0,0.1677,B,0.123,30.0,126.97307,37.401049
28861,4117310200117320008,관양동,1732-8,단독주택,2012.0,4.0,0.0,0.1677,B,0.162,14.0,126.969631,37.405829
14038,4117110100106270041,안양동,627-41,공동주택,2012.0,7.0,0.0,0.1677,B,0.105,14.0,126.923133,37.395547
13142,4117110100105040023,안양동,504-23,숙박시설,1990.0,5.0,1.0,0.1676,B,0.077,36.0,126.930423,37.387131
18400,4117310200116590022,관양동,1659-22,단독주택,2013.0,3.0,0.0,0.1676,B,0.0,13.0,126.973736,37.410286
18725,4117110100105550008,안양동,555-8,단독주택,1993.0,3.0,1.0,0.1675,B,0.033,33.0,126.929333,37.383212
27733,4117110200104770002,석수동,477-2,제1종근린생활시설,1992.0,2.0,1.0,0.1675,B,0.5,34.0,126.899253,37.427228
3534,4117110100108570047,안양동,857-47,제2종근린생활시설,2006.0,5.0,0.0,0.1675,B,0.11,20.0,126.91411,37.408033
17357,4117310200114900004,관양동,1490-4,제2종근린생활시설,2011.0,1.0,0.0,0.1674,B,0.131,15.0,126.974645,37.401528
2304,4117110100108380023,안양동,838-23,단독주택,1999.0,4.0,1.0,0.1674,B,0.059,27.0,126.915845,37.403997
3284,4117110200102650013,석수동,265-13,제2종근린생활시설,1996.0,2.0,0.0,0.1674,B,0.316,30.0,126.907131,37.416999
22690,4117310400109160005,호계동,916-5,제2종근린생활시설,2004.0,3.0,0.0,0.1674,B,0.111,22.0,126.949774,37.387203
21404,4117310400109260000,호계동,926,제2종근린생활시설,1983.0,1.0,1.0,0.1674,B,0.017,43.0,126.951983,37.382359
17478,4117110100107160003,안양동,716-3,제2종근린생활시설,2006.0,4.0,1.0,0.1673,B,0.094,20.0,126.915777,37.393866
21520,4117310200116930000,관양동,1693,단독주택,2012.0,4.0,0.0,0.1672,B,0.0,14.0,126.970723,37.407992
3522,4117110100106740086,안양동,674-86,제2종근린생활시설,1971.0,2.0,0.0,0.1671,B,0.113,55.0,126.923033,37.400127
13723,4117310100104120007,비산동,412-7,제2종근린생활시설,1993.0,2.0,1.0,0.1671,B,0.036,33.0,126.936732,37.397678
25812,4117310400111100005,호계동,1110-5,단독주택,1996.0,4.0,1.0,0.1671,B,0.0,30.0,126.964092,37.372972
12113,4117310100110380032,비산동,1038-32,제1종근린생활시설,1988.0,3.0,1.0,0.167,B,0.052,38.0,126.950596,37.40405
11905,4117310200114060044,관양동,1406-44,제1종근린생활시설,1984.0,2.0,1.0,0.167,B,0.137,42.0,126.960182,37.404198
28863,4117310200116940007,관양동,1694-7,단독주택,2012.0,4.0,0.0,0.167,B,0.026,14.0,126.969784,37.407497
8721,4117310100105030002,비산동,503-2,단독주택,1996.0,4.0,1.0,0.1669,B,0.0,30.0,126.933854,37.40344
28759,4117310200116940004,관양동,1694-4,단독주택,2013.0,4.0,0.0,0.1669,B,0.024,13.0,126.970233,37.407286
10246,4117310200116950004,관양동,1695-4,단독주택,2013.0,4.0,0.0,0.1669,B,0.024,13.0,126.9701,37.407095
28736,4117310200114490006,관양동,1449-6,공동주택,2012.0,6.0,1.0,0.1669,B,0.037,14.0,126.961775,37.402196
27858,4117310400109240006,호계동,924-6,공동주택,2009.0,5.0,0.0,0.1668,B,0.03,17.0,126.94963,37.38234
51858,4117110100109730034,안양동,973-34,공동주택,2017.0,4.0,1.0,0.1667,B,0.061,9.0,126.907179,37.393628
14343,4117110100105340003,안양동,534-3,단독주택,1982.0,3.0,1.0,0.1667,B,0.12,44.0,126.934374,37.385083
5861,4117110100108230040,안양동,823-40,단독주택,2006.0,4.0,0.0,0.1667,B,0.054,20.0,126.913075,37.405463
21720,4117310300109130002,평촌동,913-2,제1종근린생활시설,1993.0,2.0,1.0,0.1666,B,0.068,33.0,126.964255,37.384169
6318,4117110100113610007,안양동,1361-7,제2종근린생활시설,2006.0,3.0,1.0,0.1666,B,0.176,20.0,126.928905,37.419881
13853,4117110100104470005,안양동,447-5,단독주택,2007.0,4.0,0.0,0.1665,B,0.057,19.0,126.923839,37.392863
2967,4117110300100610043,박달동,61-43,제1종근린생활시설,1994.0,2.0,0.0,0.1665,B,0.176,32.0,126.910734,37.404044
42867,4117110200102950007,석수동,295-7,교육연구시설,2015.0,4.0,1.0,0.1664,B,0.079,11.0,126.908464,37.409946
17413,4117110100104940005,안양동,494-5,단독주택,1997.0,3.0,0.0,0.1664,B,0.088,29.0,126.928266,37.386976
297,4117110200104130002,석수동,413-2,제1종근린생활시설,2007.0,2.0,1.0,0.1664,B,0.0,19.0,126.90264,37.43054
27553,4117110200103960002,석수동,396-2,제2종근린생활시설,2007.0,4.0,0.0,0.1663,B,0.0,19.0,126.904355,37.427523
11426,4117110100107650008,안양동,765-8,제1종근린생활시설,1989.0,4.0,1.0,0.1663,B,0.167,37.0,126.912916,37.394534
17775,4117110100106220158,안양동,622-158,문화및집회시설,1992.0,4.0,2.0,0.1663,B,0.129,34.0,126.924503,37.397636
5266,4117310100104920001,비산동,492-1,제1종근린생활시설,1990.0,4.0,1.0,0.1663,B,0.0,36.0,126.933525,37.402672
3350,4117110100109030013,안양동,903-13,제1종근린생활시설,1980.0,3.0,1.0,0.1662,B,0.148,46.0,126.912737,37.401155
15848,4117310200114420009,관양동,1442-9,제2종근린생활시설,2007.0,4.0,1.0,0.1662,B,0.087,19.0,126.956509,37.402565
21196,4117310400101830002,호계동,183-2,공장,1994.0,2.0,0.0,0.1661,B,0.0,32.0,126.944691,37.38269
19927,4117310400110720015,호계동,1072-15,제1종근린생활시설,1994.0,3.0,1.0,0.1661,B,0.087,32.0,126.959151,37.381095
37763,4117310200117220002,관양동,1722-2,자동차관련시설,2016.0,7.0,2.0,0.1659,B,0.0,10.0,126.97284,37.40595
20834,4117110100103420033,안양동,342-33,제1종근린생활시설,1989.0,4.0,1.0,0.1659,B,0.043,37.0,126.936772,37.379427
2091,4117110200102930007,석수동,293-7,단독주택,2003.0,3.0,0.0,0.1658,B,0.08,23.0,126.906678,37.411594
19090,4117110100103930019,안양동,393-19,제1종근린생활시설,1996.0,3.0,1.0,0.1658,B,0.014,30.0,126.929504,37.393566
13356,4117310400102810000,호계동,281,제1종근린생활시설,1992.0,1.0,0.0,0.1658,B,0.015,34.0,126.949419,37.380719
11159,4117110100109560001,안양동,956-1,제1종근린생활시설,1986.0,4.0,1.0,0.1658,B,0.103,40.0,126.913381,37.396778
13432,4117310400108980005,호계동,898-5,공장,1984.0,5.0,0.0,0.1658,B,0.0,42.0,126.94201,37.38887
15723,4117110100105040006,안양동,504-6,제2종근린생활시설,1982.0,3.0,1.0,0.1658,B,0.085,44.0,126.930856,37.387041
3422,4117110100106950140,안양동,695-140,제1종근린생활시설,1982.0,3.0,1.0,0.1657,B,0.171,44.0,126.917562,37.401844
10433,4117110100106180100,안양동,618-100,노유자시설,1998.0,2.0,1.0,0.1657,B,0.04,28.0,126.918745,37.389936
3119,4117110200100830007,석수동,83-7,제1종근린생활시설,2001.0,3.0,0.0,0.1657,B,0.125,25.0,126.912164,37.422824
241,4117110200103950000,석수동,395,제1종근린생활시설,2003.0,1.0,0.0,0.1657,B,0.0,23.0,126.907278,37.427546
20184,4117310400110780005,호계동,1078-5,단독주택,1994.0,3.0,1.0,0.1656,B,0.092,32.0,126.960632,37.379085
12125,4117310100110380012,비산동,1038-12,제1종근린생활시설,1983.0,2.0,1.0,0.1656,B,0.038,43.0,126.951584,37.403996
25138,4117110100107840024,안양동,784-24,노유자시설,2012.0,4.0,1.0,0.1655,B,0.066,14.0,126.915071,37.397897
14381,4117110100101930016,안양동,193-16,제2종근린생활시설,1991.0,5.0,1.0,0.1655,B,0.074,35.0,126.935021,37.390853
19527,4117310300109190001,평촌동,919-1,단독주택,1996.0,3.0,1.0,0.1655,B,0.175,30.0,126.962269,37.383542
17012,4117110100104750018,안양동,475-18,제2종근린생활시설,1993.0,5.0,1.0,0.1655,B,0.031,33.0,126.926847,37.390177
737,4117110300106150000,박달동,615,공장,1997.0,2.0,0.0,0.1654,B,0.0,29.0,126.890711,37.408302
27470,4117110300106040025,박달동,604-25,제1종근린생활시설,2005.0,6.0,2.0,0.1654,B,0.052,21.0,126.897486,37.401487
23346,4117310300100920002,평촌동,92-2,노유자시설,1998.0,2.0,1.0,0.1653,B,0.114,28.0,126.976055,37.393843
782,4117110200107790012,석수동,779-12,단독주택,1989.0,3.0,1.0,0.1653,B,0.042,37.0,126.898547,37.405135
14448,4117110100102030013,안양동,203-13,공장,1997.0,2.0,0.0,0.1653,B,0.067,29.0,126.937329,37.38544
27996,4117110100110600003,안양동,1060-3,제2종근린생활시설,2006.0,4.0,0.0,0.1652,B,0.0,20.0,126.903261,37.384777
27491,4117110100104410001,안양동,441-1,제1종근린생활시설,2007.0,2.0,0.0,0.1652,B,0.059,19.0,126.930461,37.389606
2492,4117110100108340001,안양동,834-1,제2종근린생활시설,1994.0,5.0,1.0,0.1651,B,0.128,32.0,126.913751,37.40637
2573,4117110100106950207,안양동,695-207,의료시설,1981.0,5.0,1.0,0.1651,B,0.302,45.0,126.919198,37.400675
22696,4117310400108980026,호계동,898-26,공장,2001.0,5.0,0.0,0.165,B,0.1,25.0,126.942639,37.387894
3396,4117110100109030007,안양동,903-7,제1종근린생활시설,1988.0,3.0,1.0,0.165,B,0.134,38.0,126.912284,37.40113
28351,4117110300100440005,박달동,44-5,창고시설,2003.0,1.0,0.0,0.165,B,0.062,23.0,126.90753,37.404398
6320,4117110100113610003,안양동,1361-3,제2종근린생활시설,2006.0,3.0,1.0,0.165,B,0.143,20.0,126.928158,37.419785
5737,4117310200114430000,관양동,1443,제2종근린생활시설,1994.0,4.0,1.0,0.165,B,0.133,32.0,126.957226,37.402702
11490,4117310200114330014,관양동,1433-14,제1종근린생활시설,1987.0,2.0,1.0,0.1649,B,0.037,39.0,126.966061,37.405281
17781,4117110100109440004,안양동,944-4,제1종근린생활시설,1992.0,1.0,0.0,0.1649,B,0.082,34.0,126.913264,37.397491
18601,4117310200114950018,관양동,1495-18,근린생활시설,1992.0,4.0,1.0,0.1649,B,0.169,34.0,126.974346,37.398709
